"Path","Hash"
"C:\Users\PC\Dragon_Tower\Assets\Art.meta","912CE51AD39B0D5534172A8ECC3113748FD521FE88C60FBF0F6E7A0D0C6D741C"
"C:\Users\PC\Dragon_Tower\Assets\Data.meta","6C73F7E4321CACF5F9BE1DC18B8909D9C88BB20DF5889419660239346D5A313F"
"C:\Users\PC\Dragon_Tower\Assets\Editor.meta","38DE065EACFEB3E894476E77815121A3AEDCBC53A2B1D317F42549DE4410BCF8"
"C:\Users\PC\Dragon_Tower\Assets\Eric VFX Studio.meta","9BF2D70E5859BCDE0F23295A1EAF56BF2D78FAE36E5FA7227B5F5D930B917B1F"
"C:\Users\PC\Dragon_Tower\Assets\Fonts.meta","CBB12BDEE852E017B16EE261084788FFD3BA2AED2AB9DCAB075B97984B79CC9D"
"C:\Users\PC\Dragon_Tower\Assets\Resources.meta","CC28DE7E9038D6D381DF5363CB7CBE87B9EA67225FE9C5F0D10098533DCBE0C5"
"C:\Users\PC\Dragon_Tower\Assets\Scenes.meta","2F2DE4A475019F51DF3AF13C57810B8405AF55774ABD1B04C15F369BE2A309D1"
"C:\Users\PC\Dragon_Tower\Assets\Scripts.meta","26BC7D5332D85185F37CDAF50784D011CFB376C7CBB16004C74ADB2594639AE5"
"C:\Users\PC\Dragon_Tower\Assets\WebGLTemplates.meta","3A07C4D45EC440A4610C0C7F966242CC48642C2D129DCC77ECB83F4090C29737"
"C:\Users\PC\Dragon_Tower\Assets\Art\Evolution.meta","2ADFBC36DE21FD3C0576D99F2D02613E6CC4082625B0E298F5CBA14C44DF8F3A"
"C:\Users\PC\Dragon_Tower\Assets\Art\PixelBattle.meta","2E0BA1D83F323747F73C0B8D4144AD750DE72366AF33358870EFE51BE196B43B"
"C:\Users\PC\Dragon_Tower\Assets\Art\UpperTower.meta","C7F69D6AD17E7D16D27472AD05D792EDD7816631186A8D6B9DEDC3A732ADFD4D"
"C:\Users\PC\Dragon_Tower\Assets\Art\ZephyrAttack.meta","F36CB47F6DBC2BEC71FABF77619F6308EDB672862EEF943B5C4812AE236231B0"
"C:\Users\PC\Dragon_Tower\Assets\Art\ZephyrBattleRenewal.meta","F41A125357851BD47EDFBAF921BB4F39F6BDFEAFFEDC9C31840F1FA0E75FE5BC"
"C:\Users\PC\Dragon_Tower\Assets\Art\ZephyrDeath.meta","715E6287012F771BE06BCF82718FEBA1E082EF54BD8DE85C5FBB943D71C01419"
"C:\Users\PC\Dragon_Tower\Assets\Art\ZephyrDodge.meta","C8540B23E579116C5206EB56CB304A21D0736377B10452422980667DC05279D2"
"C:\Users\PC\Dragon_Tower\Assets\Art\ZephyrHit.meta","AB0B5559BF9CD7452CBFD1D54AB6D776B4B6DD758242708D08E6383C5A9F71D0"
"C:\Users\PC\Dragon_Tower\Assets\Art\ZephyrIdle.meta","C0CE2D7B574E2671D48685D75CDE57783D1EEADFDDAB1CCB27A6F83D565B7368"
"C:\Users\PC\Dragon_Tower\Assets\Art\ZephyrSkill.meta","C687102D2D4DD6A8C1BA111D6853D46A245B1B940A6E26949C4D3F5B34958AE3"
"C:\Users\PC\Dragon_Tower\Assets\Art\Evolution\aurora-evolution-sheet.png","F046B25D1CE617B8677B61A5497136EF9422E590E2A76BDB93E8D72290B3EA8F"
"C:\Users\PC\Dragon_Tower\Assets\Art\Evolution\aurora-evolution-sheet.png.meta","C40D4A4327558FFB5C7DA0A8FE25E261BE3BDC50688F3BEE5C8ED5F380BCE668"
"C:\Users\PC\Dragon_Tower\Assets\Art\Evolution\brandy-evolution.png","CEA53B7018D9B97CECA3F75F2F07FA58B848F29BDB4A8127D30F535CD4EE3B83"
"C:\Users\PC\Dragon_Tower\Assets\Art\Evolution\brandy-evolution.png.meta","A98239865AFC42127C8C743CB9CAFF5B36DC9E739C524CF550F3AF26C1267FA2"
"C:\Users\PC\Dragon_Tower\Assets\Art\Evolution\chrono-evolution-sheet.png","53434CD21EBE54EC458B3A8DF758CB26A2C0189B528247F6EB90698F2683C8FE"
"C:\Users\PC\Dragon_Tower\Assets\Art\Evolution\chrono-evolution-sheet.png.meta","A2EEEE4A1690ECDEB9247C38FEAA2D8398DE24F5A8DCA414144281C1832A0101"
"C:\Users\PC\Dragon_Tower\Assets\Art\Evolution\dante-evolution.png","11E6D68E6F4B5E5048F26E106505B76FF0AD39EE3940A8BE5EFE9B641EFE1FDA"
"C:\Users\PC\Dragon_Tower\Assets\Art\Evolution\dante-evolution.png.meta","5C7368AF0F75A31E2EA577EF14A2FCA78A3E5DD584209F46E73BA310049A4C7E"
"C:\Users\PC\Dragon_Tower\Assets\Art\Evolution\ember-evolution.png","425C7B9A86C7341DAB715DF6E02524E2F338FE65F0B6FFF93F4D6953DC147CCE"
"C:\Users\PC\Dragon_Tower\Assets\Art\Evolution\ember-evolution.png.meta","C5EACC122CF6259769220CED96D19804D79DE5C276E8891A8F4DD90FBD28244E"
"C:\Users\PC\Dragon_Tower\Assets\Art\Evolution\luna-evolution.png","09D6C3B38F414C7A250CFCF79231D6A0068085160BF44DFFBD5A3AEFCF87781F"
"C:\Users\PC\Dragon_Tower\Assets\Art\Evolution\luna-evolution.png.meta","8CC694489F97BA7D2DAE55BF401B7E680443D499B1854C09EDC651B7FD6DCAC7"
"C:\Users\PC\Dragon_Tower\Assets\Art\Evolution\mir-evolution-sheet.png","CC7A4E12AD867E2990E91B04D085BE9ABE3856DB5894D5C886D9FC5013B38E22"
"C:\Users\PC\Dragon_Tower\Assets\Art\Evolution\mir-evolution-sheet.png.meta","AC3612A1A23BFC5E1E39163ECB5ED0111F4964731FF0B3C9D5DE790730ACE0FF"
"C:\Users\PC\Dragon_Tower\Assets\Art\Evolution\nova-evolution.png","12CEA77B486963CDDE2105A0625F00646E9732DF75B1E690B6DB932D2EB8F347"
"C:\Users\PC\Dragon_Tower\Assets\Art\Evolution\nova-evolution.png.meta","0EEF3905939B143435C7670F57457B5172AECDC2317EC08CA707828BFFAE8573"
"C:\Users\PC\Dragon_Tower\Assets\Art\Evolution\okta-evolution.png","BA1680A7D5523469AB98B1B2354A8EEB4B0D29F5AAE42171B5345AEDBADD3C55"
"C:\Users\PC\Dragon_Tower\Assets\Art\Evolution\okta-evolution.png.meta","42913061F9E7F661AF10F44E9C872A47333A45BE2C47B400E76D085E73A1E89F"
"C:\Users\PC\Dragon_Tower\Assets\Art\Evolution\Separated.meta","4B28A5F0487FE67B73DCB573E02C7A8C630BCCA796C7C2C9ABEA5526212450C4"
"C:\Users\PC\Dragon_Tower\Assets\Art\Evolution\sharkid-evolution-sheet.png","2CFF676FA19E661841C7686B2FFAA57F671CF6802B30F0A953A981A013F4B064"
"C:\Users\PC\Dragon_Tower\Assets\Art\Evolution\sharkid-evolution-sheet.png.meta","D99BA5966BCEFC607969471E89B5E4B88EA08FFFD33387868D86201FBDEC936E"
"C:\Users\PC\Dragon_Tower\Assets\Art\Evolution\sol-evolution-sheet.png","98A0FFDBD77914C8BF59FA026710571E3DB7365609FA2157B83A1D4F1BEAF2F4"
"C:\Users\PC\Dragon_Tower\Assets\Art\Evolution\sol-evolution-sheet.png.meta","2E4C7A080BD690033B3D132C0159641D7765B78BE846BD79CFE85841F2815AC6"
"C:\Users\PC\Dragon_Tower\Assets\Art\Evolution\storm-evolution-sheet.png","052D58F6C98AD07ACE07AD6B026B7BFE349A59578F00EFA4130A99188687C87A"
"C:\Users\PC\Dragon_Tower\Assets\Art\Evolution\storm-evolution-sheet.png.meta","EA82336AE248B2B5CD31E401B3E7C604835DA341EAB3B71F8F2B4C223724EED0"
"C:\Users\PC\Dragon_Tower\Assets\Art\Evolution\titan-evolution-sheet.png","8ED632D2EAE8CEC96868C56C53DA6AE2A5EE5C8EBA3A80917A564250449F1446"
"C:\Users\PC\Dragon_Tower\Assets\Art\Evolution\titan-evolution-sheet.png.meta","6B10570FDF1D5C75022693146BF651F6009C2EF943B78E343758C60A630158DF"
"C:\Users\PC\Dragon_Tower\Assets\Art\Evolution\venom-evolution-sheet.png","E63EE18904EE92BF3DCA631A92F755730F052C94689A3008391C58B95213DD4D"
"C:\Users\PC\Dragon_Tower\Assets\Art\Evolution\venom-evolution-sheet.png.meta","F3B6142AED65F60031043BCE4F7014B3DE7BE26F5B2286B5D998E457D55BB26B"
"C:\Users\PC\Dragon_Tower\Assets\Art\Evolution\volt-evolution.png","E617969AF8008A96DF8317BB0AF68359C2032E5929D0FF970E69E1E340A9A66F"
"C:\Users\PC\Dragon_Tower\Assets\Art\Evolution\volt-evolution.png.meta","4FDC8EBB6AD390052B805E982924865594889C86AF671F18C37EC98287C8D9C1"
"C:\Users\PC\Dragon_Tower\Assets\Art\Evolution\zephyr-evolution.png","91C88161EAA51A991C7B3350527ADC17C934654735FDC0C53304A5F0B6D493BD"
"C:\Users\PC\Dragon_Tower\Assets\Art\Evolution\zephyr-evolution.png.meta","B53D8F05E721D4B6946AFD8189ABBBDAC395D520C052DA7892C95F0769FAA0A8"
"C:\Users\PC\Dragon_Tower\Assets\Art\Evolution\Separated\aurora-base.png","60A2B8F56E16564A9971CDCEED4B58E23B1D12DF72167FF7E86D81935363F2CE"
"C:\Users\PC\Dragon_Tower\Assets\Art\Evolution\Separated\aurora-base.png.meta","B5495F871A8549C00248D7BAA862EDA18A1CF89C6D89790030D0DBCF5723DFB8"
"C:\Users\PC\Dragon_Tower\Assets\Art\Evolution\Separated\aurora-final.png","5DBB73B53A2026AC4A84497D21BF14EC3B33F495DF71C697A1D991904BA012AF"
"C:\Users\PC\Dragon_Tower\Assets\Art\Evolution\Separated\aurora-final.png.meta","CCAE293E32A85C0F843FBF4CB1D7BD61DB64E32EA132DDED6AE6105BFE56957F"
"C:\Users\PC\Dragon_Tower\Assets\Art\Evolution\Separated\aurora-intermediate.png","5526111D2E47FFC7E5EEC36BA472E890F7E77B6A32B6554CA65C51DA4258FCC0"
"C:\Users\PC\Dragon_Tower\Assets\Art\Evolution\Separated\aurora-intermediate.png.meta","75A44F8672D164F545050AE93645012AF8881A5CA019F41387793B6FCEE4189C"
"C:\Users\PC\Dragon_Tower\Assets\Art\Evolution\Separated\brandy-base.png","1DDD2BFC94B7A35708239BB1BEAD4F3BEB58B3850558EFBA99ADD70B56C68FDE"
"C:\Users\PC\Dragon_Tower\Assets\Art\Evolution\Separated\brandy-base.png.meta","81CBEA182977183F46CCCEBA46666D64615C910B15FFB74B10895079D17316BC"
"C:\Users\PC\Dragon_Tower\Assets\Art\Evolution\Separated\brandy-final.png","EC32D5285D20B0242F1A16C48A448949C07AAE7687E9BE3E3259BE75B0EA7E34"
"C:\Users\PC\Dragon_Tower\Assets\Art\Evolution\Separated\brandy-final.png.meta","A85061F2E2A73474A44E6B8DC8A0C380E13F0E7EF0E24C481454030C6419F71A"
"C:\Users\PC\Dragon_Tower\Assets\Art\Evolution\Separated\brandy-intermediate.png","390897FA7FACFD3A03588C7BAB8C68B75BD94B1CBB77FA1E53929F39A2291EB6"
"C:\Users\PC\Dragon_Tower\Assets\Art\Evolution\Separated\brandy-intermediate.png.meta","B3D3413C331DB954D2CDD188C787D82CB56ECD2B7E48CF6B6D4CD8BD4BD12212"
"C:\Users\PC\Dragon_Tower\Assets\Art\Evolution\Separated\chrono-base.png","0A4B0CCC0C2B4ED851EAB781709C0D5FAEA2E750A60E40ACA798D076E93AB014"
"C:\Users\PC\Dragon_Tower\Assets\Art\Evolution\Separated\chrono-base.png.meta","EC93ECCFD50FEDC7301CD20BBA77DD295B6A82A8E34E1375DF398C058D126DE2"
"C:\Users\PC\Dragon_Tower\Assets\Art\Evolution\Separated\chrono-final.png","7D9902F9DF469F6C49113262AF3BAC8AA84343F05CC3871568FE59CF80ED73E5"
"C:\Users\PC\Dragon_Tower\Assets\Art\Evolution\Separated\chrono-final.png.meta","38E7DEC6E3BB488F908F54B8C028482A65BA5ACE0C8E955C509B5DC469D4894D"
"C:\Users\PC\Dragon_Tower\Assets\Art\Evolution\Separated\chrono-intermediate.png","BD9CE0F7ACD8B726FD3C39B8410B94860E933353BE0D6CCA8D6D45204FBA2D59"
"C:\Users\PC\Dragon_Tower\Assets\Art\Evolution\Separated\chrono-intermediate.png.meta","25A34D09AEF0DCD8E4B6A9848896BFCC7BEFA73AFDEA5E1B90DF3309D35E9007"
"C:\Users\PC\Dragon_Tower\Assets\Art\Evolution\Separated\dante-base.png","797D45552030007054C38B59E7B35F3C46A0AAA02AFB3A62EB1804E8120D57B6"
"C:\Users\PC\Dragon_Tower\Assets\Art\Evolution\Separated\dante-base.png.meta","719BC60AC6D5A63948816997C846FDF10918187538C9976D997F602F70E36A05"
"C:\Users\PC\Dragon_Tower\Assets\Art\Evolution\Separated\dante-final.png","7BF832224F2E38BF8FE591906CAD409820684989ED4880FA118118DC96077517"
"C:\Users\PC\Dragon_Tower\Assets\Art\Evolution\Separated\dante-final.png.meta","D8CB7B7FD46F42782A3988595E113447B6B6999D65FF60BE6B98037016731C8C"
"C:\Users\PC\Dragon_Tower\Assets\Art\Evolution\Separated\dante-intermediate.png","E77EEB352A59035BA335C17AFB4FEC01CCEE8FB4054A8C15CCD8524C291974FB"
"C:\Users\PC\Dragon_Tower\Assets\Art\Evolution\Separated\dante-intermediate.png.meta","BE96415AC847ACD47A5436F24D72FD336C15660B5A2DA012DC74565C5654A4BA"
"C:\Users\PC\Dragon_Tower\Assets\Art\Evolution\Separated\ember-base.png","57775C7AAA9D2F514A88E03804BF514886B8717A114670BBA02CB4C6880D188E"
"C:\Users\PC\Dragon_Tower\Assets\Art\Evolution\Separated\ember-base.png.meta","DD0678FE264C2E7BBE7C3C5BB2665680ADE41DED45344175645C7CD8CC1CF847"
"C:\Users\PC\Dragon_Tower\Assets\Art\Evolution\Separated\ember-final.png","6269524EF52F311F5A4373394526AD60124DA935D473D499BE8E13313B05950B"
"C:\Users\PC\Dragon_Tower\Assets\Art\Evolution\Separated\ember-final.png.meta","B3F54E858781A728625B44A34BA7DA1A1830D0E149B168657AEA5017CF125428"
"C:\Users\PC\Dragon_Tower\Assets\Art\Evolution\Separated\ember-intermediate.png","224C1DA14E47231026F38FAAF0C5216ABAB79967B23577E2E71A49FE8B79AC5E"
"C:\Users\PC\Dragon_Tower\Assets\Art\Evolution\Separated\ember-intermediate.png.meta","877052CE2EDC17780BCCF3D043DF6E69265127DA173D21281A01D9E4F0190D41"
"C:\Users\PC\Dragon_Tower\Assets\Art\Evolution\Separated\luna-base.png","A34CB2D82A32FDB980ABAA2F0120A41547FC8E045DD24625689FEE99FFADB6E3"
"C:\Users\PC\Dragon_Tower\Assets\Art\Evolution\Separated\luna-base.png.meta","AB6EAA5A8AC8094E16C4099351747A0683D96D26A5C180D7F314FB5A6F36D5CB"
"C:\Users\PC\Dragon_Tower\Assets\Art\Evolution\Separated\luna-final.png","12A6FF5B9E4B49EDE3AE7345AF753405C2AB173E40409A54DB9A9396CDACD1DE"
"C:\Users\PC\Dragon_Tower\Assets\Art\Evolution\Separated\luna-final.png.meta","D03B69B4FFFDC05CDCB69CD34333D8314C683DB654841C5799D164139E23860C"
"C:\Users\PC\Dragon_Tower\Assets\Art\Evolution\Separated\luna-intermediate.png","25B35BF3D58846483C0F1F2B01FBF809CC748F3B1F6A6BDA01ACC775D3B60DE3"
"C:\Users\PC\Dragon_Tower\Assets\Art\Evolution\Separated\luna-intermediate.png.meta","90BDE0B39103BA90B6AD5B81EE66D1A6E276817FE3AF0E0BEA5289D830FC5EAD"
"C:\Users\PC\Dragon_Tower\Assets\Art\Evolution\Separated\mir-base.png","8F24F6982F1602F597FA26E0892D1E3E207301BFCBF9C57FD4FF5B2F805D46FA"
"C:\Users\PC\Dragon_Tower\Assets\Art\Evolution\Separated\mir-base.png.meta","BC072C5E74CB2B301292BFF958422408CE356018540CD1844FFF8E9FB7FA4541"
"C:\Users\PC\Dragon_Tower\Assets\Art\Evolution\Separated\mir-final.png","A4F8F943DC364CAFCC7871EA0CDC0685A713516BE087E5366AE73AB74C040B13"
"C:\Users\PC\Dragon_Tower\Assets\Art\Evolution\Separated\mir-final.png.meta","627B2FF14821F804E15B39AB8F280D16442B62CB1E5DDC1192692FD47256E5BB"
"C:\Users\PC\Dragon_Tower\Assets\Art\Evolution\Separated\mir-intermediate.png","DA7D5D351028FE6FF0E2FBEA09D1CDB01F417F4C43878A609A69F346B56D3CAB"
"C:\Users\PC\Dragon_Tower\Assets\Art\Evolution\Separated\mir-intermediate.png.meta","FA6CA2D2F28F63D31CDA55488C6D95ED7DCF7B81E11ABA48F99AFEF43DB17F74"
"C:\Users\PC\Dragon_Tower\Assets\Art\Evolution\Separated\nova-base.png","70CCC7EE733963C58F2AF8F8B6999DB3AFFA37B1A99BBCB003F69402E7486811"
"C:\Users\PC\Dragon_Tower\Assets\Art\Evolution\Separated\nova-base.png.meta","8A66BDEED6C12B5D577A2234A1705FF531C25E7A1C585ACE1C1CD8690058C734"
"C:\Users\PC\Dragon_Tower\Assets\Art\Evolution\Separated\nova-final.png","4B93CD94661074BB0E429CB91DD55D19C4E61ABC43F3C9E720BB25EF60138A6B"
"C:\Users\PC\Dragon_Tower\Assets\Art\Evolution\Separated\nova-final.png.meta","128E29FCF683972F5459783B19982FD2655BA438DDC6B5495B42D331A5EA60C9"
"C:\Users\PC\Dragon_Tower\Assets\Art\Evolution\Separated\nova-intermediate.png","E02C93B72109D6E36CC636F6E3E8E21B0F2050994A23DF0509C79A5A9125ADF9"
"C:\Users\PC\Dragon_Tower\Assets\Art\Evolution\Separated\nova-intermediate.png.meta","F2FAD78A7E22A03D956391C61640794836A289406BC3BF291A9DCC7EB7A2DDD0"
"C:\Users\PC\Dragon_Tower\Assets\Art\Evolution\Separated\okta-base.png","3E317CA55E63EAC263F61113DF055E4EFA779151CC175046765DB4858030905D"
"C:\Users\PC\Dragon_Tower\Assets\Art\Evolution\Separated\okta-base.png.meta","049A0533C5E08FCE2498B95E273C6E701625D5D4AB3E972EA558330E8A98A104"
"C:\Users\PC\Dragon_Tower\Assets\Art\Evolution\Separated\okta-final.png","FAF7A70CA55F4F3FA68A983F27607556FECCEE6C0963EA5628F18EE3961D05C5"
"C:\Users\PC\Dragon_Tower\Assets\Art\Evolution\Separated\okta-final.png.meta","38712FE150BDDDE5534F0AF5143E4B265CF79F057748AD0C99FF9B75A1AB4AE6"
"C:\Users\PC\Dragon_Tower\Assets\Art\Evolution\Separated\okta-intermediate.png","138FD8F60B4DA60AC2E29605DAA940B668098C597B355685A81E00E7E8676224"
"C:\Users\PC\Dragon_Tower\Assets\Art\Evolution\Separated\okta-intermediate.png.meta","6EA1F82964AA77F071DA40FB533DB4C045394739A5826D4641977A1F4FFBBE11"
"C:\Users\PC\Dragon_Tower\Assets\Art\Evolution\Separated\sharkid-base.png","A972C3CE33F7A27D8BEB98CB0A7F31497BC47725C0BAB773BA413E7D53B50E5F"
"C:\Users\PC\Dragon_Tower\Assets\Art\Evolution\Separated\sharkid-base.png.meta","95DFD54D47A3E955D58CEB98F6212D3DE08BC587D94A9BA2A7FB9DB978425E87"
"C:\Users\PC\Dragon_Tower\Assets\Art\Evolution\Separated\sharkid-final.png","D7C28F0AF5ECA9A46F9BF0DE79B4469F0EA26B3AE14903D472A1FEEEF29E1FE3"
"C:\Users\PC\Dragon_Tower\Assets\Art\Evolution\Separated\sharkid-final.png.meta","F033FD89A39623050ABA04C13ECA2BE094A760F6EFE05F930F2A09BC23E6C587"
"C:\Users\PC\Dragon_Tower\Assets\Art\Evolution\Separated\sharkid-intermediate.png","C1A88DB60F8FAAD7C237DEEF50FCB1847147D64744DC7FED7DCB74027084F398"
"C:\Users\PC\Dragon_Tower\Assets\Art\Evolution\Separated\sharkid-intermediate.png.meta","3F5CB16B33E6F1F4C32D974FF0069B6A4D15E2CC2435E4533527B246DA9835B7"
"C:\Users\PC\Dragon_Tower\Assets\Art\Evolution\Separated\sol-base.png","D8A3F281F9749B3C428F2D7C013E1A1610B9F6E0885CCD75D40E9E2C1E6C89F4"
"C:\Users\PC\Dragon_Tower\Assets\Art\Evolution\Separated\sol-base.png.meta","374C1BB158F69B39084236D67CF6211A5AD532B933FAC9FC869F522AFE03211F"
"C:\Users\PC\Dragon_Tower\Assets\Art\Evolution\Separated\sol-final.png","0A6007B1E45C308E0E4301093675BA3C5026365BBD0232CA611F926A99821FB7"
"C:\Users\PC\Dragon_Tower\Assets\Art\Evolution\Separated\sol-final.png.meta","F6841E40DDF2BF5F2D4FE802D9CCD2FA732732D93038545135395F5090FE8FD5"
"C:\Users\PC\Dragon_Tower\Assets\Art\Evolution\Separated\sol-intermediate.png","347F36992F932FE96C2DAA1929640355E2102FC26D88BBAB99E65188D2B9AF0E"
"C:\Users\PC\Dragon_Tower\Assets\Art\Evolution\Separated\sol-intermediate.png.meta","19F8D0B45CAE2732852AE5B0FF0B56B5B042F92947E2E1D07608433CC863EE47"
"C:\Users\PC\Dragon_Tower\Assets\Art\Evolution\Separated\storm-base.png","A648865BEA69C699E9206EF0FB28BC189D8CDAE45D64ABF366757D1A7319E2DE"
"C:\Users\PC\Dragon_Tower\Assets\Art\Evolution\Separated\storm-base.png.meta","F5C87E00BEB51A701D451899C6861066DC21B348DB7187A997F5636B263F6D76"
"C:\Users\PC\Dragon_Tower\Assets\Art\Evolution\Separated\storm-final.png","DE6DF4B28BD70E14D3B38445C02284726777F982633133714FB279B3F158470E"
"C:\Users\PC\Dragon_Tower\Assets\Art\Evolution\Separated\storm-final.png.meta","3416686B13851328AC2B05F060274184EC8F67BE74B8AAAC0099732E7D06F7FE"
"C:\Users\PC\Dragon_Tower\Assets\Art\Evolution\Separated\storm-intermediate.png","507458D89DC6535F09CE198E5F710C5F229B4F3E46AD65CB9EFB5B5381EE91CE"
"C:\Users\PC\Dragon_Tower\Assets\Art\Evolution\Separated\storm-intermediate.png.meta","4215982E738AA5198E15D3BA47674FEEF43B5BEF859F9C10E34F1F18CE732A8D"
"C:\Users\PC\Dragon_Tower\Assets\Art\Evolution\Separated\titan-base.png","B695609C285B368EC055A8A436A28C29A4E392606B9EBC8D9D145D8B6334C2FE"
"C:\Users\PC\Dragon_Tower\Assets\Art\Evolution\Separated\titan-base.png.meta","C3246C7DBC82B4979DA10230D638927D6AD2FFF39BFD0FFA3E2F504D7B78F0CE"
"C:\Users\PC\Dragon_Tower\Assets\Art\Evolution\Separated\titan-final.png","CC48785D368F85BF42A26E93FF0E98F443D915225E1D7BEB00BEF68FE6B027C6"
"C:\Users\PC\Dragon_Tower\Assets\Art\Evolution\Separated\titan-final.png.meta","03B21F46C4DDF99973783D06E2C8EEACB1D11D4D40E769E802D2E9AB1017F6F7"
"C:\Users\PC\Dragon_Tower\Assets\Art\Evolution\Separated\titan-intermediate.png","11022608233B736EE96191A9535B7778803DB9A546C9CA541ACE765C58C52561"
"C:\Users\PC\Dragon_Tower\Assets\Art\Evolution\Separated\titan-intermediate.png.meta","F4204A4BB89792D3724DD62B09F1316BEFD521D798307E69E00618197F2306E8"
"C:\Users\PC\Dragon_Tower\Assets\Art\Evolution\Separated\venom-base.png","D5177F415570E194A670B6421887500E204D40A954C3C66756077C374FF7F5B4"
"C:\Users\PC\Dragon_Tower\Assets\Art\Evolution\Separated\venom-base.png.meta","19B70BAE432540FF997A17A35FC456BE9D39B5FABBED0C8E4F8E2C4E053A15EE"
"C:\Users\PC\Dragon_Tower\Assets\Art\Evolution\Separated\venom-final.png","1FBD39E96DAEC26B1799F819384139244643C886025CDB2CDE9FF6C5B046ABFD"
"C:\Users\PC\Dragon_Tower\Assets\Art\Evolution\Separated\venom-final.png.meta","F9E4D4E4DFC21B3068BFAD7FFF915A0A71307892C7002E4F00CA68A00B90A9BE"
"C:\Users\PC\Dragon_Tower\Assets\Art\Evolution\Separated\venom-intermediate.png","A5CB45634FFEA44DD2253E49B7755EEBD150365B6CEECB993182ACD1ED5DC124"
"C:\Users\PC\Dragon_Tower\Assets\Art\Evolution\Separated\venom-intermediate.png.meta","9C0B234F54F2CDE50CAC31B0461C2CF887673179EB61CFD17BD728E19B6E8923"
"C:\Users\PC\Dragon_Tower\Assets\Art\Evolution\Separated\volt-base.png","BD485E4BE42C7CF56EC76F9C0BCBDB351D978EE32C12DAEAFCD5DAC44B9971B3"
"C:\Users\PC\Dragon_Tower\Assets\Art\Evolution\Separated\volt-base.png.meta","C2F7B11BFF061529F33B8C98DDAACA8CD7E4AE7C2D3C45512F4AF467691E0788"
"C:\Users\PC\Dragon_Tower\Assets\Art\Evolution\Separated\volt-final.png","9055ABAB76A1693EB781FA209759EDF17076C70E0F1FDDE3B541F22393F9C9DC"
"C:\Users\PC\Dragon_Tower\Assets\Art\Evolution\Separated\volt-final.png.meta","5AC09030CA5B95AF0BBA000B4BCC209472E163FF3D9A91A93B7DEEAFC375DF3F"
"C:\Users\PC\Dragon_Tower\Assets\Art\Evolution\Separated\volt-intermediate.png","8571F56CBA2432C66EC4F50E9827A14BBE87A25F9E137081D27DAA71BE46D8A2"
"C:\Users\PC\Dragon_Tower\Assets\Art\Evolution\Separated\volt-intermediate.png.meta","FA7F8AD7E94077CBF8ECA56045AFB87B87AD40D20E276B4027752B6D3913BBEE"
"C:\Users\PC\Dragon_Tower\Assets\Art\Evolution\Separated\zephyr-base.png","C9792FBD588509D59D3C6B1E9CB8A1F95CC31EA9F8C492953C63A4964AC644B6"
"C:\Users\PC\Dragon_Tower\Assets\Art\Evolution\Separated\zephyr-base.png.meta","609341321918F14692C75ECDC169EC4C449A818977F174B974AB481DAFD33623"
"C:\Users\PC\Dragon_Tower\Assets\Art\Evolution\Separated\zephyr-final.png","EFC4BB9C77EA92D629DACC7BAB42E39AACC124EC297A01FFFB393043F0DEEAD1"
"C:\Users\PC\Dragon_Tower\Assets\Art\Evolution\Separated\zephyr-final.png.meta","E607183484384D8287E9D9756BCE42D3C12EE32A9E6CF22DF9102C63EA829EB1"
"C:\Users\PC\Dragon_Tower\Assets\Art\Evolution\Separated\zephyr-intermediate.png","39683BCEE8626E4D3A6B05DF7D708174B32D5B51E9804CE34503CF0A411EE7F5"
"C:\Users\PC\Dragon_Tower\Assets\Art\Evolution\Separated\zephyr-intermediate.png.meta","6F3F332F287F364585770AF03AB9BAE1058E2ABF8087E8EBA1479DF73ECA17B1"
"C:\Users\PC\Dragon_Tower\Assets\Art\PixelBattle\ancient-golem-boss.png","2ABAFB7AAB421B7A4DCCAE93402A350D0551F0A3E2F009F7F005502D1EF202BC"
"C:\Users\PC\Dragon_Tower\Assets\Art\PixelBattle\ancient-golem-boss.png.meta","ABD0B557C4483ACFA634BD2135183197BBC230D837A8D9B3A853A72FC90BEC6C"
"C:\Users\PC\Dragon_Tower\Assets\Art\PixelBattle\armored-skeleton.png","04D7BB4DEEE214B6904D5598A1DAD25EA2BB1E96D27F902E122FB0A71921F70D"
"C:\Users\PC\Dragon_Tower\Assets\Art\PixelBattle\armored-skeleton.png.meta","E7D341DF4AA56D65AE7C2D58BC973324DE34676CBF071B2842396A6C5805A889"
"C:\Users\PC\Dragon_Tower\Assets\Art\PixelBattle\brandy-baby.png","80D70FB88BC4DD10187D872291DBEA8915194EA8D6966827518A379BA721C96C"
"C:\Users\PC\Dragon_Tower\Assets\Art\PixelBattle\brandy-baby.png.meta","EB3033819C2C28FB558C094F992BADEC611D0D5EA88EE6014252B451378FBD24"
"C:\Users\PC\Dragon_Tower\Assets\Art\PixelBattle\cave-bat.png","3E1DA7ABF67FBF42A223929EBF952B8ACF60054141949EB1435C8C66457D8099"
"C:\Users\PC\Dragon_Tower\Assets\Art\PixelBattle\cave-bat.png.meta","61B2A91EE512811AA6A980B9776621D9201362807EA65C16B74F60F94441428F"
"C:\Users\PC\Dragon_Tower\Assets\Art\PixelBattle\clockwork-duelist.png","21CD7B666BFA5B63A3BAFD02C9F25F9CF501DFE582DC154EC4F521A50B857B5B"
"C:\Users\PC\Dragon_Tower\Assets\Art\PixelBattle\clockwork-duelist.png.meta","6F28F8F886A7A8A96BC773F8CB49A31CC5AAF0426ECD6EC47A3F97C1E3C7B615"
"C:\Users\PC\Dragon_Tower\Assets\Art\PixelBattle\Combat.spriteatlas","7DF272C9C5D98874EEC39DBE77A9E6CC03C5E96F5977E18DA869FE090BAAD4C9"
"C:\Users\PC\Dragon_Tower\Assets\Art\PixelBattle\Combat.spriteatlas.meta","7485D3DAF4E3774A6A117E97B166D59251AE92D117E9719B8BC306BA98CCB934"
"C:\Users\PC\Dragon_Tower\Assets\Art\PixelBattle\dante-baby.png","4F913095EA181B88200BD2A58AF0AB8A0A80EB2CBEEF4AE1662F725A297BE925"
"C:\Users\PC\Dragon_Tower\Assets\Art\PixelBattle\dante-baby.png.meta","5976A9B5853943C89791883082F9BEF7F577B1122B86A5EFCB58372B819B15F9"
"C:\Users\PC\Dragon_Tower\Assets\Art\PixelBattle\dungeon-zombie.png","CEB49A7566CF6B983FCAE835673D4E5592F2B959EFB043A3CC3988555D3B1B04"
"C:\Users\PC\Dragon_Tower\Assets\Art\PixelBattle\dungeon-zombie.png.meta","6910CDB22EED08C4386B20BA648C3212D51F68389152542EE7C977EE6EB22604"
"C:\Users\PC\Dragon_Tower\Assets\Art\PixelBattle\electric-jellyfish.png","8A31D283CC76FAC30A16CB0DDB8F67DAE869488EBB28B0110EFD80C482DDF75F"
"C:\Users\PC\Dragon_Tower\Assets\Art\PixelBattle\electric-jellyfish.png.meta","C8F2E5E2B8BE1CC0C9C9BF2C6E02A770BA1914E40438D78004254087E90948D9"
"C:\Users\PC\Dragon_Tower\Assets\Art\PixelBattle\ember-baby.png","FE12FAEF338B74BF096FF8366A3D0DC4B61D09549C6E42370C0F8B8B2108F11A"
"C:\Users\PC\Dragon_Tower\Assets\Art\PixelBattle\ember-baby.png.meta","775E91F9147CBA5F3116249F9D7D0D442C649D4267E7F9F78677656C502A3086"
"C:\Users\PC\Dragon_Tower\Assets\Art\PixelBattle\flooded-sewer.png","73AAE2AC056E6DCACA353F99F4BF5C2EF7201559A7AD4AEC21A117AB9A90009D"
"C:\Users\PC\Dragon_Tower\Assets\Art\PixelBattle\flooded-sewer.png.meta","94717A724E72848A9E6425A9798058504C03CF3093223E100D179F183E8ACEC0"
"C:\Users\PC\Dragon_Tower\Assets\Art\PixelBattle\forge-depths.png","E61712DCCD0D153B7B3786298BAFD817734BC8E5EE6271EC14A23C825C9BD016"
"C:\Users\PC\Dragon_Tower\Assets\Art\PixelBattle\forge-depths.png.meta","162B5F7938CDD97522883A54FD2D80F78910B749CC408D881F2554AA9FB73378"
"C:\Users\PC\Dragon_Tower\Assets\Art\PixelBattle\forge-warden-vulcan.png","ED642B9C8433E2DBB9D3A5D2DE059A7BA4E14A95C0104B838FC4D5F04072817C"
"C:\Users\PC\Dragon_Tower\Assets\Art\PixelBattle\forge-warden-vulcan.png.meta","B98D78C533A6152AC7A26C950017116160A803B3850AF77A9BCB75962D19A3C4"
"C:\Users\PC\Dragon_Tower\Assets\Art\PixelBattle\gear-bat.png","CBD20574B4E853170D3F99C8CD12A95C77A25084EF9BF7F04113243938F80D3E"
"C:\Users\PC\Dragon_Tower\Assets\Art\PixelBattle\gear-bat.png.meta","A08BAB5D9277759BAA3B56F556A62A6F23ECDD70BD57AD51A72A17B7E6B35F80"
"C:\Users\PC\Dragon_Tower\Assets\Art\PixelBattle\kraken-guardian-boss.png","896BAB399482057BCC40FC277ACF70B7A3B702E3D01BEA1D830C7512EBE91159"
"C:\Users\PC\Dragon_Tower\Assets\Art\PixelBattle\kraken-guardian-boss.png.meta","1DD6F444B6DF730F56658FE43ABCDE2CEE23A83AB31DBF71CDC809D9BF656890"
"C:\Users\PC\Dragon_Tower\Assets\Art\PixelBattle\luna-baby.png","3D1CDE14A1F076C37C69E2257BFAC3160970593F1B987486CCF2F948D2AB0A0D"
"C:\Users\PC\Dragon_Tower\Assets\Art\PixelBattle\luna-baby.png.meta","BD069094F2AA4478B11C8CF5C234A85EFF34A35DEF08537D60E3F1051F789AA1"
"C:\Users\PC\Dragon_Tower\Assets\Art\PixelBattle\magma-core.png","773DC325F9477F0A36C4EB38F7C880B02FE549D00EA6728E0AD3E54B4BEBF6FB"
"C:\Users\PC\Dragon_Tower\Assets\Art\PixelBattle\magma-core.png.meta","892B386AF8AB936C5C876E678F088DDFC58DB6D3E92721D621D0DE73FEE62E8A"
"C:\Users\PC\Dragon_Tower\Assets\Art\PixelBattle\mud-snail.png","A1F85B9171C936AB6743CE47FD3653945FF8EBF3E78CE70567B79326F6081323"
"C:\Users\PC\Dragon_Tower\Assets\Art\PixelBattle\mud-snail.png.meta","12D3D51F5FD52DE22461955B25DBE2EC03E08E438ADF0019F480033BF52ADFAF"
"C:\Users\PC\Dragon_Tower\Assets\Art\PixelBattle\nova-baby.png","9BFA5E79C559BCA4E8DC5149ECD54E90A4F5078131B10BBC76BEDC67B8BE0BB0"
"C:\Users\PC\Dragon_Tower\Assets\Art\PixelBattle\nova-baby.png.meta","2B3FD5018DA4088914C7C77702E06F60CE2E078BA0DAD8751E24B9743BCF7EAD"
"C:\Users\PC\Dragon_Tower\Assets\Art\PixelBattle\okta-baby.png","8769661B09307426C8F55487B0A7DA33C7CFDDD9FA9C6DDC056BD956E45A1BF4"
"C:\Users\PC\Dragon_Tower\Assets\Art\PixelBattle\okta-baby.png.meta","8C2C9A112C93BA347844CC1957992A0349AD4E04AEB428FC597CF71702E9562E"
"C:\Users\PC\Dragon_Tower\Assets\Art\PixelBattle\rock-slime.png","3AE6E31AE1BA81FEDE721AB46140348B6773E8FCB42FCDAA1DA8EC058E69FFCE"
"C:\Users\PC\Dragon_Tower\Assets\Art\PixelBattle\rock-slime.png.meta","9650925997B9A0749176E14241BCF5ADF00F0E18760AD339B615C014E6127A62"
"C:\Users\PC\Dragon_Tower\Assets\Art\PixelBattle\small-golem.png","10F9B5EF765F0E7FAC4EE043C00BACF4068CD3016D20BE5FE25B6327CED52F4F"
"C:\Users\PC\Dragon_Tower\Assets\Art\PixelBattle\small-golem.png.meta","D63535CB50A5DB65D9605DEFB18CADD28B867A69A3299553A31AA64AC3747E9B"
"C:\Users\PC\Dragon_Tower\Assets\Art\PixelBattle\steam-sentinel.png","8FBABC534FCBA80A19F75DA278B4054BBED343447F12252AC5F5145F722E2280"
"C:\Users\PC\Dragon_Tower\Assets\Art\PixelBattle\steam-sentinel.png.meta","DECE215DBE26223317C3C55EACF0C3EE82DE2BD3D1B5BC9FBC8F840460DC550D"
"C:\Users\PC\Dragon_Tower\Assets\Art\PixelBattle\tower-chamber.png","BB59FB2E995744C2A8E8C9D4A3165E6D0ABD9391232DF95CA8BDD2BF5B995399"
"C:\Users\PC\Dragon_Tower\Assets\Art\PixelBattle\tower-chamber.png.meta","54087D92DF4840B61C712C4B900648EE674088D838672736A184F27E463DFD76"
"C:\Users\PC\Dragon_Tower\Assets\Art\PixelBattle\volt-baby.png","D621F0FE9ADF01C0AA85D7130AB63C68BADFCF23370D844F1E1C7BE0A2A1C7CD"
"C:\Users\PC\Dragon_Tower\Assets\Art\PixelBattle\volt-baby.png.meta","6B64AF9B84AF9DFF316CFD36E2A28C7F4A650297B0732725620DBD8DE6002933"
"C:\Users\PC\Dragon_Tower\Assets\Art\PixelBattle\volt-ray.png","E974C1F9DB8AF4694EAEEE1BAABD6D1826F4537C374F4E84D13B6A0AAD2C08BE"
"C:\Users\PC\Dragon_Tower\Assets\Art\PixelBattle\volt-ray.png.meta","4C8E3C4FC097315CA4289BFEAB0F95A0194C8453007F7134D1709AD14E947F2F"
"C:\Users\PC\Dragon_Tower\Assets\Art\PixelBattle\water-gargoyle.png","E23D567D3EEA6B4B2AC61D4A25D3B9B570E4AD77773E525CE3E7985888FFF6B3"
"C:\Users\PC\Dragon_Tower\Assets\Art\PixelBattle\water-gargoyle.png.meta","FC6D7E45135A3408D9746C94D82E64B5F69592C13669C53FA4B6E22A99E14B71"
"C:\Users\PC\Dragon_Tower\Assets\Art\PixelBattle\zephyr-baby.png","609B6E9024B3721E66AE638C6BC0284FC1ABDCE2B3CF4C68BE4133BDFC33C32F"
"C:\Users\PC\Dragon_Tower\Assets\Art\PixelBattle\zephyr-baby.png.meta","802DA9371DF13BDCA941E5BF36D18788EB21CF2A8ABF3852BB8317AB68653876"
"C:\Users\PC\Dragon_Tower\Assets\Art\UpperTower\area-31.png","B0A582E1DB07701D7C50B884BBB868FB0FAEA1C5717E3D0EB11C6EB1A179E6EF"
"C:\Users\PC\Dragon_Tower\Assets\Art\UpperTower\area-31.png.meta","9F603FB474D78AFD376E4D07058E6C888464AB32D25971B15EA292CD53114CD4"
"C:\Users\PC\Dragon_Tower\Assets\Art\UpperTower\area-41.png","568632DA4DD52DD6EA3138B4D18CE6820F894C2F4A2ADCE6785A83E700C79373"
"C:\Users\PC\Dragon_Tower\Assets\Art\UpperTower\area-41.png.meta","13574F4BB6B3ECEFE10F748B277A48BB8CFAE916099B2B741129F27C85C1F865"
"C:\Users\PC\Dragon_Tower\Assets\Art\UpperTower\area-51.png","D29EA56AD00A86B7F0068B1DF43D456B73185CB83D41B4254D4FC60C6CF5456F"
"C:\Users\PC\Dragon_Tower\Assets\Art\UpperTower\area-51.png.meta","A09A58F65FBD581B7403D38A83866496B8B4038AD9D1728011ED12F05308265E"
"C:\Users\PC\Dragon_Tower\Assets\Art\UpperTower\area-61.png","18277F380A82E0AD31B584E577ECFFEBCFE1771FDCC415A7F30CCC284D1E23CE"
"C:\Users\PC\Dragon_Tower\Assets\Art\UpperTower\area-61.png.meta","5142B231ED24C702518E2586DA9744D468D6F0ED6B6F471A483E758E190777E1"
"C:\Users\PC\Dragon_Tower\Assets\Art\UpperTower\area-71.png","B0135C81C65B47A57D708FFF2FB6BFDDEA46D31D1754981155BA6C1124586289"
"C:\Users\PC\Dragon_Tower\Assets\Art\UpperTower\area-71.png.meta","5A52B40519CE9C75704A1D8755FAF86054673262577601DC1D37CDFD5E455425"
"C:\Users\PC\Dragon_Tower\Assets\Art\UpperTower\ARTWORK.md","ACF9A39064F5AA0227E5E199C0ECF9C130045E21964B1C2CD2B0AF5B148FB21A"
"C:\Users\PC\Dragon_Tower\Assets\Art\UpperTower\ARTWORK.md.meta","AE12C1EF4744FB9B9D8A958BFEB5CDFCF77293FDBDCE4CADB815BCA343862C7B"
"C:\Users\PC\Dragon_Tower\Assets\Art\UpperTower\enemies-31.png","C9B92F78B506F9E4131587007213CAC5B067149ABCADB09822443886F66130D6"
"C:\Users\PC\Dragon_Tower\Assets\Art\UpperTower\enemies-31.png.meta","3B6C1F06467FA3A929EEFEBAF59E08DCC73964A624185386B3C78C76FC431884"
"C:\Users\PC\Dragon_Tower\Assets\Art\UpperTower\enemies-41.png","A28557F0C09C8D507FEF2440859AE27FFA307639AD31F4FC4E9DF1A8D544607F"
"C:\Users\PC\Dragon_Tower\Assets\Art\UpperTower\enemies-41.png.meta","46778BDCBF1F8EE146BA47DFD69E8E1ECCD5EB8C23CE371C04977E04CE13AE2F"
"C:\Users\PC\Dragon_Tower\Assets\Art\UpperTower\enemies-51.png","6E966232DC03381412664B14975543F0FFC20AA3C0CD5D50B02CE278A2423CC9"
"C:\Users\PC\Dragon_Tower\Assets\Art\UpperTower\enemies-51.png.meta","7C2FC521EE33EBA36C2494DA45DFD0CE1189F28B8591D1D0D610266488AFE6CC"
"C:\Users\PC\Dragon_Tower\Assets\Art\UpperTower\enemies-61.png","A772E80616856C88D3448448A82D1854A4FF43BA75E2FA4E019930C230FC15A8"
"C:\Users\PC\Dragon_Tower\Assets\Art\UpperTower\enemies-61.png.meta","92E80607B257E9B9996494A232DF9C6EE3F99F4E9EAF3A6589C48C6879C1B5B1"
"C:\Users\PC\Dragon_Tower\Assets\Art\UpperTower\enemies-71.png","ABF530BCE00D4B73D127C5C79B4EC198B24A106A76EABE02206E439E2E86CCB9"
"C:\Users\PC\Dragon_Tower\Assets\Art\UpperTower\enemies-71.png.meta","7EDABA9E7825E3D986A1B79D0FD05805D80FD20FA3C4F9DC0CF40B43B5E0AFC0"
"C:\Users\PC\Dragon_Tower\Assets\Art\ZephyrAttack\zephyr-attack.png","05B03FA2B76DE940E38DD6A8D02886FACB2298C606923B78AC0902E7C189428B"
"C:\Users\PC\Dragon_Tower\Assets\Art\ZephyrAttack\zephyr-attack.png.meta","26F96A5BA473C5C6C19258E7388BA5A25903572B977F620F7AE941FD9461D8B4"
"C:\Users\PC\Dragon_Tower\Assets\Art\ZephyrAttack\ZephyrAttack.asset","2D90D6AE69F61FF6B43E3049C56A76028F5343044939C93FE4634732F4FB3F1B"
"C:\Users\PC\Dragon_Tower\Assets\Art\ZephyrAttack\ZephyrAttack.asset.meta","708B216598012B04A50DAA32484FE63DD46B57C69B234CE624B95DEF0EBBAD05"
"C:\Users\PC\Dragon_Tower\Assets\Art\ZephyrBattleRenewal\rock-slime-v2.png","07C158976B2432CFA08CC9A61CEF076664FE7EEB31C8BCDA1B372B7DF48BF4B3"
"C:\Users\PC\Dragon_Tower\Assets\Art\ZephyrBattleRenewal\rock-slime-v2.png.meta","99C64E990D9300FD0511C432727D887BB09688E2EB60EFA6D288374AFB5B8488"
"C:\Users\PC\Dragon_Tower\Assets\Art\ZephyrBattleRenewal\tower-chamber-v2.png","0803505A5804FB4511FF661288E9FD788BF4D73B994B1038AFA7104BC9BF992B"
"C:\Users\PC\Dragon_Tower\Assets\Art\ZephyrBattleRenewal\tower-chamber-v2.png.meta","325DFA16A62247B65371D74A14C6F4DA8218FFB9162E74BF2CB4B7569D72D971"
"C:\Users\PC\Dragon_Tower\Assets\Art\ZephyrDeath\zephyr-death.png","5B74BF09488D00811E431AD4EE9425492C57405FEFEA4BA3206CAF7DA0971810"
"C:\Users\PC\Dragon_Tower\Assets\Art\ZephyrDeath\zephyr-death.png.meta","CCE31A5F68A5AEAA9463A9EAB2F5E4B67F37B3BE02EFAED9CB8297EDDC3AF3DA"
"C:\Users\PC\Dragon_Tower\Assets\Art\ZephyrDeath\ZephyrDeath.asset","AD6F1D6D80E3A780AB13FCE13C58C00C4202137BAF2008294418735C7EA87D94"
"C:\Users\PC\Dragon_Tower\Assets\Art\ZephyrDeath\ZephyrDeath.asset.meta","6E783B83580827A3E79D64517D63FB08B550BA1CDB4D3172C77CAF8209D0687F"
"C:\Users\PC\Dragon_Tower\Assets\Art\ZephyrDodge\zephyr-dodge.png","6913F14FF7A83E767F8042B41820E4ADB2DC8CC5F5665B8939BCA39D1668C1CC"
"C:\Users\PC\Dragon_Tower\Assets\Art\ZephyrDodge\zephyr-dodge.png.meta","2BBFCE8E56C5F9B8E39F2B1A4348EFFC6F0375E0B8F63E9F42B68A5F9866F831"
"C:\Users\PC\Dragon_Tower\Assets\Art\ZephyrDodge\ZephyrDodge.asset","DB846976AD6B34E3059DFB0F64BD4FA417FA6E763C23F3C54442042CDAB3DC79"
"C:\Users\PC\Dragon_Tower\Assets\Art\ZephyrDodge\ZephyrDodge.asset.meta","98AA767C7EBB6C637E0CDF22C24997B4A7F0DE4B5CC359422FDAC7CEE2B6CB40"
"C:\Users\PC\Dragon_Tower\Assets\Art\ZephyrHit\zephyr-hit.png","B085EC5D5EBC23994F07C634B04F3443F4B8970DDF941155841415B63A8D277A"
"C:\Users\PC\Dragon_Tower\Assets\Art\ZephyrHit\zephyr-hit.png.meta","FB8ED2AE2E7414BF83BCC1290034C84F5723F7425B09E74A521340766A54CDFE"
"C:\Users\PC\Dragon_Tower\Assets\Art\ZephyrHit\ZephyrHit.asset","8C3591E9A75986B62C4BB96B3EE350F583240736B8FE1439FF2FF5BA9B316F73"
"C:\Users\PC\Dragon_Tower\Assets\Art\ZephyrHit\ZephyrHit.asset.meta","8E848ACE5E9E91D194105796A1CF60F858065853E4899AD814F17953C8DF3E8C"
"C:\Users\PC\Dragon_Tower\Assets\Art\ZephyrIdle\zephyr-idle.png","06EC078151F081BB8D938145674FB72DCF6B76FB57909BC8E7BB97F69E343FAD"
"C:\Users\PC\Dragon_Tower\Assets\Art\ZephyrIdle\zephyr-idle.png.meta","C7247CAB662C0C6622803CBEC552AC7D0C57888350E8BFD6F6821A8121D07942"
"C:\Users\PC\Dragon_Tower\Assets\Art\ZephyrIdle\ZephyrIdle.asset","99C074D09E19B077CFCAE372FA555996EE4E616E540CE0B32E380DB7ECA6A4B3"
"C:\Users\PC\Dragon_Tower\Assets\Art\ZephyrIdle\ZephyrIdle.asset.meta","28F40C231D852E566BA4863EF9DB92757710AEBDA28A5CCC0416FB1F6038EE6E"
"C:\Users\PC\Dragon_Tower\Assets\Art\ZephyrSkill\zephyr-skill-v2.png","BDF42D97F4BAE3E1D745D056F766471FD999031A69050944C3B3B6A94830B708"
"C:\Users\PC\Dragon_Tower\Assets\Art\ZephyrSkill\zephyr-skill-v2.png.meta","936FFF5907955EACD410E663457AAA3236103D5B5413D4156D12F5B0D23E2675"
"C:\Users\PC\Dragon_Tower\Assets\Art\ZephyrSkill\ZephyrSkill.asset","DE5E93ADB245E80F7324EA38BC78F37E0DDDF16988A505E84A2A18A32176A1F2"
"C:\Users\PC\Dragon_Tower\Assets\Art\ZephyrSkill\ZephyrSkill.asset.meta","E64AFDD8540F79CB3CE35EC22326124EB758A316666BD067E52E4F2A151D690F"
"C:\Users\PC\Dragon_Tower\Assets\Data\Augments.meta","2898D1683F832785607754567FDD2FD049997F515423732003C11C4EC41095B0"
"C:\Users\PC\Dragon_Tower\Assets\Data\Dragon0.asset","1F54F0A6A95B8D6EE88CC0029345EEAD3A32974938D59683E5356C6906101787"
"C:\Users\PC\Dragon_Tower\Assets\Data\Dragon0.asset.meta","54F059402D88446941E28D14A9347677D3B26DA44B9EB454D1C25346EB0A042B"
"C:\Users\PC\Dragon_Tower\Assets\Data\Dragon1.asset","281EB56AF44779C7B3C644979B0CD9BB6573E672F0E361E4C5BEBCB8F948E8B8"
"C:\Users\PC\Dragon_Tower\Assets\Data\Dragon1.asset.meta","51C30810C82C0813AD3E95B565576CBE261AAF16793F9F626F809CA0E57E6C6D"
"C:\Users\PC\Dragon_Tower\Assets\Data\Dragon10.asset","B72A48EEE88CE98E416F51FBA85E1F03A88FE212BB6D1126ECF8CFA8D90ECF9B"
"C:\Users\PC\Dragon_Tower\Assets\Data\Dragon10.asset.meta","A8AA0841016E681548DAAC0E969D8D0897E9EF96190BD083F4CD7E0D6FF7B7F6"
"C:\Users\PC\Dragon_Tower\Assets\Data\Dragon11.asset","B75BCD5F7F60694D45AAF0B884E99FA829525F1819B40924B49C79C5A1FAC9FE"
"C:\Users\PC\Dragon_Tower\Assets\Data\Dragon11.asset.meta","B9ED8172B6081468F8FE8BA6A5AA03454DA5191D5CA1AB3143F2BB2D9D13BA14"
"C:\Users\PC\Dragon_Tower\Assets\Data\Dragon12.asset","9BD3C1188387E478159623A7D1AE0E9FDA7097EB5D72F13B1ED16DCE52E55A95"
"C:\Users\PC\Dragon_Tower\Assets\Data\Dragon12.asset.meta","AD4DF9D565FBAA37EB4E195C675CB036AA23CBF87EF369138692BFA2934EE48D"
"C:\Users\PC\Dragon_Tower\Assets\Data\Dragon13.asset","A4372532DD1D37F3F7AAE3EE739D0B1D1163723C8407CCB563D61045CA941271"
"C:\Users\PC\Dragon_Tower\Assets\Data\Dragon13.asset.meta","7469D51C3266AB2A35642FAB6C68551325BACDF83007E91605F6F649274B08A4"
"C:\Users\PC\Dragon_Tower\Assets\Data\Dragon14.asset","0385CD7EE869771E221AA744A99A2A9DC43D93B762C74CAA2FC2703524FA0FA6"
"C:\Users\PC\Dragon_Tower\Assets\Data\Dragon14.asset.meta","97C38B4FC5A5610CDB154BA4B997DC71D9031DB6450B2D69538CD0AA1D47F530"
"C:\Users\PC\Dragon_Tower\Assets\Data\Dragon15.asset","AB3411A6C557626C52D191C3715FF8B558F7CE688D4AEA05462C8B7FC5D6D567"
"C:\Users\PC\Dragon_Tower\Assets\Data\Dragon15.asset.meta","DE7F1550B7D494C5791DBA6DC44C1B9353C078DCA26DA03421D8C6F9ABEBB76F"
"C:\Users\PC\Dragon_Tower\Assets\Data\Dragon2.asset.meta","50A56B1A4B67E37CD47BC8837C9DBDFD89EEDF3ADBD2853E292DBDD88C6E38CD"
"C:\Users\PC\Dragon_Tower\Assets\Data\Dragon3.asset","54B190E096A22EA8F804373CF0EA1789EFC2C53574976E576C48A5B07485448B"
"C:\Users\PC\Dragon_Tower\Assets\Data\Dragon3.asset.meta","7240027D6177CC9C496B0966FC910634877BC89E02D614E7D35DD41FA71885C4"
"C:\Users\PC\Dragon_Tower\Assets\Data\Dragon4.asset","8AB7BF6753F8981FBC3A5F6F6BE82C77085817ADCDB6B5E27CC310A67A18186B"
"C:\Users\PC\Dragon_Tower\Assets\Data\Dragon4.asset.meta","648DD5BB73D33A8E666C8C3983B88BA10E91E0F1955D6ED8DFFFCE22C957AC77"
"C:\Users\PC\Dragon_Tower\Assets\Data\Dragon5.asset","A9E71B8ADEDED951B419D83AD9E5F302471850B05AADD9C46AA26111F34C5AC2"
"C:\Users\PC\Dragon_Tower\Assets\Data\Dragon5.asset.meta","658C350A70BCEA2E637A7E07811899E6EC9B02F93968A950737B8E2EE7711F43"
"C:\Users\PC\Dragon_Tower\Assets\Data\Dragon6.asset","CD75E7B48339EF3C68A315D4C29E31DB39587FE895B13451BB75435A2DCB01EB"
"C:\Users\PC\Dragon_Tower\Assets\Data\Dragon6.asset.meta","F953136B82833D3CAB4FBBC461359842848CA51F20396AF5F06FE4CD6D032C4A"
"C:\Users\PC\Dragon_Tower\Assets\Data\Dragon7.asset","4C9D330C9F531EBB03D2D132332FD29B1AA2C5EF343DE99ED31B082CE4356E4E"
"C:\Users\PC\Dragon_Tower\Assets\Data\Dragon7.asset.meta","AA097CF737AF0DBAF4F050E7FF79CA5AEFBC2E91DF38C2460B69307966E76392"
"C:\Users\PC\Dragon_Tower\Assets\Data\Dragon8.asset","4600FD541AECBE12868CA868013DD76C0C3775878C3102FE6361FA3AB71DDC5B"
"C:\Users\PC\Dragon_Tower\Assets\Data\Dragon8.asset.meta","9B29432A6C6C0D2AFBF9E29573C7769D07706F6363E05494614B561231555EA3"
"C:\Users\PC\Dragon_Tower\Assets\Data\Dragon9.asset","C7249AE7A7929DFA63F82EA0BCF01712CAE97040C5B024A91935FEBE4E4C0095"
"C:\Users\PC\Dragon_Tower\Assets\Data\Dragon9.asset.meta","623492B06E130A133548ECC506E27585B70B9B532D565D2255DEA59A6F0126A3"
"C:\Users\PC\Dragon_Tower\Assets\Data\Items.meta","22BF7112D43924474305B3042FF1C439C58CD2AB88FC693FA14AAECA99877254"
"C:\Users\PC\Dragon_Tower\Assets\Data\Monsters.meta","6DBA4163AE396A1D9302059BD2F11B588863E9C54B90C7448FB11F25BF70FD1E"
"C:\Users\PC\Dragon_Tower\Assets\Data\Skill0.asset","C072B37E5B2829CD6FD619C4C67899374B4E3B999917F452CC05B0406FED4F82"
"C:\Users\PC\Dragon_Tower\Assets\Data\Skill0.asset.meta","7A32215978103EDBD02FBBEDC3B588CE3FB52F57B900411EB3BF4B885E673E00"
"C:\Users\PC\Dragon_Tower\Assets\Data\Skill1.asset","A7F2A8D12ABDA75F573DB11445B2D55EA62C2DDBD6395F6F5E51DA77AA05D842"
"C:\Users\PC\Dragon_Tower\Assets\Data\Skill1.asset.meta","960912316C3175267AF81AD990510206F3526B7CCAF2B4E4FB3155D3C9C9BABA"
"C:\Users\PC\Dragon_Tower\Assets\Data\Skill2.asset","E6F2BFDA34544D82F5E6FEA1B8D368FB81A1EE554244DFBC2960E377A75CD389"
"C:\Users\PC\Dragon_Tower\Assets\Data\Skill2.asset.meta","3DC8A09B6CA963B60D4FA77876F4036E0A6CBF1AC9F0FF018AD98DC0FAF1C322"
"C:\Users\PC\Dragon_Tower\Assets\Data\Skill3.asset","2AA374BF1963F5AAC63C16E9306A23211FA2F12795CA1DEA946F3948013366B1"
"C:\Users\PC\Dragon_Tower\Assets\Data\Skill3.asset.meta","7392E6DE47B1E097DEC5632699595AB4B45D5E04F841588A66C0797E1AB1648C"
"C:\Users\PC\Dragon_Tower\Assets\Data\Skill4.asset","B5B1909C3F67FA0675DA66C2BBD0BFAB47ACED7105065825C7F5F14F7B3C319F"
"C:\Users\PC\Dragon_Tower\Assets\Data\Skill4.asset.meta","755F4900BFACE1B9708BF397FB025A082358FF2D5CF81AF2B3578C07E0F4C58A"
"C:\Users\PC\Dragon_Tower\Assets\Data\Skill5.asset","F326BE7F28D37F10D12E67BA427ED49ADE8AE6C7E80B77C19C1FD6639835EDF2"
"C:\Users\PC\Dragon_Tower\Assets\Data\Skill5.asset.meta","17D7BC676B84289CC5C31FF1336FB1067AD1CCCFEBEF035700B15E659127913A"
"C:\Users\PC\Dragon_Tower\Assets\Data\Skill6.asset","6997368DF995E9980143C05D9FCE4EB21CC63DB8BEDCF9A0FFEF00A2FED7FF46"
"C:\Users\PC\Dragon_Tower\Assets\Data\Skill6.asset.meta","174936AE82646AFEA10FA4B090C8B9E757920A793528940D4950933A2198981A"
"C:\Users\PC\Dragon_Tower\Assets\Data\Skill7.asset","AC9EB55D5E4E598862E2F67A8FF923E6BE9BDD66642E8A2C40AF5F0C3DCFE54A"
"C:\Users\PC\Dragon_Tower\Assets\Data\Skill7.asset.meta","7E64110E05265F6B177AF45538D9906EA657EA4FA93FF6ECE437AC541F385F68"
"C:\Users\PC\Dragon_Tower\Assets\Data\Skills.meta","DB526429BE02D0CB1C28382DF5F2C2754DAC3D36E38B7A8BC7FB7672DE11CA27"
"C:\Users\PC\Dragon_Tower\Assets\Data\Augments\augment_acceleration_circuit.asset","6F2DEF45A5D22D9C07AA396684FE6A316A52683A103622AEC7CD59739D5ED2AE"
"C:\Users\PC\Dragon_Tower\Assets\Data\Augments\augment_acceleration_circuit.asset.meta","EDF6187B9BD6907781439B2B9B84FA468C0675A895078BD106120BFE8A3EC579"
"C:\Users\PC\Dragon_Tower\Assets\Data\Augments\augment_aim_vitals.asset","4B6845AE126D031B5F08D91BA065A7301194A5BF430474425D3AEE1961A58C90"
"C:\Users\PC\Dragon_Tower\Assets\Data\Augments\augment_aim_vitals.asset.meta","0FE3B2A1D92EECAD2ABBF37C72B8731D5BC25A40ECF1B9ECE038CC373B650287"
"C:\Users\PC\Dragon_Tower\Assets\Data\Augments\augment_battle_instinct.asset","C8ED3488311AA2E4FE1A80F914AEC2E527B277C787CD9F9579E7B03F01F1C8BE"
"C:\Users\PC\Dragon_Tower\Assets\Data\Augments\augment_battle_instinct.asset.meta","937E68345E4F8F266780AC23EBE0B4BA5D68FDA00B7CBB0FDB80058BA90FD86F"
"C:\Users\PC\Dragon_Tower\Assets\Data\Augments\augment_clone.asset","C2D61B01CE4F37B0BF758A7B522CD40BE8F9F492FB41B555B127BA7B4D47E6AA"
"C:\Users\PC\Dragon_Tower\Assets\Data\Augments\augment_clone.asset.meta","3F1356E5FF42B3260006F234E78EDB5C24BFC74A22E6A27086BBCC02938656AC"
"C:\Users\PC\Dragon_Tower\Assets\Data\Augments\augment_consecutive_slash.asset","0ABAC28805AB97461605F536003DFAA06CBE864BEF72712B71892E7673638ECD"
"C:\Users\PC\Dragon_Tower\Assets\Data\Augments\augment_consecutive_slash.asset.meta","26AFFA345796E77D7C9EBA8716AEE4639AD16722DB62FAB25316AF57599B401D"
"C:\Users\PC\Dragon_Tower\Assets\Data\Augments\augment_cooling_rune.asset","A3DF1C2EEA14A765CB8A8A53F19AE14802B678AE9873487164ABE6E3A2660E43"
"C:\Users\PC\Dragon_Tower\Assets\Data\Augments\augment_cooling_rune.asset.meta","E86D46E32C93CD3739D923FF7411046055E0682FF0F662D4F2E7CDB36335D4B2"
"C:\Users\PC\Dragon_Tower\Assets\Data\Augments\augment_dodge_master.asset","5176B6E9FCCAF850CAA8A7FA113E9B022155F11A3D45BCAA5180F8958AB6086B"
"C:\Users\PC\Dragon_Tower\Assets\Data\Augments\augment_dodge_master.asset.meta","46162E560C3E1C256CBE50137F6983FFF898E7292CFADBCF8F47503E618578A0"
"C:\Users\PC\Dragon_Tower\Assets\Data\Augments\augment_double_casting.asset","10CA5DC4B5B94EDB42C534513D6FB18A2048770F2C38D94C44F826FC7A24D3B9"
"C:\Users\PC\Dragon_Tower\Assets\Data\Augments\augment_double_casting.asset.meta","D5175AF20C51880269EE248271C6EF4EF75455F4FBB1A9DA10F29069D2743E36"
"C:\Users\PC\Dragon_Tower\Assets\Data\Augments\augment_dragon_king_blessing.asset","5D57C2899AB0FFE423CAD5F64E8B90A2165B0FFE816D80C9AA729FD77F250F65"
"C:\Users\PC\Dragon_Tower\Assets\Data\Augments\augment_dragon_king_blessing.asset.meta","C65E9D4D68FE5DACDB73BB5EFCCE6B5CD40743084A74988EBD6C8D5495A1DF7D"
"C:\Users\PC\Dragon_Tower\Assets\Data\Augments\augment_executioner.asset","675558BF79FF3DB5F092E2DB5AF34D1D00B36F3CE31E2D7C06FB7B64F51D1B9C"
"C:\Users\PC\Dragon_Tower\Assets\Data\Augments\augment_executioner.asset.meta","954A5F59E23980D44ED17E97FF2E0EB93EA09E5AA8D2113434C4498D73A5D445"
"C:\Users\PC\Dragon_Tower\Assets\Data\Augments\augment_exploit_weakness.asset","42F45D38503BD17129F3C8ED3A4775575004CB4FC48FEAE4597FF43738DAB439"
"C:\Users\PC\Dragon_Tower\Assets\Data\Augments\augment_exploit_weakness.asset.meta","A14FACECF6C11B567EDE17E39C1ED212DFC215D899E949CB2B0123407A7328A4"
"C:\Users\PC\Dragon_Tower\Assets\Data\Augments\augment_first_aid.asset","96C32F3416174D4A786827CF67F7295F40CF9F390FE14DD6B5401FF813D97A22"
"C:\Users\PC\Dragon_Tower\Assets\Data\Augments\augment_first_aid.asset.meta","A18AF481CD5444A7E14C5BD08D0A14788F8AB7F2B2FB213B0E8CD02E66BD0239"
"C:\Users\PC\Dragon_Tower\Assets\Data\Augments\augment_flame_remnant.asset","7BAEE7FE981714093095BD51E922484089EAEF29902C8074EDE2C892AC020EBC"
"C:\Users\PC\Dragon_Tower\Assets\Data\Augments\augment_flame_remnant.asset.meta","F0AB94C2ACF76451278563A16F8E4D6C6F6D57A588D98C039505DEAA8DEA4B21"
"C:\Users\PC\Dragon_Tower\Assets\Data\Augments\augment_frost_barrier.asset","FDDE7124DF0C5CF246C31EB12AF2545423EB08CE3FB756E2352940A684C883F6"
"C:\Users\PC\Dragon_Tower\Assets\Data\Augments\augment_frost_barrier.asset.meta","CEB3D5DB064D4087F67D87794812B62406B4424B108D576E7EE63F80B259AA3E"
"C:\Users\PC\Dragon_Tower\Assets\Data\Augments\augment_giant_heart.asset","420D1EAC1036E098EAA7E69F65328FA6B565B1E3620707C6E9C8020FEC7FC424"
"C:\Users\PC\Dragon_Tower\Assets\Data\Augments\augment_giant_heart.asset.meta","7137BA6EA0B3A28A8C72AEC199B5DE4817C929F80BF6BA32AB822C9E13DD7569"
"C:\Users\PC\Dragon_Tower\Assets\Data\Augments\augment_glass_cannon.asset","9AEF3F77824C02FC31C299D00E4B232FF78FB01DCB583C803BD0E7B0A80B71EA"
"C:\Users\PC\Dragon_Tower\Assets\Data\Augments\augment_glass_cannon.asset.meta","47ADC28F31F11585053D005AA85EBDBB63EE1EEE6849BA2A59A0F0AF5B4C2767"
"C:\Users\PC\Dragon_Tower\Assets\Data\Augments\augment_hardened_claws.asset","ED7BFAF8CD420AF475EF74CE7ABAB1B0C40E9CC2791D3484320B2FF7B95629D0"
"C:\Users\PC\Dragon_Tower\Assets\Data\Augments\augment_hardened_claws.asset.meta","EB40333D71B2D1BE0E354930504A7F2D4B6993A102A9CB80F3EB7E1E99522B5F"
"C:\Users\PC\Dragon_Tower\Assets\Data\Augments\augment_healthy_beauty.asset","1989FB42B14D661972BE54A700F5295522737473B116258F0A1C30EEBADDF630"
"C:\Users\PC\Dragon_Tower\Assets\Data\Augments\augment_healthy_beauty.asset.meta","F13A228F63B4EA92CD39CDB713426F60007DB12E625042D8A3D5081008857D99"
"C:\Users\PC\Dragon_Tower\Assets\Data\Augments\augment_ice_cream.asset","FA8FC08B163C56C979D531411BE91DF360F4B6E208BB98B05942383C1E31C8A6"
"C:\Users\PC\Dragon_Tower\Assets\Data\Augments\augment_ice_cream.asset.meta","34B8A97D41C4A92730D321C18EC8472A7B2026DF57988B045F9A18A1951727A0"
"C:\Users\PC\Dragon_Tower\Assets\Data\Augments\augment_indomitable_will.asset","8A2E2514F7EF7624FB12A1EE705E0E3041A1725DA69C0F24DD7B9AD41C03553E"
"C:\Users\PC\Dragon_Tower\Assets\Data\Augments\augment_indomitable_will.asset.meta","15AEB6CD36144D077715EF45F5AF875FA4049A031106BC989DBB2DD003FD50AE"
"C:\Users\PC\Dragon_Tower\Assets\Data\Augments\augment_inferno.asset","B52E02BE6035B30F46472F96C8109CA04FC4E5279903ADEBE532FE537092A65A"
"C:\Users\PC\Dragon_Tower\Assets\Data\Augments\augment_inferno.asset.meta","2AC74E84365EBEABF2D02D49B379FC6F979902DB3AC1954EBEA80333D38EDFD4"
"C:\Users\PC\Dragon_Tower\Assets\Data\Augments\augment_last_stand.asset","C087BADC51A2C9DE234B0F6FE5E60210C2BB82389EB8AC5DA209A61C95C4D13A"
"C:\Users\PC\Dragon_Tower\Assets\Data\Augments\augment_last_stand.asset.meta","9A297FF46D4C2E0999A9614D02E31CDD8F26F28CCC50C09F71C71C132C1E58BD"
"C:\Users\PC\Dragon_Tower\Assets\Data\Augments\augment_lethal_attack.asset","B1A0E0421BFB6DE183C5EB1CFDBBFA418C1C6F9689FE1BCC5679A4EBF13AC186"
"C:\Users\PC\Dragon_Tower\Assets\Data\Augments\augment_lethal_attack.asset.meta","655CCAA1591DC7E679EEDBC675686E8DDC738CD901AE865F085BD2BD986B242D"
"C:\Users\PC\Dragon_Tower\Assets\Data\Augments\augment_mana_crystal.asset","CC796736B6BA613B05FF3137AAC36BE2157BD7DE9B5350971A6100D92802DC4F"
"C:\Users\PC\Dragon_Tower\Assets\Data\Augments\augment_mana_crystal.asset.meta","C4903E3C89AEC5DBAFF3AE7E93E6DC83AD4C2557167BF6ADC8EF18745B4DA1E3"
"C:\Users\PC\Dragon_Tower\Assets\Data\Augments\augment_mana_rampage.asset","FC12E4FE8E0EEF86EB1FCDE487E685D8D81AB3C29D3E22194A4350DB04183077"
"C:\Users\PC\Dragon_Tower\Assets\Data\Augments\augment_mana_rampage.asset.meta","C020228F0A46354CD7A8B7D9BFA222463BF3C6676285BADEC3EECFBC27B46789"
"C:\Users\PC\Dragon_Tower\Assets\Data\Augments\augment_overload_core.asset","5D7F72095263E8BC6652C607DF476EA85A45A0AA29B08729F2B93BCFB6674024"
"C:\Users\PC\Dragon_Tower\Assets\Data\Augments\augment_overload_core.asset.meta","9ECE7DF2CA838293A7153261914A9D70D949A037B64209AD71E15AE0B9C43541"
"C:\Users\PC\Dragon_Tower\Assets\Data\Augments\augment_perfect_flow.asset","B887A97D46B4E5F2B89373C3DFD51B3180CF5EDEF2ED2E288E9BCD1982324E1B"
"C:\Users\PC\Dragon_Tower\Assets\Data\Augments\augment_perfect_flow.asset.meta","EE1929D1AFC1A9E488F699682336AB0A859E3F26AD3ACF822ACE63949BAFAFF5"
"C:\Users\PC\Dragon_Tower\Assets\Data\Augments\augment_predator_eye.asset","4D4DC240B384A5F9F2CA70839393A43AE0C31D673D93AA5492E57CBD5D45B496"
"C:\Users\PC\Dragon_Tower\Assets\Data\Augments\augment_predator_eye.asset.meta","AAE5CEF9A2BEC47BE4CB7891484EF0E779DA25C9DC9B4D4B463CF69DD96BF653"
"C:\Users\PC\Dragon_Tower\Assets\Data\Augments\augment_rapid_fire_instinct.asset","A35FF6A4AC0B82B0E12E9CF98576A044B8668BFACF4D1DF0E7353BC8621E314B"
"C:\Users\PC\Dragon_Tower\Assets\Data\Augments\augment_rapid_fire_instinct.asset.meta","6130E2C5831F25A26A950905142CA4DFFC9CBA793F2FC1CE76929F01D4D101F5"
"C:\Users\PC\Dragon_Tower\Assets\Data\Augments\augment_reinforced_wings.asset","04544D5DD87C2DFC8667D45A7D884FF19F9D9C4182CD04AC1799EAA1DD9B359B"
"C:\Users\PC\Dragon_Tower\Assets\Data\Augments\augment_reinforced_wings.asset.meta","E70DFF5E700E7F186D216CCFC583D7B68576912D8696D119200B9A0C2FF3D2E7"
"C:\Users\PC\Dragon_Tower\Assets\Data\Augments\augment_seal.asset","8B7BB9A516D47FA750F5E7DCD330253D68C91A0A70F3BC1BE51BBDE8FE60E0BA"
"C:\Users\PC\Dragon_Tower\Assets\Data\Augments\augment_seal.asset.meta","6451C043E819A449DDDC041F65AAA689FDC25253F0DF0CB863BEC57B8CD70995"
"C:\Users\PC\Dragon_Tower\Assets\Data\Augments\augment_sharp_claws.asset","F44CD510EE7D0A9FB31310F044F960966B1FD8A1EF86E7CC0741A226DFC55AE9"
"C:\Users\PC\Dragon_Tower\Assets\Data\Augments\augment_sharp_claws.asset.meta","7B1CCFCE7554358B2923D08245890AE7C4E996D008E8F76BF2271EF58FAB7EF7"
"C:\Users\PC\Dragon_Tower\Assets\Data\Augments\augment_spread.asset","3875ECF7EC2B6CCCA5E5D27D225D64239BC0605C435D27541554D43DE7BF5C9A"
"C:\Users\PC\Dragon_Tower\Assets\Data\Augments\augment_spread.asset.meta","C738C976498ECCC3D2E94ED0572F3B109AB12029F7655C721241E809D0045BF5"
"C:\Users\PC\Dragon_Tower\Assets\Data\Augments\augment_static_discharge.asset","BA147797B6EAD4A278D53BE1550AF4F86CFC75122BB85ED3D9C098C2FCEFAB94"
"C:\Users\PC\Dragon_Tower\Assets\Data\Augments\augment_static_discharge.asset.meta","2A80B83BD29571A251CBC6C1222BA2A2FA642BE7BE121F19987AD3542E873B18"
"C:\Users\PC\Dragon_Tower\Assets\Data\Augments\augment_survival_instinct.asset","62774405152411571E31BC36C1D4DE591C120D82A76B6EC56740B560E9CB1A76"
"C:\Users\PC\Dragon_Tower\Assets\Data\Augments\augment_survival_instinct.asset.meta","D5A46A7652FB50737EF0C1E2496FD329D5421037CD0B20865A759C428FE89F16"
"C:\Users\PC\Dragon_Tower\Assets\Data\Augments\augment_tailwind.asset","5033EA7B3BFC05A5558DA25D98CFA0925EB5FE36FC8946697454ECF3FD1426F4"
"C:\Users\PC\Dragon_Tower\Assets\Data\Augments\augment_tailwind.asset.meta","BFAB0F66ACBCD4CDF6A5028BEDBBEDD27A4324A1AF0C29D11663AF30804B7941"
"C:\Users\PC\Dragon_Tower\Assets\Data\Augments\augment_technician.asset","529B878E14A360401C641D3DCB98C084D098FDD2CB1CCEBD47E7BDC3B6E7A742"
"C:\Users\PC\Dragon_Tower\Assets\Data\Augments\augment_technician.asset.meta","EBDD7B4FE79406B487A15B9DE9D952F29D9C460BE8984DED4C5943A4FDAD7433"
"C:\Users\PC\Dragon_Tower\Assets\Data\Augments\augment_thick_scales.asset","D151CF329668DA364A0FA668051430B0DC0F395AD3D3160AF8D7BE49B91324A7"
"C:\Users\PC\Dragon_Tower\Assets\Data\Augments\augment_thick_scales.asset.meta","C2D84302411752352E5A5A70A108889F25D77E6E9CDB1F469DFB0DB7DD02E738"
"C:\Users\PC\Dragon_Tower\Assets\Data\Augments\augment_time_compression.asset","C6D90C38015777388976DAA2DBA208FBB7C2AAFF97FC51D13DF45EDC646A17F8"
"C:\Users\PC\Dragon_Tower\Assets\Data\Augments\augment_time_compression.asset.meta","BD87F35526C20D2C48C447F072ABF88BBF7F7E0C112B3A16A0E45FA888707808"
"C:\Users\PC\Dragon_Tower\Assets\Data\Augments\augment_tingly.asset","08F10D951A7F7E19098FE315D2B61F7890E60C44150440883E7582DE080D4BE7"
"C:\Users\PC\Dragon_Tower\Assets\Data\Augments\augment_tingly.asset.meta","1C3B33BB962621EC936BEDBCEC8B2A0CB81814FB2218F914EA05778A9B4E9318"
"C:\Users\PC\Dragon_Tower\Assets\Data\Augments\augment_transference.asset","35E47798D08D28C611DBDD2C5CE82AA2D8D783A17345F85EF9ACB3F0004C711C"
"C:\Users\PC\Dragon_Tower\Assets\Data\Augments\augment_transference.asset.meta","37A9A770F2E4514A36F7175BBDF4BF730ED55021FBC16FEE0AF7EE01A614F37D"
"C:\Users\PC\Dragon_Tower\Assets\Data\Augments\augment_vampire.asset","93B7C3A748E8A064E80F58362011913466E9D74A35939D236B886B6E7A27C53E"
"C:\Users\PC\Dragon_Tower\Assets\Data\Augments\augment_vampire.asset.meta","913D5E9FF0F961ABEB8856023086E6083E27653F794EA2384955F37BD46C255B"
"C:\Users\PC\Dragon_Tower\Assets\Data\Augments\augment_war_dragon_blood.asset","A98DCB8CAE982F966C6775C1A6F7423FD1E644375A9A673480F70D9CE2283E02"
"C:\Users\PC\Dragon_Tower\Assets\Data\Augments\augment_war_dragon_blood.asset.meta","5D0D6FD1E4ACB8D5FBC2ABF001BACF8D70099A8DA28D73B682CA3D4A0592B18E"
"C:\Users\PC\Dragon_Tower\Assets\Data\Items\item_assassin_sword.asset","E4EF112C5845DA3E865D5733A14DAA9A44893DBFF0999AE0C01D14B0AAFDA388"
"C:\Users\PC\Dragon_Tower\Assets\Data\Items\item_assassin_sword.asset.meta","4F3D528EC73CA4C9CC22AE40375E45693CE237E10E687048F2F861251ED6CFE2"
"C:\Users\PC\Dragon_Tower\Assets\Data\Items\item_balance_talisman.asset","40BE2CE46AE36654CE6B2E5E169D94BCC4E3ED0EA37861A33694643EEE39E43E"
"C:\Users\PC\Dragon_Tower\Assets\Data\Items\item_balance_talisman.asset.meta","A99605EBB1FBC63B423D0295F8F6C47407D964E031C7CDF2417394BBEE7D8506"
"C:\Users\PC\Dragon_Tower\Assets\Data\Items\item_barrier_stone.asset","89FA1A3AF5DAD2B8B81B6E5B4B9D6D1451A9F9F4A4E6C2E9E518A860ECF1BC10"
"C:\Users\PC\Dragon_Tower\Assets\Data\Items\item_barrier_stone.asset.meta","7835798A0557D3F2AEA9DF07FD812EE49765CBB9A0E744896F9481ECFDC084CA"
"C:\Users\PC\Dragon_Tower\Assets\Data\Items\item_blood_potion.asset","FBF259496C4E3DE20A039DE8E9B11982E5F8BB63A292859466AC941486DE187D"
"C:\Users\PC\Dragon_Tower\Assets\Data\Items\item_blood_potion.asset.meta","253613AB6A5082ED62670BA58374AAB6E7A382B1C801F6E4DC189716FCAB392D"
"C:\Users\PC\Dragon_Tower\Assets\Data\Items\item_blood_tome.asset","6FB49007C3E9B17CD4F168621DF8EDA5C69EE573D289F406548182DFC60611B3"
"C:\Users\PC\Dragon_Tower\Assets\Data\Items\item_blood_tome.asset.meta","02BDABD0801C2B66C709EB19F7D4B8C05B2E1FA31048C81A56871A3632698F35"
"C:\Users\PC\Dragon_Tower\Assets\Data\Items\item_burst_core.asset","72AD31CE76B45C2A8A85DE0F4CF2488C30A08FA2241CC35910BD313923FB59F8"
"C:\Users\PC\Dragon_Tower\Assets\Data\Items\item_burst_core.asset.meta","ED2742C8695B0A7B6D6A74A7A5231846CDA99B933C2C5890CA2E48D92A12A1B2"
"C:\Users\PC\Dragon_Tower\Assets\Data\Items\item_chrono_gear.asset","190C6CBA2C5EE02F62AD92B917C38738AF8536386505A0EE83313736FA82A8A4"
"C:\Users\PC\Dragon_Tower\Assets\Data\Items\item_chrono_gear.asset.meta","A9B41A17DA6A41947242772A10CC05D3A0E34071668D6A17464FDCF68E05FD89"
"C:\Users\PC\Dragon_Tower\Assets\Data\Items\item_desperate_stand.asset","ADA4EDEC28DC2FC372D9C1D24C449040906BC86ECD0580D0A13F2F28C2E50D08"
"C:\Users\PC\Dragon_Tower\Assets\Data\Items\item_desperate_stand.asset.meta","4316F1432AE1971DE87575E64F5261C214137B9A2F5F60BF3D5024B32DD257BA"
"C:\Users\PC\Dragon_Tower\Assets\Data\Items\item_echo_crystal.asset","E80620AC3A9C8ED5990AFBF93EB15C0C60A573B04B09D6C0A1C2C40BEE6EA65D"
"C:\Users\PC\Dragon_Tower\Assets\Data\Items\item_echo_crystal.asset.meta","12C5B7E440238C1B7D0389F6A6B244B5EA4529C4F4DB9D4A8966FF32CADB66F3"
"C:\Users\PC\Dragon_Tower\Assets\Data\Items\item_emergency_accelerator.asset","4609D695B34AF4E308B2761E16EDD129ECB8D94124A5A94DD5ED992C08CAD0CF"
"C:\Users\PC\Dragon_Tower\Assets\Data\Items\item_emergency_accelerator.asset.meta","8CFC30F84085AFF982F1E54919EAE50E0114C538CA09DC3FC9939524E2DD97E4"
"C:\Users\PC\Dragon_Tower\Assets\Data\Items\item_executioner_mark.asset","8A6D9A04321A7412DEB07E1E716842049B2F808DBD7F9E9D3B3FCDA12AC908D1"
"C:\Users\PC\Dragon_Tower\Assets\Data\Items\item_executioner_mark.asset.meta","FCE0EEEA673508B949D20816F358D3EF94256DD94B75A321314A0E78E48C6583"
"C:\Users\PC\Dragon_Tower\Assets\Data\Items\item_frost_witch_tear.asset","17315E3D595BF3D8588F8289DE0BE2D576C29F093AE68A634DE5E76DDE3E6A3F"
"C:\Users\PC\Dragon_Tower\Assets\Data\Items\item_frost_witch_tear.asset.meta","F9C5137166B7D5EC8049B1860186AC9F21D33FB302E1F359CABF6906A7DC31E6"
"C:\Users\PC\Dragon_Tower\Assets\Data\Items\item_giant_roar.asset","8500D05C997A14AE06EAF91BF4396CFE497F8211E35B82D7250A2280A4CB8479"
"C:\Users\PC\Dragon_Tower\Assets\Data\Items\item_giant_roar.asset.meta","5F563915DDF83146EA781CA040072FBF9078D2283524FC349BF30B816692CB4D"
"C:\Users\PC\Dragon_Tower\Assets\Data\Items\item_greater_healing_potion.asset","2486E433CC2870A46DA364E50FE7C9E22DD8876C863C87D49D083657A20603AB"
"C:\Users\PC\Dragon_Tower\Assets\Data\Items\item_greater_healing_potion.asset.meta","6931955F6D0E6DD8D2231DB99A5AE036038CCA63EF7CD8908C176A5E80514A40"
"C:\Users\PC\Dragon_Tower\Assets\Data\Items\item_guardian_brooch.asset","91CF1AC627E2F7938225BE69D4E98C87BE11253CDE2ACF346DCCE75243E1641A"
"C:\Users\PC\Dragon_Tower\Assets\Data\Items\item_guardian_brooch.asset.meta","CB8CACCFED7867BA514AB5BB8847AF31C13B8131AA891ADEAB2A73DAAD3C87E0"
"C:\Users\PC\Dragon_Tower\Assets\Data\Items\item_hardened_armor.asset","9C6161E3A2EAC293EDFEC74945C0EA53199F40C8D52C15E192D1A366B3ED415D"
"C:\Users\PC\Dragon_Tower\Assets\Data\Items\item_hardened_armor.asset.meta","E2B8FF7ECC266FC9E7A220E0B5E0F4EAA20888DE320CB7AB210525C7F2DE094E"
"C:\Users\PC\Dragon_Tower\Assets\Data\Items\item_hardened_claw.asset","F414A40C454D9E95ED17B7E0E03147645A3EFE3708A04A6F9977A5C3E188A23E"
"C:\Users\PC\Dragon_Tower\Assets\Data\Items\item_hardened_claw.asset.meta","B1EA8C78D6346EEE8CC8B144B6F5E3840DBEE3457DA126B8176354F413C07105"
"C:\Users\PC\Dragon_Tower\Assets\Data\Items\item_healing_potion.asset","B3525DA2D27719669D46B005064F0C07D139B863EF2ED4695C6DA8138C015FBD"
"C:\Users\PC\Dragon_Tower\Assets\Data\Items\item_healing_potion.asset.meta","5592A02250B8D7F3E626C60A7E25F7D90F53871932ECBBEC6876F2AD453C676F"
"C:\Users\PC\Dragon_Tower\Assets\Data\Items\item_hero_sword.asset","266B314FBF301BF9671EB7B8ACEF9F93E24F1E4CD9109C0D6D76319DE8F8AF8A"
"C:\Users\PC\Dragon_Tower\Assets\Data\Items\item_hero_sword.asset.meta","93E99913BA7FC06C7A684A2A11987A992984249CFA20BC94DD1C385303DBA4BB"
"C:\Users\PC\Dragon_Tower\Assets\Data\Items\item_inferno_breath.asset","26A00A7AFFFB223D674C3B59CE75BB30AA2A103AA9E7500008F57A410C5A7824"
"C:\Users\PC\Dragon_Tower\Assets\Data\Items\item_inferno_breath.asset.meta","DEBA7C9921E969397D3BFC22C5BF075682D896C15FB83D50E8C39D0917EA9B69"
"C:\Users\PC\Dragon_Tower\Assets\Data\Items\item_infighting_glove.asset","027B75F794A1EBC87E4A3AD16010F7FFC255A627F661567A96E0551EEB377C1A"
"C:\Users\PC\Dragon_Tower\Assets\Data\Items\item_infighting_glove.asset.meta","143D51492E66881704480ED8C02A129A05590CEC30E15478425C29D013646E14"
"C:\Users\PC\Dragon_Tower\Assets\Data\Items\item_light_purification_rod.asset","E79B2AC7C477849568587A1C1FDD3F6AE922E39E3D6AFF757A6E5B97CB9975E9"
"C:\Users\PC\Dragon_Tower\Assets\Data\Items\item_light_purification_rod.asset.meta","3304A5846DDF730B44081A3EB5EEDF232B1DB438274C64A6E007B2C2EB419FE6"
"C:\Users\PC\Dragon_Tower\Assets\Data\Items\item_mana_prism.asset","D4CB85C56C3768760E4313B84CB575CC6604E2BE8E0EC1B2813D132B194F2547"
"C:\Users\PC\Dragon_Tower\Assets\Data\Items\item_mana_prism.asset.meta","6CB4C2D3989C12F51472EDC37411A50A55F26E89AA0057F045559B146CEA72B1"
"C:\Users\PC\Dragon_Tower\Assets\Data\Items\item_meteor_fragment.asset","C9863269A3A34A59EF57C486B06BF895F1F9E33E526BD3A7EA5DDB16A5BAD670"
"C:\Users\PC\Dragon_Tower\Assets\Data\Items\item_meteor_fragment.asset.meta","DCC4BD3038DCA0E45850B18D81367C64F82889491325E6FF410B0F2BA83B53CF"
"C:\Users\PC\Dragon_Tower\Assets\Data\Items\item_phoenix_feather.asset","06698E1C95B35C9FC9856671983CBF596C67509B96119E26FB45A5CB0E833DEA"
"C:\Users\PC\Dragon_Tower\Assets\Data\Items\item_phoenix_feather.asset.meta","93F6687F938116AAECCF820C6BBF60F9FA225589FE0A7F4D624EC1453A497FA0"
"C:\Users\PC\Dragon_Tower\Assets\Data\Items\item_poison_fang.asset","7BB3991472D79502C37E9C12185594B0D59910C8CE0D8B54AF3805A54BE26B00"
"C:\Users\PC\Dragon_Tower\Assets\Data\Items\item_poison_fang.asset.meta","A3091C4B0DAA8E46E35667261C5B796B6A077D3E3BB98698DC0AD0806E7129C4"
"C:\Users\PC\Dragon_Tower\Assets\Data\Items\item_stun_gun.asset","3CDA912A135EF0BB342EA0A53B0F294EA24D48DF2A9028E5260BF5C0715FE676"
"C:\Users\PC\Dragon_Tower\Assets\Data\Items\item_stun_gun.asset.meta","F6BEA8B700332F5295800DA1BF1F0F61E5B5DC1A04E7D2962836EB2E11F33567"
"C:\Users\PC\Dragon_Tower\Assets\Data\Items\item_time_shard.asset","82E967BEB76A9478B675C46FDC75CC07055EE30AA77DC8C31F024FE465F9D9B0"
"C:\Users\PC\Dragon_Tower\Assets\Data\Items\item_time_shard.asset.meta","195A61A4C94D4987662032B6E6A8BAA768F82C750FBE527EF2E3CF7C9D7CC333"
"C:\Users\PC\Dragon_Tower\Assets\Data\Items\item_weakness_lens.asset","3A1C88E2CC8C5627A50C8AD464F827502B6D46348506F63B4A05650701724F87"
"C:\Users\PC\Dragon_Tower\Assets\Data\Items\item_weakness_lens.asset.meta","C9CA62C32837DC3E5681C7899CE2147ECE7C9448D0354BBFBF91C0445128B075"
"C:\Users\PC\Dragon_Tower\Assets\Data\Items\item_yata_mirror.asset","529689E58756FDE961F3445807346A1AB5AA4BFF1863538981F809ADAA328E5B"
"C:\Users\PC\Dragon_Tower\Assets\Data\Items\item_yata_mirror.asset.meta","860A3A405E136E01C45EC960B8CF36434BE5EDFD1F04873D5420F1CFD0B8545B"
"C:\Users\PC\Dragon_Tower\Assets\Data\Monsters\boss_ancient_golem.asset","3323CA2468BC9E1DD7F4A1C7307F87D2FC07D4FD3DE72C161A9CD787D32A95EB"
"C:\Users\PC\Dragon_Tower\Assets\Data\Monsters\boss_ancient_golem.asset.meta","6AA867830F1D4059509294316F36F85DE11E4EB9E7400C6D322EECA0221758C4"
"C:\Users\PC\Dragon_Tower\Assets\Data\Monsters\boss_forge_warden_vulcan_copy_copy_copy 1.asset","9B19F77DED3B2814E04B25EED215151E2E86B967DA9BFA9D0132414C2961CBE6"
"C:\Users\PC\Dragon_Tower\Assets\Data\Monsters\boss_forge_warden_vulcan_copy_copy_copy 1.asset.meta","2362E99609869BF89F0EAD0BEE0C4AC6567770581356092B04067281F6EE91E6"
"C:\Users\PC\Dragon_Tower\Assets\Data\Monsters\boss_forge_warden_vulcan_copy_copy_copy_copy.asset","C09FA50B5BDE3BF0E56115089849C4F3D798D0DD3086301C6FBB430BB7192CC5"
"C:\Users\PC\Dragon_Tower\Assets\Data\Monsters\boss_forge_warden_vulcan_copy_copy_copy_copy.asset.meta","C94C51588446DE94E38F7BA0C1C86EEF1A83A6869B7AAA43EEE21DC7D535ABF3"
"C:\Users\PC\Dragon_Tower\Assets\Data\Monsters\boss_forge_warden_vulcan_copy_copy_copy.asset","6AA141EA2517EC4F4DE39ECB511F27EACDA404115D27E53E9EB18FF73E134478"
"C:\Users\PC\Dragon_Tower\Assets\Data\Monsters\boss_forge_warden_vulcan_copy_copy_copy.asset.meta","077C62C316652BC7872626BFB93096C1213876CAD95E49ED04E53AEAC406570B"
"C:\Users\PC\Dragon_Tower\Assets\Data\Monsters\boss_forge_warden_vulcan_copy_copy.asset","37281C6E299DBD44E7D3B4B723F79A258A0BC86E5A726ABEA1879115F27FF188"
"C:\Users\PC\Dragon_Tower\Assets\Data\Monsters\boss_forge_warden_vulcan_copy_copy.asset.meta","1BA048D297A09DE651BE880C91FDC68335C78AE171A14993C576D4904327A8F2"
"C:\Users\PC\Dragon_Tower\Assets\Data\Monsters\boss_forge_warden_vulcan_copy.asset","0DEB3034BE11174732E23F20387135B2D62E1A4231F26700A90D2E3EBA0C6B6F"
"C:\Users\PC\Dragon_Tower\Assets\Data\Monsters\boss_forge_warden_vulcan_copy.asset.meta","96F95229573CF9FFE57A9106206BB25033E466A25F0F81F06C3E5275E74B3717"
"C:\Users\PC\Dragon_Tower\Assets\Data\Monsters\boss_forge_warden_vulcan.asset","51CA213AF0B00D735136449C017A6A0161D3031B5D1E5800589502448DA3BFA2"
"C:\Users\PC\Dragon_Tower\Assets\Data\Monsters\boss_forge_warden_vulcan.asset.meta","10D887624F7E72473200A437537C126646C3ADF7AA9681A211D26EF007DD495C"
"C:\Users\PC\Dragon_Tower\Assets\Data\Monsters\boss_kraken_guardian.asset","2A52DF3AD6C374A1B977B09ED80CF5A6EB846026A722DFE502CD6170640B9143"
"C:\Users\PC\Dragon_Tower\Assets\Data\Monsters\boss_kraken_guardian.asset.meta","DBC3B51566318252679DC32E2B19351255B2466DDA34AC814E5B31C9AED0D614"
"C:\Users\PC\Dragon_Tower\Assets\Data\Monsters\monster_armored_skeleton.asset","C3BA0305C12F2E3E923C1AFB5387F2E978A166172FE0F1A558C301D51095AC2D"
"C:\Users\PC\Dragon_Tower\Assets\Data\Monsters\monster_armored_skeleton.asset.meta","DA6AFA8F4397395B87F218B9363DD5C7032C1F1B5A13D1B89FFEDF2AFDE50974"
"C:\Users\PC\Dragon_Tower\Assets\Data\Monsters\monster_cave_bat.asset","A062F633DB7700322949A890FF74813C9CE585C677A888E1B4F376801F5F725E"
"C:\Users\PC\Dragon_Tower\Assets\Data\Monsters\monster_cave_bat.asset.meta","5EA107ED2CB1BFE3C3ADD8B2320D154CBE8595E12332DD27179F3E1EC20502E0"
"C:\Users\PC\Dragon_Tower\Assets\Data\Monsters\monster_clockwork_duelist.asset","C81FF996FDABDCC6F16707E586917A5102ED995AA4E0E9E26683097ACE4F23CE"
"C:\Users\PC\Dragon_Tower\Assets\Data\Monsters\monster_clockwork_duelist.asset.meta","D891325E9774A5B492D3C74E7319986919AAECF3D93067615C08B8C93EEC1C55"
"C:\Users\PC\Dragon_Tower\Assets\Data\Monsters\monster_dungeon_zombie.asset","7A96212098B5FAB26688DD53AF1A0B24BE9ADFFD283DCB92ABD3317EBC6549F2"
"C:\Users\PC\Dragon_Tower\Assets\Data\Monsters\monster_dungeon_zombie.asset.meta","3C541041F292FEE25010243878FD98E41C2011CDB1AB3119D60AA89BAA3B3452"
"C:\Users\PC\Dragon_Tower\Assets\Data\Monsters\monster_electric_jellyfish.asset","53D2599B33B4415385492E30890D4777C8E7B64EE5E2C6A108324E59D44DEF43"
"C:\Users\PC\Dragon_Tower\Assets\Data\Monsters\monster_electric_jellyfish.asset.meta","3544E471ACD87F2421C4BCF4DE0963E112C28E988DCC87A4D031616A13609ECD"
"C:\Users\PC\Dragon_Tower\Assets\Data\Monsters\monster_gear_bat.asset","573B252ABFD53711A56E49BCA4FBCF1D47F7324D97E42D6627E0336B7421D13F"
"C:\Users\PC\Dragon_Tower\Assets\Data\Monsters\monster_gear_bat.asset.meta","8B7ABDE341A06231B91353250ABB934814736F8818C05B5303D2117B436DF99D"
"C:\Users\PC\Dragon_Tower\Assets\Data\Monsters\monster_magma_core.asset","E729701ECE11DDAEDC68F6DF1B75994B07473DC30008EAEBF7E91D19C2505545"
"C:\Users\PC\Dragon_Tower\Assets\Data\Monsters\monster_magma_core.asset.meta","254B4D2CD791FA19D110EC7D031F02DBDB16C083622735F1964B17A87B8E7B7F"
"C:\Users\PC\Dragon_Tower\Assets\Data\Monsters\monster_mud_snail.asset","CF314C75CA5F652514C50CAED714584C466F4B6B0DFAFD7F17F9C47E294D7DE6"
"C:\Users\PC\Dragon_Tower\Assets\Data\Monsters\monster_mud_snail.asset.meta","5EE53C04FD687647813992B759E62E8163C50B43465AF9354B525B0C6694A5A4"
"C:\Users\PC\Dragon_Tower\Assets\Data\Monsters\monster_rock_slime.asset","4857F8942CB501EFF38F5A5AD88C737E074D9A0734C9F5F6B21DE321048D02BC"
"C:\Users\PC\Dragon_Tower\Assets\Data\Monsters\monster_rock_slime.asset.meta","1FBFC3D0E8CACAEEFD8DD91BB5326CC0306DFCD0E856DC0B3819C37CF032A55A"
"C:\Users\PC\Dragon_Tower\Assets\Data\Monsters\monster_small_golem.asset","D7E974640B3DADF5CFE01B419D7E011545D35366BBC6CFA39F4DC382EEEF5984"
"C:\Users\PC\Dragon_Tower\Assets\Data\Monsters\monster_small_golem.asset.meta","91BB650B37CD852739EFCF32D33B2CC517AE5978D5851DF024FE48ADC1EC1738"
"C:\Users\PC\Dragon_Tower\Assets\Data\Monsters\monster_steam_sentinel.asset","789567CD36DA263434299FC0BD159DC7D319B94016956CF5381DE432E28CA884"
"C:\Users\PC\Dragon_Tower\Assets\Data\Monsters\monster_steam_sentinel.asset.meta","3098D44FD4E04425D2A0E548803374B78CEB5F1675E16A507FB5D0779CD3E480"
"C:\Users\PC\Dragon_Tower\Assets\Data\Monsters\monster_volt_ray.asset","7C0BA381B52CE69D546C1C924854194C4FAB4038FB622968EDFA4951A131121E"
"C:\Users\PC\Dragon_Tower\Assets\Data\Monsters\monster_volt_ray.asset.meta","BCC1B7860B69F63BE6C95223AE5BD0E308695D295E9AFBEB0CB935816B43E2F2"
"C:\Users\PC\Dragon_Tower\Assets\Data\Monsters\monster_water_gargoyle.asset","1E1872FB0303433216FEEE420FBD5AAAE3FA9DA6E2831DDDCD03A3D838D8EB3B"
"C:\Users\PC\Dragon_Tower\Assets\Data\Monsters\monster_water_gargoyle.asset.meta","62293289F2E40CA78C9FA2290C7E6541C84E942709752850FE6D1AEC72849701"
"C:\Users\PC\Dragon_Tower\Assets\Data\Monsters\new_monsters_copy 1.asset","45F44A4FFFAFC5968EAEDEDDF076C4AEC8B82A398826DC3A13A506A02713E740"
"C:\Users\PC\Dragon_Tower\Assets\Data\Monsters\new_monsters_copy 1.asset.meta","6EBD83FE02346AE6AD500C17043E8A52057654D9E0906FF8553AF4D631DFFA89"
"C:\Users\PC\Dragon_Tower\Assets\Data\Monsters\new_monsters_copy_copy_copy 1_copy_copy_copy.asset","5223F885DB3E8E44FA86C5A74C965399628F93B6412F902046888D945B174B8A"
"C:\Users\PC\Dragon_Tower\Assets\Data\Monsters\new_monsters_copy_copy_copy 1_copy_copy_copy.asset.meta","D069E9A03D3F02E9B7333C7ECCB987D293200C725D7FEDF86B1D80B362863837"
"C:\Users\PC\Dragon_Tower\Assets\Data\Monsters\new_monsters_copy_copy_copy 1_copy_copy.asset","590D7F16EC119EE5D62AB8E58B665B41F778396748BDC4BA2CC3F4BF8762C644"
"C:\Users\PC\Dragon_Tower\Assets\Data\Monsters\new_monsters_copy_copy_copy 1_copy_copy.asset.meta","9ED0771AC6F5BCA3E720A95C24668131787518D6F58221AE5AF9586037FB7B75"
"C:\Users\PC\Dragon_Tower\Assets\Data\Monsters\new_monsters_copy_copy_copy 1_copy.asset","597703330C61DF5272B862A947578D6F5466BB42FFBDAAB43DFF4C8666854874"
"C:\Users\PC\Dragon_Tower\Assets\Data\Monsters\new_monsters_copy_copy_copy 1_copy.asset.meta","BFA38F764D419014D8B2A3FAD990AA65875CBEF6B6ECB1D4C31059EB802C757F"
"C:\Users\PC\Dragon_Tower\Assets\Data\Monsters\new_monsters_copy_copy_copy 1.asset","3DE860C808A983DE037090FCFA0FF4B260D8E7A867792F49C3BF5731F5F4AF08"
"C:\Users\PC\Dragon_Tower\Assets\Data\Monsters\new_monsters_copy_copy_copy 1.asset.meta","9400BA4BAC60A4E09AF70A0594D234FB12369561DECCD3B9B3B308E4B046CCBD"
"C:\Users\PC\Dragon_Tower\Assets\Data\Monsters\new_monsters_copy_copy_copy 2_copy_copy_copy.asset","909D05DBAB58462080B588E14E96CBECF3A7B215DC1418B66D0CDC37D34BA0DD"
"C:\Users\PC\Dragon_Tower\Assets\Data\Monsters\new_monsters_copy_copy_copy 2_copy_copy_copy.asset.meta","13B6772E9A62DBEE5DC45729DE4A255B56B382F2B24B8B4D4F741CF73D460A13"
"C:\Users\PC\Dragon_Tower\Assets\Data\Monsters\new_monsters_copy_copy_copy 2_copy_copy.asset","8E73A0BDED8DC6E11E890AE029D9669C46CCA21F32425D53676D3352EE5E90D3"
"C:\Users\PC\Dragon_Tower\Assets\Data\Monsters\new_monsters_copy_copy_copy 2_copy_copy.asset.meta","3088989356DE779177922DFA6B148668175639FF0FF36812D35218BCBBD6B989"
"C:\Users\PC\Dragon_Tower\Assets\Data\Monsters\new_monsters_copy_copy_copy 2_copy.asset","F731FD29E27FC0918ADFAD5684A94170AD97900599D0C25E99A2E6114DCCF3AD"
"C:\Users\PC\Dragon_Tower\Assets\Data\Monsters\new_monsters_copy_copy_copy 2_copy.asset.meta","E4692131D87E303B8FC6FA9B09C124B5F39746DEB5300327F1E9C5FAF5EE334E"
"C:\Users\PC\Dragon_Tower\Assets\Data\Monsters\new_monsters_copy_copy_copy 2.asset","F86B5A9CF961BC9209E3B28A044136616B0D48822EC37CEE9A651C4EBCD0A370"
"C:\Users\PC\Dragon_Tower\Assets\Data\Monsters\new_monsters_copy_copy_copy 2.asset.meta","41D347C5034DECFF6FAC93346539BD3CEDD77B7BE1EC0C5F3649808BA61BAC86"
"C:\Users\PC\Dragon_Tower\Assets\Data\Monsters\new_monsters_copy_copy_copy 3_copy_copy_copy.asset","A1B28D7232EB2A3F23FA833A353BF493F1D6EFF7EF4E0FC985941E5454026F5D"
"C:\Users\PC\Dragon_Tower\Assets\Data\Monsters\new_monsters_copy_copy_copy 3_copy_copy_copy.asset.meta","10CC6C6E1549E63223BD5FD44517BEE361F2CC3E45DD0EFE74AF4C15FF40CC49"
"C:\Users\PC\Dragon_Tower\Assets\Data\Monsters\new_monsters_copy_copy_copy 3_copy_copy.asset","183715AED700D7519D42D4873C3A9BDEFD8A9C83745A6E52C737C9F3695B16A6"
"C:\Users\PC\Dragon_Tower\Assets\Data\Monsters\new_monsters_copy_copy_copy 3_copy_copy.asset.meta","230402904C3CA5E89F562AC84DD9E443908D95895AAC7C018E78F4B8C6504124"
"C:\Users\PC\Dragon_Tower\Assets\Data\Monsters\new_monsters_copy_copy_copy 3_copy.asset","76EE2F1404ABC82A802B9E42D2B102C229335FFD76FDFF5D0A8586B954EA749A"
"C:\Users\PC\Dragon_Tower\Assets\Data\Monsters\new_monsters_copy_copy_copy 3_copy.asset.meta","0CB0D7BC6166BA503AAA7DD5897730BD04A20127D464F4330C81C946C867766A"
"C:\Users\PC\Dragon_Tower\Assets\Data\Monsters\new_monsters_copy_copy_copy 3.asset","3D320E648CEC1094954B96DAB512F11EC529371C12292D61930C276CEE159C7A"
"C:\Users\PC\Dragon_Tower\Assets\Data\Monsters\new_monsters_copy_copy_copy 3.asset.meta","B9CF6469B551E16A9136241A742B650A85DE536AF86E4FDDBB9744051533D117"
"C:\Users\PC\Dragon_Tower\Assets\Data\Monsters\new_monsters_copy_copy_copy_copy_copy_copy.asset","8F1CC58D318719E2477A5A479BB4071C6554F01169D8C9F580D6A1BB81D21351"
"C:\Users\PC\Dragon_Tower\Assets\Data\Monsters\new_monsters_copy_copy_copy_copy_copy_copy.asset.meta","0F19036EC55BFD919D196D50056D42DF4576294346E7C6F72627A88AB8D11BC1"
"C:\Users\PC\Dragon_Tower\Assets\Data\Monsters\new_monsters_copy_copy_copy_copy_copy.asset","3EB1E5488461381D0E42F6FB380110EFD3ACC6659C6F2F71159768D302B17C38"
"C:\Users\PC\Dragon_Tower\Assets\Data\Monsters\new_monsters_copy_copy_copy_copy_copy.asset.meta","597F9A03408C83EDEEB01A94C6683EAAA1816B85CA49A88DFCB5A052436C1381"
"C:\Users\PC\Dragon_Tower\Assets\Data\Monsters\new_monsters_copy_copy_copy_copy.asset","E6ACB20849726F87D7BDC5E8757C271298A4096CCA6EB977C7F08749B48F2194"
"C:\Users\PC\Dragon_Tower\Assets\Data\Monsters\new_monsters_copy_copy_copy_copy.asset.meta","6A603B08BB792A0DBDB95EF52E14B5D6EFDCF42CCC7851E7F0E890BCA1D83666"
"C:\Users\PC\Dragon_Tower\Assets\Data\Monsters\new_monsters_copy_copy_copy.asset","4F28385891B75E3B51FEE980C53909A73AAA22E75B53489DCAC35893C7E85B3A"
"C:\Users\PC\Dragon_Tower\Assets\Data\Monsters\new_monsters_copy_copy_copy.asset.meta","28809D80716643D254FA361D2C5B7034433DD18358577C115304035D7B825093"
"C:\Users\PC\Dragon_Tower\Assets\Data\Monsters\new_monsters_copy_copy.asset","6F81933E9562F2C7A9E28A639F57AA108119FC2437A839ED9775E601F71283B9"
"C:\Users\PC\Dragon_Tower\Assets\Data\Monsters\new_monsters_copy_copy.asset.meta","8A072A8FAC22FB236EC75B9D6F50FCD9C0B0FAFFADC75EADED563AF9073939BF"
"C:\Users\PC\Dragon_Tower\Assets\Data\Monsters\new_monsters_copy.asset","A334236488475F3A209AD8C4ACF12B6565E69BF6156CC4E4003EA1D5311244D7"
"C:\Users\PC\Dragon_Tower\Assets\Data\Monsters\new_monsters_copy.asset.meta","945BA588918CBC34ED1E76188165CE9DCAA5970F149A585ECF373D91B04083F0"
"C:\Users\PC\Dragon_Tower\Assets\Data\Monsters\new_monsters.asset","0F41FE340FC2F84D29A1B0AC16A91E6B2F7D0C34ADED3ECFBF5E7E0726BDAB87"
"C:\Users\PC\Dragon_Tower\Assets\Data\Monsters\new_monsters.asset.meta","C7A514A0D1414C4B8C513D41E58D3105EBECDC35CB6F6B08AC74D8A893EDB8D4"
"C:\Users\PC\Dragon_Tower\Assets\Data\Skills\skill_apocalypse.asset","3C1824ECF463D61A49859D2C68C90F55093AB4699F35EE48B4CDA2B1B0E7332C"
"C:\Users\PC\Dragon_Tower\Assets\Data\Skills\skill_apocalypse.asset.meta","6BE1FC5E0FDB1EF8EC330B420B64195C80A386F92C7B9B08C3F55889115A14E1"
"C:\Users\PC\Dragon_Tower\Assets\Data\Skills\skill_big_bang.asset","95DD116B3719C9E1E9E9C59AD8D6EC3E7C0288F67C4E4FA34541E9F5D3BAAD2B"
"C:\Users\PC\Dragon_Tower\Assets\Data\Skills\skill_big_bang.asset.meta","3D154ACFF0A590E8D5E8255A1042B431418077B5744EAE8253AD7E73DA26CE5D"
"C:\Users\PC\Dragon_Tower\Assets\Data\Skills\skill_dantian.asset","045E5F88F6628443608B56C6C06EC90C73AF26947F4E41298437C8B7BD776C97"
"C:\Users\PC\Dragon_Tower\Assets\Data\Skills\skill_dantian.asset.meta","4CDDD47409B6C74BFBB0066D47995B4CB0FF124310EFFE51F5CED2F737B53913"
"C:\Users\PC\Dragon_Tower\Assets\Data\Skills\skill_dust_storm.asset","0A16BC0B4BBFCB6A2A7B60BA978BF512C0CE93C75534CF44A56D1463F86B81AD"
"C:\Users\PC\Dragon_Tower\Assets\Data\Skills\skill_dust_storm.asset.meta","3C9F9600352AFAE1E5F2896A1E1E16488762B9D0C5070EA0B1DA5B8C69DD0315"
"C:\Users\PC\Dragon_Tower\Assets\Data\Skills\skill_earthquake.asset","19E668B739B13142D332A5C9FCC01415B4C568A3714D03E2A07005083374F2EC"
"C:\Users\PC\Dragon_Tower\Assets\Data\Skills\skill_earthquake.asset.meta","E7A05EC210020D7386D5E4FE67BABC83EB310D92C2A9412CE16E48C649119ADE"
"C:\Users\PC\Dragon_Tower\Assets\Data\Skills\skill_electric_bolt.asset","0F7EB61467C17C4B923DB4158F267D66D04DC8FF266F5440A6C5B2CD12F06F15"
"C:\Users\PC\Dragon_Tower\Assets\Data\Skills\skill_electric_bolt.asset.meta","275B88BB6755260E21801525A16D3DEA5262D2D37657DAACC66D1B321AF5B29C"
"C:\Users\PC\Dragon_Tower\Assets\Data\Skills\skill_falling_flower.asset","CB1DE065C0680E3643F694E6D8EF4DBCB5C6237A3856A4D931D4648313330227"
"C:\Users\PC\Dragon_Tower\Assets\Data\Skills\skill_falling_flower.asset.meta","A96578850C6D7CAF92980D5D840921049662CAE5C556575C46E968E10C52B45C"
"C:\Users\PC\Dragon_Tower\Assets\Data\Skills\skill_fire_shot.asset","DB5DAFB0A28041AA7D75F5C39B2FEC24C6EFE071CB88A1D2A21BB4B69CFAA745"
"C:\Users\PC\Dragon_Tower\Assets\Data\Skills\skill_fire_shot.asset.meta","AC4F98BFC7909E18B2BA45A2F15FCF32711F9A2DEDE693484BDE2F3C1C3F3499"
"C:\Users\PC\Dragon_Tower\Assets\Data\Skills\skill_gale_slash.asset","EA4ED8985FFED89B073DC0380CCEE7895E6646E9F31F991E1795C5FFA0A116BD"
"C:\Users\PC\Dragon_Tower\Assets\Data\Skills\skill_gale_slash.asset.meta","48E0587A19235E6E601A15AF00EAFC81235FB992635A072155D58005FC9775BA"
"C:\Users\PC\Dragon_Tower\Assets\Data\Skills\skill_holy_explosion.asset","B7DDBD33E7EEF302BB6CE8BDDC93D9E6EF483D33E8D59C0EB719848CCE3DF461"
"C:\Users\PC\Dragon_Tower\Assets\Data\Skills\skill_holy_explosion.asset.meta","0E87FA123F655C51F1E677B1413FC9BF14E05CF114410C7AC51EEE7402CF053B"
"C:\Users\PC\Dragon_Tower\Assets\Data\Skills\skill_ice_slam.asset","DDF1583F5E08B56B8A510E1018F2C274D4398C0EF69D8776758CC16E04FE72F9"
"C:\Users\PC\Dragon_Tower\Assets\Data\Skills\skill_ice_slam.asset.meta","CAC0524239938C76A0C78DE9C951B80153DD3884521469486D88C0008A791B0C"
"C:\Users\PC\Dragon_Tower\Assets\Data\Skills\skill_ice_slash.asset","9F2EE6E22AF15DB21896E5FBF3E47FB5688B97B9D05B523D313B5E025F28B7AF"
"C:\Users\PC\Dragon_Tower\Assets\Data\Skills\skill_ice_slash.asset.meta","7C05DF63C55BF7DBCCA9292E589BD4A966796980CAF6EAF19956DA34FCF37CDD"
"C:\Users\PC\Dragon_Tower\Assets\Data\Skills\skill_light_pillar.asset","817C46D7933D841A591EDC31CD89F5A3FDAB855B44C89FC84823C4C11BB9A8D1"
"C:\Users\PC\Dragon_Tower\Assets\Data\Skills\skill_light_pillar.asset.meta","15F87A206FA570BA2AA83944FB9E1D97BDF1F3916BAC837F1E3107F8A62C4460"
"C:\Users\PC\Dragon_Tower\Assets\Data\Skills\skill_lightning_orb.asset","529AD6B65DE4EB568DF01D99D1CF2C959EA0227B56D0BF2116F9ED9DAC09A4A1"
"C:\Users\PC\Dragon_Tower\Assets\Data\Skills\skill_lightning_orb.asset.meta","B19AB5B9AB89439263059B625ABBCCD8A195E192E36EA758D8A7F5044828438D"
"C:\Users\PC\Dragon_Tower\Assets\Data\Skills\skill_meteor.asset","8D2887DF151DB9FF708DA05F780288A331461883EFC7641E88448721DDA98E0A"
"C:\Users\PC\Dragon_Tower\Assets\Data\Skills\skill_meteor.asset.meta","4EAF1015C06523B345DA74FF524F25ABC69432478A0109BE79828951AE39F1D4"
"C:\Users\PC\Dragon_Tower\Assets\Data\Skills\skill_moon_combo.asset","36CA91E74E5E486611D70B4767D12509CEF615B2F0048DD943B4D23BF290295E"
"C:\Users\PC\Dragon_Tower\Assets\Data\Skills\skill_moon_combo.asset.meta","C58F2DC8F2097648F94FCC99C476A17E75279BD0C8D2A05F00F9263E4045A93C"
"C:\Users\PC\Dragon_Tower\Assets\Data\Skills\skill_paranoia.asset","19BB1BE65A3E5916651F1AEE0D875B4A7FBD71B262380A08FB685B304A9A092B"
"C:\Users\PC\Dragon_Tower\Assets\Data\Skills\skill_paranoia.asset.meta","079CE8D74900483E041DE87B37BB9CCD7A1A9909293B976418A4FFA64097190A"
"C:\Users\PC\Dragon_Tower\Assets\Data\Skills\skill_power_whip.asset","47B34B4977BA74291889BE5B61EFE2B7990A30931B2977E5A6349BC8EA92D5E3"
"C:\Users\PC\Dragon_Tower\Assets\Data\Skills\skill_power_whip.asset.meta","C8A021A7E3542AD8931869B36B96F8A7BD109A61D232726E3862F77C40E972D9"
"C:\Users\PC\Dragon_Tower\Assets\Data\Skills\skill_purgatory.asset","1D2C3A06B55C895E9EA734A89685CC2F2CB15EB16BCDB63F5BFABF63C9FA19AB"
"C:\Users\PC\Dragon_Tower\Assets\Data\Skills\skill_purgatory.asset.meta","9FD5F777D3B9EA3162AA071169CCFE2B25045A24096DBAEB73A5AB57E52E47A7"
"C:\Users\PC\Dragon_Tower\Assets\Data\Skills\skill_shockwave.asset","EBB060ED67E5B867894819D98DBCF9CCA622937704D20938F4915CD96BA87A44"
"C:\Users\PC\Dragon_Tower\Assets\Data\Skills\skill_shockwave.asset.meta","C2F44ED6BE7EFEFE185324F9E8C76D003E8A6ED0FC792EFD199FB991F9D5E4F8"
"C:\Users\PC\Dragon_Tower\Assets\Data\Skills\skill_snipe.asset","2CD8492BEA28014B7DBC79AFABC65D608C64245E07EECBE3FAFB19A3A453F538"
"C:\Users\PC\Dragon_Tower\Assets\Data\Skills\skill_snipe.asset.meta","F830832DF503FBD43EF0CF498ABA3A5B55E0E1589855C31CF91BE3B5B0E70323"
"C:\Users\PC\Dragon_Tower\Assets\Data\Skills\skill_space_rift.asset","853F550C887B9026DB886A5098E1449D0184385FC003E2FA131B9220258409A4"
"C:\Users\PC\Dragon_Tower\Assets\Data\Skills\skill_space_rift.asset.meta","BAF26F4F41856C3AFB04B703707266D26F701AFDC3199ACC3C9F8556438E7B01"
"C:\Users\PC\Dragon_Tower\Assets\Data\Skills\skill_splash.asset","A44C7469413B629E1E961B59937592F23638B32FD44B6B7AD0F11800A32D1768"
"C:\Users\PC\Dragon_Tower\Assets\Data\Skills\skill_splash.asset.meta","A16867D29FF2250A8722AA2213BCF13672D4F0FA6E52ED8749934854A0F3B3E6"
"C:\Users\PC\Dragon_Tower\Assets\Data\Skills\skill_storm_slash.asset","BECC4C3D12769A2B02F720EC8BAAE43934B1B260176180E27D40043FA4275C3A"
"C:\Users\PC\Dragon_Tower\Assets\Data\Skills\skill_storm_slash.asset.meta","CABB1EC4810D0F2EBE522C3C9BD5A72D51A185B70429227035D95C30C0870A87"
"C:\Users\PC\Dragon_Tower\Assets\Data\Skills\skill_thunder_strike.asset","F95B8C97A2A7436EB6764C6FD006F8B7C0E6FA138BDE4AFAB48D785A817CF68A"
"C:\Users\PC\Dragon_Tower\Assets\Data\Skills\skill_thunder_strike.asset.meta","028E81E930171604E47A5FD2D910692DC6059784EC00C5A68D50AE150D20C712"
"C:\Users\PC\Dragon_Tower\Assets\Data\Skills\skill_wind_claw.asset","BCDFF0713DBC0D94655EDCBD98A8E0606B3BA672E2C5BD13BED346F332AFE31A"
"C:\Users\PC\Dragon_Tower\Assets\Data\Skills\skill_wind_claw.asset.meta","DA48CC8FB99D756F3EEAC7B2F19669102F89407CC4E19A78058E02276D4E5696"
"C:\Users\PC\Dragon_Tower\Assets\Editor\AnimationValidation.cs","1C9388D3368DCB72362779589BFF3456700AF29D5E465526AD3DC0373A0D5754"
"C:\Users\PC\Dragon_Tower\Assets\Editor\AnimationValidation.cs.meta","07F9706948033DA3ED8381DA7459072958C4C3E0995E7744338447BB8FE8AA41"
"C:\Users\PC\Dragon_Tower\Assets\Editor\BattleInputValidation.cs","F6D160F49241F3F70F6286C648A1BDDD0732C05B6C97FDB8C9426C1FAA91F91A"
"C:\Users\PC\Dragon_Tower\Assets\Editor\BattleInputValidation.cs.meta","87B37DB4090F5278808E992C0DA3940BB487FB997780B79A931B9E4753E9F787"
"C:\Users\PC\Dragon_Tower\Assets\Editor\CollectionValidation.cs","846AEB0F7F692C9A28C8E8DE77A135E93D42A8857B31CE194283E7E79E35A54A"
"C:\Users\PC\Dragon_Tower\Assets\Editor\CollectionValidation.cs.meta","200F9BEE41738A041CD95BF8A8B6E70A64110969C4A34FFB794FA0A75DA4DA56"
"C:\Users\PC\Dragon_Tower\Assets\Editor\CombatMechanicsChecks.cs","46C36AF75F01970D8F5B51463D6441DAC39B8491AE870C1F1C6E7A36370DE909"
"C:\Users\PC\Dragon_Tower\Assets\Editor\CombatMechanicsChecks.cs.meta","8D63508A384710D86B411F0C22CA01AB535BC53B9BD59DFCB5C2F49D4C4C8C0B"
"C:\Users\PC\Dragon_Tower\Assets\Editor\ContentDataSetup.cs","545DE3437FF60A770768EC162DDD325D00A8917119CECED751DFF5801B56B406"
"C:\Users\PC\Dragon_Tower\Assets\Editor\ContentDataSetup.cs.meta","F03FB5494F2563BFDB6A34D993C518060780420C1C8FB2AF32D07B3A5C20B2F2"
"C:\Users\PC\Dragon_Tower\Assets\Editor\ContentStudio.cs","72FA4FBBEDEE52361193EAE8265B9A327844BD8385C71E5627E48AC95B6B9FD9"
"C:\Users\PC\Dragon_Tower\Assets\Editor\ContentStudio.cs.meta","3DD60606D6368730A601B5DF11099562990B265C8FD644EDC4B49C04EC98D7B3"
"C:\Users\PC\Dragon_Tower\Assets\Editor\ContentSystemValidation.cs","E54F2749A48BF35FAD01921A848D21BDED18F1447B3719D82F852844F3BA16F1"
"C:\Users\PC\Dragon_Tower\Assets\Editor\ContentSystemValidation.cs.meta","FF41A034FD71A18B7521D313E6BCA5EE08F33EE2DB2A2DE124146D11C9992845"
"C:\Users\PC\Dragon_Tower\Assets\Editor\DantianSetup.cs","5BDAB61D8D3E90D0D52968F2B7748B16494EC82B8469B8CCFE6A664C2A081884"
"C:\Users\PC\Dragon_Tower\Assets\Editor\DantianSetup.cs.meta","4FFAEBBE3DF7660BF5CE9FF899A50C5A0600C784E7C946E4BACBAFA875FF191F"
"C:\Users\PC\Dragon_Tower\Assets\Editor\DantianValidation.cs","44B07163F02C69D485FEC1F565C790AE2DFBC106A3B7BDF44B678131595422BF"
"C:\Users\PC\Dragon_Tower\Assets\Editor\DantianValidation.cs.meta","1C2232650527BF7666EE6CA31457C541EBA46773C8AF9AD0BB6FBC8CE9126B7A"
"C:\Users\PC\Dragon_Tower\Assets\Editor\DragonVisibilityValidation.cs","6D8FC34E500006C7E4B82BF3F050B8ABF3DB869AF12EF508C3B4BF4BCF14289D"
"C:\Users\PC\Dragon_Tower\Assets\Editor\DragonVisibilityValidation.cs.meta","BDD2E68CE62CFDA7C4136FA9EA049ABA5368FCEAFDA64E7B24418D749B65F986"
"C:\Users\PC\Dragon_Tower\Assets\Editor\ElementHudThemeSetup.cs","719CB00C1C3596E01BB39128A1B5C4A047562C1E24569D98F1A5F65E36172FA1"
"C:\Users\PC\Dragon_Tower\Assets\Editor\ElementHudThemeSetup.cs.meta","BB52884D83CD2CB2FC3F50EADC67A1D6435ACFB0DD4F8973E485A58F3F6605D0"
"C:\Users\PC\Dragon_Tower\Assets\Editor\FirstOpen.cs","F0FF82060126DC96EAE88F5C46AFC7B21E8AF81ED1CC969B921B03CE72179430"
"C:\Users\PC\Dragon_Tower\Assets\Editor\FirstOpen.cs.meta","2625E25C3D19B1ABEE8153CEB89A7755ADBBA5F2BEF49A2ADD323D6A7850C3F5"
"C:\Users\PC\Dragon_Tower\Assets\Editor\GaleSlashImpactSetup.cs","676A625C5FC17EDD1B991ADCA2A6A9C41C329CC69911BFE193EEDDA312E09CEE"
"C:\Users\PC\Dragon_Tower\Assets\Editor\GaleSlashImpactSetup.cs.meta","9B0C05883CF40DBB929EAD691E454E67474CCA50816191994A9792E8163BB35F"
"C:\Users\PC\Dragon_Tower\Assets\Editor\GaleSlashSetup.cs","C501C781A4F3FC3CA4A47DDF72D3A0F7B63F87EB171669157F98606A311B5D22"
"C:\Users\PC\Dragon_Tower\Assets\Editor\GaleSlashSetup.cs.meta","E18D10DF948BBEEA87AD8112BE4205595413EE12E0F46CC78FC5097FC74FB398"
"C:\Users\PC\Dragon_Tower\Assets\Editor\GaleSlashValidation.cs","1772008128E3BEC90D0D954B13556F0029C27824CBD0C1B5D592AA3ACBD9B1BF"
"C:\Users\PC\Dragon_Tower\Assets\Editor\GaleSlashValidation.cs.meta","C56830430ADFE0FCB052B42FC6EC077AA0E6271069C4ECD91F1FB24AE4BEB00F"
"C:\Users\PC\Dragon_Tower\Assets\Editor\GaleStrikeSetup.cs","715F620886B861A6E2D4EDC4E646342884B92481AA86305DC47A73902CCA3FCD"
"C:\Users\PC\Dragon_Tower\Assets\Editor\GaleStrikeSetup.cs.meta","FD726979A943A475FA104FC0ACBDBB316EE510F5B4A3073C86B3B3C9D0B44301"
"C:\Users\PC\Dragon_Tower\Assets\Editor\PixelArtSetup.cs","11CB11D1F3A10C601A22BA803A40852C6C49140FEDD16C75980053E120AF4573"
"C:\Users\PC\Dragon_Tower\Assets\Editor\PixelArtSetup.cs.meta","44C8C4F15ACBA341CF28F7FD89B378640C99CADDA480336A4788954A48AE0F1F"
"C:\Users\PC\Dragon_Tower\Assets\Editor\PixelArtValidation.cs","3C22DCFEE7365F20EA855463491F10ADBE03949E52AE486933438F6D36C950CB"
"C:\Users\PC\Dragon_Tower\Assets\Editor\PixelArtValidation.cs.meta","1BC4D35E467D4AB75F0382BC933844B75108E76D96B09086F4373839AC99F3A6"
"C:\Users\PC\Dragon_Tower\Assets\Editor\PrototypeSetup.cs","719AFBFBD1D23BD530646B735BF9AF035D376B205B3DFC713420B668494669C0"
"C:\Users\PC\Dragon_Tower\Assets\Editor\PrototypeSetup.cs.meta","3BE7302F511F0265BD8C71441DFF642060183E639CF7A2AE5CE4AB8442281D17"
"C:\Users\PC\Dragon_Tower\Assets\Editor\UpperTowerArtSetup.cs","78DC0E76A536658EB7702D2B4768A9AA78C9AA712F26722F2631319E99DEC444"
"C:\Users\PC\Dragon_Tower\Assets\Editor\UpperTowerArtSetup.cs.meta","4D7459DCF412A9879EA94FA99CC2FC3BB9D56327D27F9298D05CF7C35B97FA9F"
"C:\Users\PC\Dragon_Tower\Assets\Editor\VisualRenewalSetup.cs","5D2D34DDAB324158100758ED3C8B5041142810B50D516FA46AA3784BEF6700C0"
"C:\Users\PC\Dragon_Tower\Assets\Editor\VisualRenewalSetup.cs.meta","97A75C9BFE9B3AF030E534F46DCBA0089C07C6839610E41D72204B092B35E47C"
"C:\Users\PC\Dragon_Tower\Assets\Editor\WindBladeSetup.cs","600667F811A89BD281B0FB38D97FF86959E8195C50CE449BDE84C830F013305C"
"C:\Users\PC\Dragon_Tower\Assets\Editor\WindBladeSetup.cs.meta","9F0734F773EDC49E67400E25C8A9862E47F0BAFC3BE692A2F7D66166B6C1CB79"
"C:\Users\PC\Dragon_Tower\Assets\Editor\WindBladeValidation.cs","E2D7C73B7EE4447CEBBA9F6087E2475BED34D5EE83AE171F82B6E46D4E2051AF"
"C:\Users\PC\Dragon_Tower\Assets\Editor\WindBladeValidation.cs.meta","EBE039AB0433C4D8D07770A07E80273A1734B6EE5EB9BF93F683BBF265B52A41"
"C:\Users\PC\Dragon_Tower\Assets\Editor\WindClawHierarchySetup.cs","04E2B2B5E40AA86E44364327135891DECB31FF4D017A1E4AEE749BE3652BA218"
"C:\Users\PC\Dragon_Tower\Assets\Editor\WindClawHierarchySetup.cs.meta","9380C06841615D2FE4E804BFA338742FBC86161FAFEA7CE934F17E606BD3A753"
"C:\Users\PC\Dragon_Tower\Assets\Editor\WindClawLayeredSetup.cs","E360D703CCE9CF419863076A93A34894B2F6ABA0A6B5D1D1331BCB74D8B8A9DA"
"C:\Users\PC\Dragon_Tower\Assets\Editor\WindClawLayeredSetup.cs.meta","42894EEB8550B4F1318F9AD713A0C6FD7E83AA13C3974E75612F4BF77E7376DD"
"C:\Users\PC\Dragon_Tower\Assets\Editor\WindClawSetup.cs","190E0C40502B0BFACF385E03BD073674D717358BE371D560EC53A3FDD6EE324E"
"C:\Users\PC\Dragon_Tower\Assets\Editor\WindClawSetup.cs.meta","50AFAAE9F6541B34C17FD589FC86C1D30367D612A73685BB7B0DA995D9C2C174"
"C:\Users\PC\Dragon_Tower\Assets\Editor\WindClawSharpSetup.cs","A7E2C5FA08EC630F41810B707E40D0CEB36D3365CAEBF8933B0CF80746D0D8A7"
"C:\Users\PC\Dragon_Tower\Assets\Editor\WindClawSharpSetup.cs.meta","312CF20E7E5ECE0E23B57E075F65A447C4D3450970CFD9B7B1F08721B9260CF2"
"C:\Users\PC\Dragon_Tower\Assets\Editor\WindClawValidation.cs","14520BD5049905D146115732B92267E1E8FA125B87C588FD9F25643D9385ED81"
"C:\Users\PC\Dragon_Tower\Assets\Editor\WindClawValidation.cs.meta","A5D5413F9CA2C95AA9226D6293563D0833C1F61DD1A0BC205E9DBC98548906EC"
"C:\Users\PC\Dragon_Tower\Assets\Editor\WindRemasterSetup.cs","5CEFBBC027A1E2EBC99381CB3871838E3BE9F2F1CAB7C8F353B0A0DAFCA4F2CC"
"C:\Users\PC\Dragon_Tower\Assets\Editor\WindRemasterSetup.cs.meta","5BE4407CE5BE2B9F0223F9A5CE322BB3FA5989F1E7558525ECB8184C1EEEF505"
"C:\Users\PC\Dragon_Tower\Assets\Editor\WindRemasterValidation.cs","0CFEB96019B86AE4ACE876D2073CF9FD484F9CC225AA2F08AF5FBB2F00753EDA"
"C:\Users\PC\Dragon_Tower\Assets\Editor\WindRemasterValidation.cs.meta","83DB20C6246BADD9302C1684326E1186BCDE71A9642B20F3C71007CC7B147FC6"
"C:\Users\PC\Dragon_Tower\Assets\Editor\ZephyrAttackSetup.cs","C81A85C8B8C6142DE1B2DAB53EE21EF8B3C103144FF0062B9CF5372A93D14B39"
"C:\Users\PC\Dragon_Tower\Assets\Editor\ZephyrAttackSetup.cs.meta","740F8FCE9DC7BAFD1AFB168EED1F232E7CA561C029DB51BF18AD42C1A02A4BCB"
"C:\Users\PC\Dragon_Tower\Assets\Editor\ZephyrDeathSetup.cs","37946122AC15D5B382BF48F06F6241A5835B93BC99E8BEBDB98E99A62CFD9AC9"
"C:\Users\PC\Dragon_Tower\Assets\Editor\ZephyrDeathSetup.cs.meta","58B8F7AD03C2859101D008A8B5DB4B00856254EB90B3AE3D2751386C591458CD"
"C:\Users\PC\Dragon_Tower\Assets\Editor\ZephyrDodgeSetup.cs","1BA650962F4777A7291C7CD7F12C5CB4C6748041638E954DF8E2E179332EB91D"
"C:\Users\PC\Dragon_Tower\Assets\Editor\ZephyrDodgeSetup.cs.meta","D0C593BE350E0FD7515FECA4E7FEC20DE7F8FEDF7C53ECE53FB74AAC9E0EF514"
"C:\Users\PC\Dragon_Tower\Assets\Editor\ZephyrHitSetup.cs","98A837F39FF7D554ABABBA94548EE21EC7B52A75B7EC00FD8816EB577FC4D876"
"C:\Users\PC\Dragon_Tower\Assets\Editor\ZephyrHitSetup.cs.meta","C75515917D8AFE63C3AF46981ABCE45CFD6E4AEFC882E00047B987369015E8BF"
"C:\Users\PC\Dragon_Tower\Assets\Editor\ZephyrIdleSetup.cs","ED62E631DFE05C5EDB741FBD0ACC7E889C4A8BF9F1E12EEC9C61BB3C3B0B4961"
"C:\Users\PC\Dragon_Tower\Assets\Editor\ZephyrIdleSetup.cs.meta","E7BB38CAED48DCABA0EDCCE06D4F15D072E7E0B649BC6026841FCB0E2D34DF8B"
"C:\Users\PC\Dragon_Tower\Assets\Editor\ZephyrSkillSetup.cs","F74F9E1C5D8E77C9766E5F49CD6DE91D898D904312A25FDA1AFD5BAEF844CFAD"
"C:\Users\PC\Dragon_Tower\Assets\Editor\ZephyrSkillSetup.cs.meta","973269D28099354AF93C564B5287D3848555D16C21EDCEDBC081968D36BBF237"
"C:\Users\PC\Dragon_Tower\Assets\Eric VFX Studio\Game VFX - Cartoon Skill Effects.meta","707A284A18235D0A8191870E6CFF7BE28BAD03AAB4C68085F2735524CE7B38D8"
"C:\Users\PC\Dragon_Tower\Assets\Eric VFX Studio\Resource.meta","0EAA23B73980582E73F99CC11665677F73C03C28C627D54A925435A694E98820"
"C:\Users\PC\Dragon_Tower\Assets\Eric VFX Studio\Game VFX - Cartoon Skill Effects\Prefabs.meta","F1DF39BA19E3A17B46487ABA23A66CF32C026AD0F0C2B7DCA6A9A5CB4AC4C615"
"C:\Users\PC\Dragon_Tower\Assets\Eric VFX Studio\Game VFX - Cartoon Skill Effects\Readme.txt","FD471A823ED3F8697D3EC2D86D5402F6B495626597E14749ED699E8B74E1717C"
"C:\Users\PC\Dragon_Tower\Assets\Eric VFX Studio\Game VFX - Cartoon Skill Effects\Readme.txt.meta","D497DB79190371ECF4AFC41B18925B266896D846871B0FAB67CC3C4BBF082160"
"C:\Users\PC\Dragon_Tower\Assets\Eric VFX Studio\Game VFX - Cartoon Skill Effects\Scene.meta","AF566A15E337E198935B124F5DCE4B541F16F8061BC2692E7987F2982E14D7D3"
"C:\Users\PC\Dragon_Tower\Assets\Eric VFX Studio\Game VFX - Cartoon Skill Effects\Prefabs\Built-In.meta","32C3109E57141DECB58A87847730417D5EAAE70215DBF88683B102ABA6EC4C5A"
"C:\Users\PC\Dragon_Tower\Assets\Eric VFX Studio\Game VFX - Cartoon Skill Effects\Prefabs\URP.meta","414CF20D89FC8E22D3555E0BEDA5A20C0AB90834E6F6C11A5D6AB6308314943E"
"C:\Users\PC\Dragon_Tower\Assets\Eric VFX Studio\Game VFX - Cartoon Skill Effects\Prefabs\Built-In\FX_3Rotation_Air.prefab","6D7184C726C74C3DCBE3D6B13F1DC4F1F4B0FAC475AF0FCF5495F0A175CC816B"
"C:\Users\PC\Dragon_Tower\Assets\Eric VFX Studio\Game VFX - Cartoon Skill Effects\Prefabs\Built-In\FX_3Rotation_Air.prefab.meta","3202DA048D8E60A521D578C5AFCE9B2C4598FCB001AE487A577E897F4066FD66"
"C:\Users\PC\Dragon_Tower\Assets\Eric VFX Studio\Game VFX - Cartoon Skill Effects\Prefabs\Built-In\FX_Aim_Explode.prefab","EDD38E0EE6B118AC72EE46C71647D9181118DE90C13AE935974210168AE7F3A7"
"C:\Users\PC\Dragon_Tower\Assets\Eric VFX Studio\Game VFX - Cartoon Skill Effects\Prefabs\Built-In\FX_Aim_Explode.prefab.meta","8E1A1C9515D412A0C4741AD9A1845F11F99EDCAA2AD0C5C5F036B8F613CC7467"
"C:\Users\PC\Dragon_Tower\Assets\Eric VFX Studio\Game VFX - Cartoon Skill Effects\Prefabs\Built-In\FX_Blue Rune.prefab","CF1876EDBE7548AE326C8BE5BC217E3B18A4B8E27A971A17C7F0343B5714D85F"
"C:\Users\PC\Dragon_Tower\Assets\Eric VFX Studio\Game VFX - Cartoon Skill Effects\Prefabs\Built-In\FX_Blue Rune.prefab.meta","84793F47D24B40A8042BE058C37C66870DBC0F863221BFDDC4D1D08473547F9E"
"C:\Users\PC\Dragon_Tower\Assets\Eric VFX Studio\Game VFX - Cartoon Skill Effects\Prefabs\Built-In\FX_Blue Stab.prefab","5FBB5B7046D9C9EB768F787DAF039D990DECC434BCC368AA0135BC9276AB304B"
"C:\Users\PC\Dragon_Tower\Assets\Eric VFX Studio\Game VFX - Cartoon Skill Effects\Prefabs\Built-In\FX_Blue Stab.prefab.meta","0099ECD124BEEDA8B81D48EC23BDE02FE466B6056BA318DBA8451A64164BE3A5"
"C:\Users\PC\Dragon_Tower\Assets\Eric VFX Studio\Game VFX - Cartoon Skill Effects\Prefabs\Built-In\FX_Blue Stab7.prefab","8A6CCB4907A28A32104B3838E33677F8BDB55C29988414A4F413A6F199428F84"
"C:\Users\PC\Dragon_Tower\Assets\Eric VFX Studio\Game VFX - Cartoon Skill Effects\Prefabs\Built-In\FX_Blue Stab7.prefab.meta","58289950E702418860A4BF97FBEC3854F6E169F3F4BE25D0D64618080132CA16"
"C:\Users\PC\Dragon_Tower\Assets\Eric VFX Studio\Game VFX - Cartoon Skill Effects\Prefabs\Built-In\FX_BlueCharge.prefab","3B8E9EC0ED1D3D542C83079623CA9F9B15454F8190FD138CFF2629B819F3EA18"
"C:\Users\PC\Dragon_Tower\Assets\Eric VFX Studio\Game VFX - Cartoon Skill Effects\Prefabs\Built-In\FX_BlueCharge.prefab.meta","A5F2184F299436118CB5C12879C0A7324BAE13DA55D5790ADE100E9A00D8958A"
"C:\Users\PC\Dragon_Tower\Assets\Eric VFX Studio\Game VFX - Cartoon Skill Effects\Prefabs\Built-In\FX_BlueSlash_02.prefab","4954B1AE4D044D82A5E95AEF4B052D89F0785FB668A5D497D2EBF3F316285A6B"
"C:\Users\PC\Dragon_Tower\Assets\Eric VFX Studio\Game VFX - Cartoon Skill Effects\Prefabs\Built-In\FX_BlueSlash_02.prefab.meta","A288456192C3AF438CA1DCB4D4B206BE120F50344FA449213EBED2D39F352F65"
"C:\Users\PC\Dragon_Tower\Assets\Eric VFX Studio\Game VFX - Cartoon Skill Effects\Prefabs\Built-In\FX_BlueSlash_Combination.prefab","8AE5C9B6C2F2368B5B6CDD7D5B88F15FEBBB9C749F60EEBFB648F1FD9CA21E80"
"C:\Users\PC\Dragon_Tower\Assets\Eric VFX Studio\Game VFX - Cartoon Skill Effects\Prefabs\Built-In\FX_BlueSlash_Combination.prefab.meta","B75D10561226F04EF6D201DE9A86B283666C83FECC1CC4253C8ABF6B12B3CC20"
"C:\Users\PC\Dragon_Tower\Assets\Eric VFX Studio\Game VFX - Cartoon Skill Effects\Prefabs\Built-In\FX_BlueSlash_Ground.prefab","5B9ACB902FEE62A9BF48952CD2A58CFA9494BF617330D9CCD584E3155A216429"
"C:\Users\PC\Dragon_Tower\Assets\Eric VFX Studio\Game VFX - Cartoon Skill Effects\Prefabs\Built-In\FX_BlueSlash_Ground.prefab.meta","EFC9A096F28FC7E61CE2D84ECC7D6BEED50403B0043FD1ED6C161E2AC6665725"
"C:\Users\PC\Dragon_Tower\Assets\Eric VFX Studio\Game VFX - Cartoon Skill Effects\Prefabs\Built-In\FX_BlueSlash_Ground02.prefab","F1A4B09D55F49F339AB0D3FD08E14D44544E5CF3D47563CBA05AC1A1531D96CA"
"C:\Users\PC\Dragon_Tower\Assets\Eric VFX Studio\Game VFX - Cartoon Skill Effects\Prefabs\Built-In\FX_BlueSlash_Ground02.prefab.meta","46C7F38BF4733966130B67F034B95FA33AFA3BA8854DDEC959B85AA71B8A4641"
"C:\Users\PC\Dragon_Tower\Assets\Eric VFX Studio\Game VFX - Cartoon Skill Effects\Prefabs\Built-In\FX_Bomb_Exp.prefab","D5EC63A81641F476ED84E8BA1D771896C4D28FAE0E47AFD81A50E65A34BAD83B"
"C:\Users\PC\Dragon_Tower\Assets\Eric VFX Studio\Game VFX - Cartoon Skill Effects\Prefabs\Built-In\FX_Bomb_Exp.prefab.meta","EC77EBE96FC2E4B1994479E4A8958F28FF4A50FD505E3D7E5C31A1B3502E5C8D"
"C:\Users\PC\Dragon_Tower\Assets\Eric VFX Studio\Game VFX - Cartoon Skill Effects\Prefabs\Built-In\FX_Bomb_Exp14.prefab","619A2636E9C985E8F530E8DDDF617A17081809F975AE195CCE7672DA1563A3B2"
"C:\Users\PC\Dragon_Tower\Assets\Eric VFX Studio\Game VFX - Cartoon Skill Effects\Prefabs\Built-In\FX_Bomb_Exp14.prefab.meta","3F99F419DAA1EC868D306823141C83AD7C9016E7C6842AE1C2D4B094D9DE8E5B"
"C:\Users\PC\Dragon_Tower\Assets\Eric VFX Studio\Game VFX - Cartoon Skill Effects\Prefabs\Built-In\FX_bullet_Target.prefab","D8654D443E31E68E1E62F9C54B9E6AA7ABAA1B84E387C961B0537B16DFDEBF53"
"C:\Users\PC\Dragon_Tower\Assets\Eric VFX Studio\Game VFX - Cartoon Skill Effects\Prefabs\Built-In\FX_bullet_Target.prefab.meta","F60643278363D6E09C294028B5E8D9833E7A8B42B7F54A5AD0F76FE44F295E9D"
"C:\Users\PC\Dragon_Tower\Assets\Eric VFX Studio\Game VFX - Cartoon Skill Effects\Prefabs\Built-In\FX_bullet_Target2.prefab","661FC618DEE656C8755012D5A3CB6DF5E812FF16BA36EC275B3B33F2DF0D1690"
"C:\Users\PC\Dragon_Tower\Assets\Eric VFX Studio\Game VFX - Cartoon Skill Effects\Prefabs\Built-In\FX_bullet_Target2.prefab.meta","6BB4DB78F4ECBA924FCF6A290110E28F88E1F05523D097383DA7AC01BF44235B"
"C:\Users\PC\Dragon_Tower\Assets\Eric VFX Studio\Game VFX - Cartoon Skill Effects\Prefabs\Built-In\FX_Cartoon Thunder.prefab","9FEF3D45322A5FFFB4D33916A935E43322DD5DBA10B38AD0823C749BA2CB08BB"
"C:\Users\PC\Dragon_Tower\Assets\Eric VFX Studio\Game VFX - Cartoon Skill Effects\Prefabs\Built-In\FX_Cartoon Thunder.prefab.meta","FB4816ABBC9D437C3CFE4819B96A85A2446070A003100C6E694FA0FA9D166411"
"C:\Users\PC\Dragon_Tower\Assets\Eric VFX Studio\Game VFX - Cartoon Skill Effects\Prefabs\Built-In\FX_Cartoon Thunder2.prefab","C15205BE30915404AE63100DB64DD7E18C54B68D69F90ED30852E39DB2292E2A"
"C:\Users\PC\Dragon_Tower\Assets\Eric VFX Studio\Game VFX - Cartoon Skill Effects\Prefabs\Built-In\FX_Cartoon Thunder2.prefab.meta","D3A81BA9388BC9EE20FB68A882E4A43998AB67D301A479A47D878DFCA0750463"
"C:\Users\PC\Dragon_Tower\Assets\Eric VFX Studio\Game VFX - Cartoon Skill Effects\Prefabs\Built-In\FX_Cartoon Thunder3.prefab","5CA152DE5130829337F27CCB49DE1EB0CFE63CBF3205EA07050E9E8CD710AA54"
"C:\Users\PC\Dragon_Tower\Assets\Eric VFX Studio\Game VFX - Cartoon Skill Effects\Prefabs\Built-In\FX_Cartoon Thunder3.prefab.meta","256EB494F990CD5D1E4790BD3DE1254AA48CD652F70BC105C1F9020C9FD0076F"
"C:\Users\PC\Dragon_Tower\Assets\Eric VFX Studio\Game VFX - Cartoon Skill Effects\Prefabs\Built-In\FX_Cartoon_Exp.prefab","C48C380B0CF080D1C5F861149FFA68409070C25F345218D1F99CF72B4EF18875"
"C:\Users\PC\Dragon_Tower\Assets\Eric VFX Studio\Game VFX - Cartoon Skill Effects\Prefabs\Built-In\FX_Cartoon_Exp.prefab.meta","646DEDD21CAA6A4FF7E8F82DC943EEB9DE78B51110BB58D2FAB6CDBB0B2EFF3E"
"C:\Users\PC\Dragon_Tower\Assets\Eric VFX Studio\Game VFX - Cartoon Skill Effects\Prefabs\Built-In\FX_ColorLightball.prefab","EE266CE20F35EE868FABE54D378946811CC4713105D092F1B95645C1C4D82826"
"C:\Users\PC\Dragon_Tower\Assets\Eric VFX Studio\Game VFX - Cartoon Skill Effects\Prefabs\Built-In\FX_ColorLightball.prefab.meta","87AA12FBD71009C20E85E46F43E8873041024F5FD7B736D6E6F9D90C1C684F29"
"C:\Users\PC\Dragon_Tower\Assets\Eric VFX Studio\Game VFX - Cartoon Skill Effects\Prefabs\Built-In\FX_Debuff_Lethargy.prefab","0DA4B2641BEAE75EA0E0671320A70B760F78D6DA60C4535C7F17174B21031FFE"
"C:\Users\PC\Dragon_Tower\Assets\Eric VFX Studio\Game VFX - Cartoon Skill Effects\Prefabs\Built-In\FX_Debuff_Lethargy.prefab.meta","5B33EB2A373ECAE070F63BD466003E9736349E5B9F02ACB3724A07578FEB6DF3"
"C:\Users\PC\Dragon_Tower\Assets\Eric VFX Studio\Game VFX - Cartoon Skill Effects\Prefabs\Built-In\FX_Disaster Starfall.prefab","EC29D1D247D26F7672BADF461B5154AD37B8E10E0E342B2F07C3CA99EEB9F027"
"C:\Users\PC\Dragon_Tower\Assets\Eric VFX Studio\Game VFX - Cartoon Skill Effects\Prefabs\Built-In\FX_Disaster Starfall.prefab.meta","27B04A627B74BF7BB6D12C75C9A646D8DC4EC5107447A0A660C736C9E760C9D9"
"C:\Users\PC\Dragon_Tower\Assets\Eric VFX Studio\Game VFX - Cartoon Skill Effects\Prefabs\Built-In\FX_Disaster Starfall2.prefab","34EA65142E8D092D7CA91B94AB355D09C7B37B339623734EB41C14B27E28420C"
"C:\Users\PC\Dragon_Tower\Assets\Eric VFX Studio\Game VFX - Cartoon Skill Effects\Prefabs\Built-In\FX_Disaster Starfall2.prefab.meta","4A608990ACFA0009F69363EDFF8D515AE8560695786B2CAE70ECD15BA590BADA"
"C:\Users\PC\Dragon_Tower\Assets\Eric VFX Studio\Game VFX - Cartoon Skill Effects\Prefabs\Built-In\FX_Double Claw.prefab","C01A8D6D32768253A029A721E53889F74A574E0FA1E6C29FBC880BB79A87C289"
"C:\Users\PC\Dragon_Tower\Assets\Eric VFX Studio\Game VFX - Cartoon Skill Effects\Prefabs\Built-In\FX_Double Claw.prefab.meta","81B51300B7077B2DB47B1E9E0F216539CD163C4DC2790B64C7898D40B52B38F8"
"C:\Users\PC\Dragon_Tower\Assets\Eric VFX Studio\Game VFX - Cartoon Skill Effects\Prefabs\Built-In\FX_Fire_Exp.prefab","56D9B5F64FE52A9A02F20845550EFAC811DDF19694B1F6AF9210A29E2D6D92E2"
"C:\Users\PC\Dragon_Tower\Assets\Eric VFX Studio\Game VFX - Cartoon Skill Effects\Prefabs\Built-In\FX_Fire_Exp.prefab.meta","F426138AB9F924EE3A683471B77B09EB84E3CC5AE2CBF10D64A667E85C0910BC"
"C:\Users\PC\Dragon_Tower\Assets\Eric VFX Studio\Game VFX - Cartoon Skill Effects\Prefabs\Built-In\FX_Fireball_Fall.prefab","823EC1A29874BCEF5113241CF9FFE436AEFE4DFEE60DEB28F87035899FABB0E3"
"C:\Users\PC\Dragon_Tower\Assets\Eric VFX Studio\Game VFX - Cartoon Skill Effects\Prefabs\Built-In\FX_Fireball_Fall.prefab.meta","03D2F18E84BDF403129CC8D02275B1CCBA0AF7B2DCD4E9B2CA564CCD01BC9060"
"C:\Users\PC\Dragon_Tower\Assets\Eric VFX Studio\Game VFX - Cartoon Skill Effects\Prefabs\Built-In\FX_Fireball_Fall2.prefab","6B98FC94DE4EB8C1890B2B2EFCC63E18DABFB28B6A9AE06AE3ACD8304A9C037A"
"C:\Users\PC\Dragon_Tower\Assets\Eric VFX Studio\Game VFX - Cartoon Skill Effects\Prefabs\Built-In\FX_Fireball_Fall2.prefab.meta","DCD27603FEB1CF94E3D6677D893244D61FB308A1DD25DBE633B8DC0F473E4449"
"C:\Users\PC\Dragon_Tower\Assets\Eric VFX Studio\Game VFX - Cartoon Skill Effects\Prefabs\Built-In\FX_Fireball_Fall8.prefab","CAA488C4CC0262D6E81B0AE53CEAAF033378BD598263985046FD77583D7B76C8"
"C:\Users\PC\Dragon_Tower\Assets\Eric VFX Studio\Game VFX - Cartoon Skill Effects\Prefabs\Built-In\FX_Fireball_Fall8.prefab.meta","627FECB4A52AD0C4C8992151B4B5E76224602654D0465F6E8F1F934B777967B8"
"C:\Users\PC\Dragon_Tower\Assets\Eric VFX Studio\Game VFX - Cartoon Skill Effects\Prefabs\Built-In\FX_FlashShot_Blue.prefab","4CAD551A9E8689FD1699DD55F836BD0DB063EB8673B4C4B3E9C9CEE8DC20FB57"
"C:\Users\PC\Dragon_Tower\Assets\Eric VFX Studio\Game VFX - Cartoon Skill Effects\Prefabs\Built-In\FX_FlashShot_Blue.prefab.meta","E40E9AA65BA81BE4466D0BB0B6ABA65B084E05E3F82C5B5AC3C18DA60505069E"
"C:\Users\PC\Dragon_Tower\Assets\Eric VFX Studio\Game VFX - Cartoon Skill Effects\Prefabs\Built-In\FX_FlashShot_Orange.prefab","5B886E025F8EAEDB3C30C365C35805C42FEAA68469A1D97E28E718DEFEEF1725"
"C:\Users\PC\Dragon_Tower\Assets\Eric VFX Studio\Game VFX - Cartoon Skill Effects\Prefabs\Built-In\FX_FlashShot_Orange.prefab.meta","D290A3AFF72AF342BDDBC1BD437A5A5F1BD4395218DAFA59B2A8C561448493AC"
"C:\Users\PC\Dragon_Tower\Assets\Eric VFX Studio\Game VFX - Cartoon Skill Effects\Prefabs\Built-In\FX_Four Stab.prefab","3B2A8E81C0A333BDF48A9F8CCD2E81C96B241F557637536DB4E6B596FC306086"
"C:\Users\PC\Dragon_Tower\Assets\Eric VFX Studio\Game VFX - Cartoon Skill Effects\Prefabs\Built-In\FX_Four Stab.prefab.meta","D4BEE2FDA24549C1346B25C53FC6A1F566DE6EB6C3DD74A626A9D8892AD203E0"
"C:\Users\PC\Dragon_Tower\Assets\Eric VFX Studio\Game VFX - Cartoon Skill Effects\Prefabs\Built-In\FX_God's punishment.prefab","DDC6774C16DEED64F44077C95C1126D9AFD2920000D7A8EA132934D0AA2DF2A9"
"C:\Users\PC\Dragon_Tower\Assets\Eric VFX Studio\Game VFX - Cartoon Skill Effects\Prefabs\Built-In\FX_God's punishment.prefab.meta","0597C1A0CB9DD0E26E67523E41D48078B387A964245E91CAE8B49ED25177327F"
"C:\Users\PC\Dragon_Tower\Assets\Eric VFX Studio\Game VFX - Cartoon Skill Effects\Prefabs\Built-In\FX_God's punishment2.prefab","D585FBA9909073DF06149401AD33C448F68785F023110034692479D503142A14"
"C:\Users\PC\Dragon_Tower\Assets\Eric VFX Studio\Game VFX - Cartoon Skill Effects\Prefabs\Built-In\FX_God's punishment2.prefab.meta","D1044D4887C7EFDFD73FCB7B0960781740859FBB6CCC2A856762FE5A93CD0F41"
"C:\Users\PC\Dragon_Tower\Assets\Eric VFX Studio\Game VFX - Cartoon Skill Effects\Prefabs\Built-In\FX_Ground Shockwave.prefab","1267CC539FAF5A55D8F793616EBF5CFA81C645C2C3B9243B147A52AFBC641D3D"
"C:\Users\PC\Dragon_Tower\Assets\Eric VFX Studio\Game VFX - Cartoon Skill Effects\Prefabs\Built-In\FX_Ground Shockwave.prefab.meta","EB9DA36BB14756BBE3559EF8402A64D02EA9C6324E76D1FC2D29D1EB5A49146E"
"C:\Users\PC\Dragon_Tower\Assets\Eric VFX Studio\Game VFX - Cartoon Skill Effects\Prefabs\Built-In\FX_Impact Airflow.prefab","9F411A8D25A9807EA512582DF274154CB0000FC5133683374BA172918299FFE0"
"C:\Users\PC\Dragon_Tower\Assets\Eric VFX Studio\Game VFX - Cartoon Skill Effects\Prefabs\Built-In\FX_Impact Airflow.prefab.meta","C015EC84153DAEDED1743F0C6266AFEE0078879CD0DC9A85BCF46BEC70500857"
"C:\Users\PC\Dragon_Tower\Assets\Eric VFX Studio\Game VFX - Cartoon Skill Effects\Prefabs\Built-In\FX_LightUpSmoke.prefab","6166B4C79A29A09536826FCF2DF2920C6EF0D360D2D24AD591798E52C782F12F"
"C:\Users\PC\Dragon_Tower\Assets\Eric VFX Studio\Game VFX - Cartoon Skill Effects\Prefabs\Built-In\FX_LightUpSmoke.prefab.meta","029B2AC4B0A3463597569AAA0B816C3350164D5C7B5038DA7874BF133953D421"
"C:\Users\PC\Dragon_Tower\Assets\Eric VFX Studio\Game VFX - Cartoon Skill Effects\Prefabs\Built-In\FX_MagicLightning_Exp.prefab","BC789A2F8FBCC82A7A4285D06C76CCDB9A52D1DCED16DCA7FD3F91133D3B5A55"
"C:\Users\PC\Dragon_Tower\Assets\Eric VFX Studio\Game VFX - Cartoon Skill Effects\Prefabs\Built-In\FX_MagicLightning_Exp.prefab.meta","54BFE19BEB5244A2DA15372BF4A56F318EF2C2D16BC643A9667C4776C37A939C"
"C:\Users\PC\Dragon_Tower\Assets\Eric VFX Studio\Game VFX - Cartoon Skill Effects\Prefabs\Built-In\FX_Missile launch.prefab","3C874CC5D3B6CCD8DC16905D9B05796403171C295005025E91CDC8CD0C63E891"
"C:\Users\PC\Dragon_Tower\Assets\Eric VFX Studio\Game VFX - Cartoon Skill Effects\Prefabs\Built-In\FX_Missile launch.prefab.meta","1F3A663243B82F4F675252716EF69B799C78B33077FD5D2873355206884DD926"
"C:\Users\PC\Dragon_Tower\Assets\Eric VFX Studio\Game VFX - Cartoon Skill Effects\Prefabs\Built-In\FX_PinkArrow_Shoot.prefab","1D6A939C6F04ABBCC81450A23B29D302E85B08660589CC1411FE3EA41569F731"
"C:\Users\PC\Dragon_Tower\Assets\Eric VFX Studio\Game VFX - Cartoon Skill Effects\Prefabs\Built-In\FX_PinkArrow_Shoot.prefab.meta","6907F1578CEB4C8206D33AF478184CD1A2E42D9D5F0F83A01970849AEBA952DC"
"C:\Users\PC\Dragon_Tower\Assets\Eric VFX Studio\Game VFX - Cartoon Skill Effects\Prefabs\Built-In\FX_PinkMagicArrow_Hit.prefab","26FD6B5012CC17003352FC91FD9A7D37B6E9170E1873979B940A2CB9DA48A0FE"
"C:\Users\PC\Dragon_Tower\Assets\Eric VFX Studio\Game VFX - Cartoon Skill Effects\Prefabs\Built-In\FX_PinkMagicArrow_Hit.prefab.meta","820475227EEDF11CADC84EAE39D10C04653465317E3F2F993D002576E6DEEF7A"
"C:\Users\PC\Dragon_Tower\Assets\Eric VFX Studio\Game VFX - Cartoon Skill Effects\Prefabs\Built-In\FX_Ray blast.prefab","171EE8258DFCCE5B74CA4920A80B7D59DDB48B0958FE84AE28D95E23AC7C8D5C"
"C:\Users\PC\Dragon_Tower\Assets\Eric VFX Studio\Game VFX - Cartoon Skill Effects\Prefabs\Built-In\FX_Ray blast.prefab.meta","1E9F465AB8F9414C81960CF8617075B78FA6BE57277DF4F5E6E32284FF56A8A5"
"C:\Users\PC\Dragon_Tower\Assets\Eric VFX Studio\Game VFX - Cartoon Skill Effects\Prefabs\Built-In\FX_Ray blast2.prefab","C6D954529B8C9951A3179FA212B5705E63FC681C4C3A54AC9004D6C626F73D96"
"C:\Users\PC\Dragon_Tower\Assets\Eric VFX Studio\Game VFX - Cartoon Skill Effects\Prefabs\Built-In\FX_Ray blast2.prefab.meta","533592C4AB8EB248C50E54581817518CDCA1AC23E2C12A73A1E8C2E02B2D466E"
"C:\Users\PC\Dragon_Tower\Assets\Eric VFX Studio\Game VFX - Cartoon Skill Effects\Prefabs\Built-In\FX_Red_2Hit.prefab","F8E334CD6EEE8DFB4BD97AB829DE2B90C75F4BD0F9A125675E2F7A1FE35BA1FE"
"C:\Users\PC\Dragon_Tower\Assets\Eric VFX Studio\Game VFX - Cartoon Skill Effects\Prefabs\Built-In\FX_Red_2Hit.prefab.meta","B342BD78187D411BB5EF6C0032BEB9C009E4E90A88BCA6AB018E2AE7C16E5BC7"
"C:\Users\PC\Dragon_Tower\Assets\Eric VFX Studio\Game VFX - Cartoon Skill Effects\Prefabs\Built-In\FX_Slash_Ground.prefab","ACF68F36FFD2A80B392397858D058418A92130D2D7306B7C12E0868DE5DDACE7"
"C:\Users\PC\Dragon_Tower\Assets\Eric VFX Studio\Game VFX - Cartoon Skill Effects\Prefabs\Built-In\FX_Slash_Ground.prefab.meta","649C53DAB0B71421C71396BF76A7F506131CF9BE64C8B0D1D8C8B0D2924AE4A8"
"C:\Users\PC\Dragon_Tower\Assets\Eric VFX Studio\Game VFX - Cartoon Skill Effects\Prefabs\Built-In\FX_Slash_Ground2.prefab","9BC466F852D0D8114C9CEE7EE9ED7C3E8D5B1D50367DBCCC9E6D5BCC248D8C05"
"C:\Users\PC\Dragon_Tower\Assets\Eric VFX Studio\Game VFX - Cartoon Skill Effects\Prefabs\Built-In\FX_Slash_Ground2.prefab.meta","4B2EAB5789E982C0128B8C2CE3380A154DD4B755B875EA3D6F29DDF887FF8E89"
"C:\Users\PC\Dragon_Tower\Assets\Eric VFX Studio\Game VFX - Cartoon Skill Effects\Prefabs\Built-In\FX_Splash_Hit.prefab","0BC51CFD6B7CB47E9AEB00410F97639887EF55567DD8867F6DBD6B3A08280B55"
"C:\Users\PC\Dragon_Tower\Assets\Eric VFX Studio\Game VFX - Cartoon Skill Effects\Prefabs\Built-In\FX_Splash_Hit.prefab.meta","90D415CC4AC184130C5E2ABAAD7549B7D25C5DDD24B005EC7472D27850B06DCD"
"C:\Users\PC\Dragon_Tower\Assets\Eric VFX Studio\Game VFX - Cartoon Skill Effects\Prefabs\Built-In\FX_Three Kicks.prefab","250FF7DB8207FFF5FC7E05DC8E05483E71D3E99183637AA3A4BC1F0D556963C1"
"C:\Users\PC\Dragon_Tower\Assets\Eric VFX Studio\Game VFX - Cartoon Skill Effects\Prefabs\Built-In\FX_Three Kicks.prefab.meta","B5856C13D2316DEF77F1B476A54D2B4E6BBDA03C5492D7FAD58C315D5A610F6C"
"C:\Users\PC\Dragon_Tower\Assets\Eric VFX Studio\Game VFX - Cartoon Skill Effects\Prefabs\Built-In\FX_Throw Fireball.prefab","CBA6D17CDF91C5535CDAC25DB2F13559F26E1FE2A4AA89DB4676D4F17E9E7C92"
"C:\Users\PC\Dragon_Tower\Assets\Eric VFX Studio\Game VFX - Cartoon Skill Effects\Prefabs\Built-In\FX_Throw Fireball.prefab.meta","0F9BF220D4D4D9081CC2A9778A6FADAF18A02B9DD60192D7988E7E87D7383893"
"C:\Users\PC\Dragon_Tower\Assets\Eric VFX Studio\Game VFX - Cartoon Skill Effects\Prefabs\Built-In\FX_Whirlpool Explosion 1.prefab","BF3AF64DC2E22711ECD297D5C908AC8DD750B0190623FC83EC18D7446B9993EC"
"C:\Users\PC\Dragon_Tower\Assets\Eric VFX Studio\Game VFX - Cartoon Skill Effects\Prefabs\Built-In\FX_Whirlpool Explosion 1.prefab.meta","FFECD0C556427F29C3B0435853C0791F5A6E65C704E2022CB08B9A33166563C9"
"C:\Users\PC\Dragon_Tower\Assets\Eric VFX Studio\Game VFX - Cartoon Skill Effects\Prefabs\Built-In\FX_Whirlpool Explosion.prefab","05C4394E8BFDB4AA1D6159181DAD6770C560350B2B70A93265364406AA2E4675"
"C:\Users\PC\Dragon_Tower\Assets\Eric VFX Studio\Game VFX - Cartoon Skill Effects\Prefabs\Built-In\FX_Whirlpool Explosion.prefab.meta","C81F2A680464B59570E6F5DB2B1ED841369CED67A226C7BC612470BD3D08B12F"
"C:\Users\PC\Dragon_Tower\Assets\Eric VFX Studio\Game VFX - Cartoon Skill Effects\Prefabs\Built-In\FX_Whirlwind Slash.prefab","E9F7E434CD07717F28671C5AD1F06BF76D942CC61244BC4678AB9422E20DB633"
"C:\Users\PC\Dragon_Tower\Assets\Eric VFX Studio\Game VFX - Cartoon Skill Effects\Prefabs\Built-In\FX_Whirlwind Slash.prefab.meta","33A610E2C5DC0BA426A6AE93512D58F2E9417795611220FA18B27DD2F831A95D"
"C:\Users\PC\Dragon_Tower\Assets\Eric VFX Studio\Game VFX - Cartoon Skill Effects\Prefabs\URP\FX_3Rotation_Air.prefab","47B260252843C6712A1585A2696C2028FD991B76E1E32CED34B8F55890A86370"
"C:\Users\PC\Dragon_Tower\Assets\Eric VFX Studio\Game VFX - Cartoon Skill Effects\Prefabs\URP\FX_3Rotation_Air.prefab.meta","1214A6065CBE10240DE5FD8392336E44D51BA3E440DA0B8A0108A4BD40EC8833"
"C:\Users\PC\Dragon_Tower\Assets\Eric VFX Studio\Game VFX - Cartoon Skill Effects\Prefabs\URP\FX_Aim_Explode.prefab","E5236C64E98E08E98645A692ABE49C3C61FCD5A75510EAC9DFBB62628B2689C5"
"C:\Users\PC\Dragon_Tower\Assets\Eric VFX Studio\Game VFX - Cartoon Skill Effects\Prefabs\URP\FX_Aim_Explode.prefab.meta","5DA459C6D06D547DB9F74B08D2E3804B95B526ED7C9129C96A4BB8562041C879"
"C:\Users\PC\Dragon_Tower\Assets\Eric VFX Studio\Game VFX - Cartoon Skill Effects\Prefabs\URP\FX_Blue Rune.prefab","667F8A732253EC35D706DE56C3C3E99A088CF90706936852181864693402A444"
"C:\Users\PC\Dragon_Tower\Assets\Eric VFX Studio\Game VFX - Cartoon Skill Effects\Prefabs\URP\FX_Blue Rune.prefab.meta","E64D1679FE39E0C2317E06427B76B8C26AC85BACE5F963FCA3133EC7DCDDF6D5"
"C:\Users\PC\Dragon_Tower\Assets\Eric VFX Studio\Game VFX - Cartoon Skill Effects\Prefabs\URP\FX_Blue Stab.prefab","7B66B21FA2DA55D04507A739567A4EC46954A1211F7C248B48D9B802DFEBD11A"
"C:\Users\PC\Dragon_Tower\Assets\Eric VFX Studio\Game VFX - Cartoon Skill Effects\Prefabs\URP\FX_Blue Stab.prefab.meta","FA09A5C3E305003523E5FF423D7C3B4910B762747A166E1837E955A1FD6566A9"
"C:\Users\PC\Dragon_Tower\Assets\Eric VFX Studio\Game VFX - Cartoon Skill Effects\Prefabs\URP\FX_Blue Stab7.prefab","E9375994F63E7C026C5803DD8541757A0037015D7219DB7B394CB412A1514391"
"C:\Users\PC\Dragon_Tower\Assets\Eric VFX Studio\Game VFX - Cartoon Skill Effects\Prefabs\URP\FX_Blue Stab7.prefab.meta","C21E0C3A52AE7A3781AE507D32861ED1B57F583B73BB4DDEE61A23AD16E756D4"
"C:\Users\PC\Dragon_Tower\Assets\Eric VFX Studio\Game VFX - Cartoon Skill Effects\Prefabs\URP\FX_BlueCharge.prefab","F46BEFFC553BCB928C3D1E39CC4D538CD26692A98AF96A51C066AF8D89EE2A9D"
"C:\Users\PC\Dragon_Tower\Assets\Eric VFX Studio\Game VFX - Cartoon Skill Effects\Prefabs\URP\FX_BlueCharge.prefab.meta","345DEC010368B0E379846AD435A9C45C90E1A8AB233843BD78DEDB65F1DB6628"
"C:\Users\PC\Dragon_Tower\Assets\Eric VFX Studio\Game VFX - Cartoon Skill Effects\Prefabs\URP\FX_BlueSlash_02.prefab","5A86AD65E19405449769B8FD6EAE46047ECE03FF2C56CD37610B664976B340A2"
"C:\Users\PC\Dragon_Tower\Assets\Eric VFX Studio\Game VFX - Cartoon Skill Effects\Prefabs\URP\FX_BlueSlash_02.prefab.meta","D274B131DE24DDD3A383E6F8110D804DDAE84E1F4DE6195D3490A7FB365B5893"
"C:\Users\PC\Dragon_Tower\Assets\Eric VFX Studio\Game VFX - Cartoon Skill Effects\Prefabs\URP\FX_BlueSlash_Combination.prefab","20266C88F7E4F93DC95C5CCA4445BED06E34C72A6BBEC43EAE1FB9BE8DC4EB51"
"C:\Users\PC\Dragon_Tower\Assets\Eric VFX Studio\Game VFX - Cartoon Skill Effects\Prefabs\URP\FX_BlueSlash_Combination.prefab.meta","283ABF1786FA6730D0E463F12C17AF6F7E39F19D7EE81D812199FC25EF116DBB"
"C:\Users\PC\Dragon_Tower\Assets\Eric VFX Studio\Game VFX - Cartoon Skill Effects\Prefabs\URP\FX_BlueSlash_Ground.prefab","CE5ECBEC010AC7BF1F01F2022366B9C3892BE322F3E4D6F2652FFD70A22E9C7A"
"C:\Users\PC\Dragon_Tower\Assets\Eric VFX Studio\Game VFX - Cartoon Skill Effects\Prefabs\URP\FX_BlueSlash_Ground.prefab.meta","222216DE6131419F4403B882DB51119838D96EFBE7B2E337498638C12E2DFEF8"
"C:\Users\PC\Dragon_Tower\Assets\Eric VFX Studio\Game VFX - Cartoon Skill Effects\Prefabs\URP\FX_BlueSlash_Ground02.prefab","61341D810AE9B9366E3141BCCD40210265FBEFF78A9369EE2BF42F540FD6C24C"
"C:\Users\PC\Dragon_Tower\Assets\Eric VFX Studio\Game VFX - Cartoon Skill Effects\Prefabs\URP\FX_BlueSlash_Ground02.prefab.meta","171598F960E972623DE76F50703186A3D82B0CFF31F9BB18D0A80D4E47FC0B96"
"C:\Users\PC\Dragon_Tower\Assets\Eric VFX Studio\Game VFX - Cartoon Skill Effects\Prefabs\URP\FX_Bomb_Exp.prefab","A0C20488AB9A7D8C97542A4C0885B0C9ABCA1A9EC9D0F90C091EC39D9CAA7AE3"
"C:\Users\PC\Dragon_Tower\Assets\Eric VFX Studio\Game VFX - Cartoon Skill Effects\Prefabs\URP\FX_Bomb_Exp.prefab.meta","39C29901AD0AAA489B96050675956FDFAAF2CF380FC303436D719235FDD3BDFD"
"C:\Users\PC\Dragon_Tower\Assets\Eric VFX Studio\Game VFX - Cartoon Skill Effects\Prefabs\URP\FX_Bomb_Exp14.prefab","205EA9A5E99DDCBC5B11712E3770B76A0531031DA65A7F5A8A078EABBBF2F12B"
"C:\Users\PC\Dragon_Tower\Assets\Eric VFX Studio\Game VFX - Cartoon Skill Effects\Prefabs\URP\FX_Bomb_Exp14.prefab.meta","DBD6505168C027B6936C83C84F6008433170FC2F3BB76516574C1FA6BA5B027D"
"C:\Users\PC\Dragon_Tower\Assets\Eric VFX Studio\Game VFX - Cartoon Skill Effects\Prefabs\URP\FX_Bullet_Target.prefab","4D732ACA3B9B2942CFCE58EDFAF1F43835068AC9E1420246624124E4C13F3251"
"C:\Users\PC\Dragon_Tower\Assets\Eric VFX Studio\Game VFX - Cartoon Skill Effects\Prefabs\URP\FX_Bullet_Target.prefab.meta","390A45A2632975FC65A58CEF1EAFA7735FDA1FCC208E2D81EA14293AD8FB0513"
"C:\Users\PC\Dragon_Tower\Assets\Eric VFX Studio\Game VFX - Cartoon Skill Effects\Prefabs\URP\FX_Cartoon Thunder.prefab","B99B09692E160E8D20FA9D44706C3AFC53C6C0B308246F8D794074E61CD1B6CF"
"C:\Users\PC\Dragon_Tower\Assets\Eric VFX Studio\Game VFX - Cartoon Skill Effects\Prefabs\URP\FX_Cartoon Thunder.prefab.meta","7EAF8DD5E585017EAB24D8D7EB78EC5FE0F7EE08ECE33AAD66FB15ADEAE11C64"
"C:\Users\PC\Dragon_Tower\Assets\Eric VFX Studio\Game VFX - Cartoon Skill Effects\Prefabs\URP\FX_ColorLightball.prefab","31AA308B78230D1836E5967F5736B915BB5AE281AF40AB711096B2C8CBEB917B"
"C:\Users\PC\Dragon_Tower\Assets\Eric VFX Studio\Game VFX - Cartoon Skill Effects\Prefabs\URP\FX_ColorLightball.prefab.meta","07D8D290F6F70116972DD895E8FCEE122B26144D8E3AF43CB7BE3C92758D0783"
"C:\Users\PC\Dragon_Tower\Assets\Eric VFX Studio\Game VFX - Cartoon Skill Effects\Prefabs\URP\FX_Debuff_Lethargy.prefab","C58B6D2B5D0004A60665DE76366316D2176723898DB48A52AE379809EC29EF0E"
"C:\Users\PC\Dragon_Tower\Assets\Eric VFX Studio\Game VFX - Cartoon Skill Effects\Prefabs\URP\FX_Debuff_Lethargy.prefab.meta","24D37AD8C97244F3CE656C45A6E4020D6216B53D0F950700D591B7623FF0D001"
"C:\Users\PC\Dragon_Tower\Assets\Eric VFX Studio\Game VFX - Cartoon Skill Effects\Prefabs\URP\FX_Disaster Starfall.prefab","A29E0B50BED32644002BE0AF82D4B12E67706FE314DE230325A96A1905F4E346"
"C:\Users\PC\Dragon_Tower\Assets\Eric VFX Studio\Game VFX - Cartoon Skill Effects\Prefabs\URP\FX_Disaster Starfall.prefab.meta","C47DA8D371E0A5967121BFD0B79B67A8229EF41482FB1534E06D066C13B8B0C9"
"C:\Users\PC\Dragon_Tower\Assets\Eric VFX Studio\Game VFX - Cartoon Skill Effects\Prefabs\URP\FX_Double Claw.prefab","7AC34187C838D313D7FFE516FDA9D87E3A4AAC87DBCB6D4E0255C2EACB7ABD4F"
"C:\Users\PC\Dragon_Tower\Assets\Eric VFX Studio\Game VFX - Cartoon Skill Effects\Prefabs\URP\FX_Double Claw.prefab.meta","3156F8FABECF9B849712AADF83DF983E619781ED01E061B47CD7E47F923D944C"
"C:\Users\PC\Dragon_Tower\Assets\Eric VFX Studio\Game VFX - Cartoon Skill Effects\Prefabs\URP\FX_Fire_Exp.prefab","C29B4BBC03C463F44A6764642DCE84DAF5E128793776E06D4B0D37D5F5B84256"
"C:\Users\PC\Dragon_Tower\Assets\Eric VFX Studio\Game VFX - Cartoon Skill Effects\Prefabs\URP\FX_Fire_Exp.prefab.meta","CAF29C56F470F9572F70D511579B73073AB503C6D667D3FC0B2D8ED02B076CB7"
"C:\Users\PC\Dragon_Tower\Assets\Eric VFX Studio\Game VFX - Cartoon Skill Effects\Prefabs\URP\FX_Fireball_Fall.prefab","313774905A35B7F342E446459DCDFEEA372535F2C5AAAC00420FEAF014716D10"
"C:\Users\PC\Dragon_Tower\Assets\Eric VFX Studio\Game VFX - Cartoon Skill Effects\Prefabs\URP\FX_Fireball_Fall.prefab.meta","A34FEE0776F61737C2EDCF91F116274783947920333A5177E0B93AAAA9FE0820"
"C:\Users\PC\Dragon_Tower\Assets\Eric VFX Studio\Game VFX - Cartoon Skill Effects\Prefabs\URP\FX_Fireball_Fall8.prefab","56ACCD0E6E313037D86A5580DF47ADEC4069F06B4186EAF8824372E83A176AEB"
"C:\Users\PC\Dragon_Tower\Assets\Eric VFX Studio\Game VFX - Cartoon Skill Effects\Prefabs\URP\FX_Fireball_Fall8.prefab.meta","8DAB4259709A915BAC5EA648B496416FE2E1F49766DC1418697E9F3D0036AA5A"
"C:\Users\PC\Dragon_Tower\Assets\Eric VFX Studio\Game VFX - Cartoon Skill Effects\Prefabs\URP\FX_FlashShot_Blue.prefab","9A36DC2B6A72E0DB3F669BF101F7830FF15C189EA75BE1E27744A7F54E837E52"
"C:\Users\PC\Dragon_Tower\Assets\Eric VFX Studio\Game VFX - Cartoon Skill Effects\Prefabs\URP\FX_FlashShot_Blue.prefab.meta","CB23F073F313C331D6266F2221F2ED9156D7B1D8B6D4126824DA35B031AD8859"
"C:\Users\PC\Dragon_Tower\Assets\Eric VFX Studio\Game VFX - Cartoon Skill Effects\Prefabs\URP\FX_Four Stab.prefab","618109A75E3593C7CC26197941FB88D3965119964E0F03958AD129FF4E6E133E"
"C:\Users\PC\Dragon_Tower\Assets\Eric VFX Studio\Game VFX - Cartoon Skill Effects\Prefabs\URP\FX_Four Stab.prefab.meta","7E28B202FBD67088BD410526D20CF9AACA19AFA96199E4D065C246385229277B"
"C:\Users\PC\Dragon_Tower\Assets\Eric VFX Studio\Game VFX - Cartoon Skill Effects\Prefabs\URP\FX_God's punishment.prefab","3D4F814F8614DE1020D350DA62C11453A3CCBBF70B6D36297927C703D0B9A330"
"C:\Users\PC\Dragon_Tower\Assets\Eric VFX Studio\Game VFX - Cartoon Skill Effects\Prefabs\URP\FX_God's punishment.prefab.meta","0652849AD4F84A859D653487AAA0E24328B7BD988646C265D4585A0011C14AD0"
"C:\Users\PC\Dragon_Tower\Assets\Eric VFX Studio\Game VFX - Cartoon Skill Effects\Prefabs\URP\FX_Ground Shockwave.prefab","5594B972FCB7822B318EAC0F77E29F8A47A8216A65A781DBF6BB911697BF5088"
"C:\Users\PC\Dragon_Tower\Assets\Eric VFX Studio\Game VFX - Cartoon Skill Effects\Prefabs\URP\FX_Ground Shockwave.prefab.meta","356984AE7598E27DD9AAEA6216AB5DAB962E075411722FDD079D85909547A3C5"
"C:\Users\PC\Dragon_Tower\Assets\Eric VFX Studio\Game VFX - Cartoon Skill Effects\Prefabs\URP\FX_Impact Airflow.prefab","C7F7C4303A16B1B50AA63500ECC669E13B72AA8AEFD03419BAC544EF2FAF6EEE"
"C:\Users\PC\Dragon_Tower\Assets\Eric VFX Studio\Game VFX - Cartoon Skill Effects\Prefabs\URP\FX_Impact Airflow.prefab.meta","942D30E080600771035402AB89C5BFCEF669C28E85C049993FDF8DC1B179A0DD"
"C:\Users\PC\Dragon_Tower\Assets\Eric VFX Studio\Game VFX - Cartoon Skill Effects\Prefabs\URP\FX_LightUpSmoke.prefab","B92D900C9B78BFC902B5C8E2DF816E351853EEE2B82CE332B786702A3BF8C9F0"
"C:\Users\PC\Dragon_Tower\Assets\Eric VFX Studio\Game VFX - Cartoon Skill Effects\Prefabs\URP\FX_LightUpSmoke.prefab.meta","E1E79C4B1189B1B74CD12B822884F625E27B2DB40146DBAF09B57D1A80DDC335"
"C:\Users\PC\Dragon_Tower\Assets\Eric VFX Studio\Game VFX - Cartoon Skill Effects\Prefabs\URP\FX_MagicLightning_Exp.prefab","C186F0799D923A2A8A4D5E652BF1E49F7D8AACDCDDFB4D631FC03F8D63F37F26"
"C:\Users\PC\Dragon_Tower\Assets\Eric VFX Studio\Game VFX - Cartoon Skill Effects\Prefabs\URP\FX_MagicLightning_Exp.prefab.meta","24CAD3A1098DD2CFA6052022F31231E53B4AEAC3912FFD66D6841F00C43C9D6C"
"C:\Users\PC\Dragon_Tower\Assets\Eric VFX Studio\Game VFX - Cartoon Skill Effects\Prefabs\URP\FX_Missile launch.prefab","F15C21604D4E47C1F94A8065B1515BC4C844CB79393DD3A625E8F7C4B5C9209B"
"C:\Users\PC\Dragon_Tower\Assets\Eric VFX Studio\Game VFX - Cartoon Skill Effects\Prefabs\URP\FX_Missile launch.prefab.meta","E7692F23EE365520E0C8A6794EF9DC5E618AF826CB44AAF97D645DB7E0D95ACC"
"C:\Users\PC\Dragon_Tower\Assets\Eric VFX Studio\Game VFX - Cartoon Skill Effects\Prefabs\URP\FX_PinkArrow_Shoot.prefab","C5995766A18766540B3E9F7E1DF3C17D201B3F3D59893B299D2197B7434CFE7D"
"C:\Users\PC\Dragon_Tower\Assets\Eric VFX Studio\Game VFX - Cartoon Skill Effects\Prefabs\URP\FX_PinkArrow_Shoot.prefab.meta","253E1D69E16006087C011B0AB5306AC019EF30E4F08AA55732682512DC110A9E"
"C:\Users\PC\Dragon_Tower\Assets\Eric VFX Studio\Game VFX - Cartoon Skill Effects\Prefabs\URP\FX_PinkMagicArrow_Hit.prefab","F63DF0BE31F05B051E1ECE58EC776EED7A091DFC868FB2D367091573A5E629FE"
"C:\Users\PC\Dragon_Tower\Assets\Eric VFX Studio\Game VFX - Cartoon Skill Effects\Prefabs\URP\FX_PinkMagicArrow_Hit.prefab.meta","7295D7704C5AE82A20D334FEA4D91D5D94DF707D96C3BBC3F573CA89CD983B5D"
"C:\Users\PC\Dragon_Tower\Assets\Eric VFX Studio\Game VFX - Cartoon Skill Effects\Prefabs\URP\FX_Ray blast.prefab","95B6F121D1071DE0F98EC1C38BED53452760D5620FF55B8B0547A82000330D89"
"C:\Users\PC\Dragon_Tower\Assets\Eric VFX Studio\Game VFX - Cartoon Skill Effects\Prefabs\URP\FX_Ray blast.prefab.meta","530B6B572A7C3FD436D186B7AA815BF1E604CE99D181962F7BAF95EB6576A69F"
"C:\Users\PC\Dragon_Tower\Assets\Eric VFX Studio\Game VFX - Cartoon Skill Effects\Prefabs\URP\FX_Red_2Hit.prefab","8AFC1A6EB8A0F03569D16C7FD55346205F55DDD7B03867796901213D6AC3C10D"
"C:\Users\PC\Dragon_Tower\Assets\Eric VFX Studio\Game VFX - Cartoon Skill Effects\Prefabs\URP\FX_Red_2Hit.prefab.meta","1EADE281B66FC87763946F84104EDD42A92A9F1E84AAC60EAFAFB232A137C5B0"
"C:\Users\PC\Dragon_Tower\Assets\Eric VFX Studio\Game VFX - Cartoon Skill Effects\Prefabs\URP\FX_Slash_Ground.prefab","453BDE5A7E10FD36A89961FF18ED6AA1A05A740F809713BDFC714D74C76BBAAE"
"C:\Users\PC\Dragon_Tower\Assets\Eric VFX Studio\Game VFX - Cartoon Skill Effects\Prefabs\URP\FX_Slash_Ground.prefab.meta","40BA3AE6C7ABF212A571C9024E51EC6D399F513094E6BBC90488728A10106A40"
"C:\Users\PC\Dragon_Tower\Assets\Eric VFX Studio\Game VFX - Cartoon Skill Effects\Prefabs\URP\FX_Slash_Ground2.prefab","AF15C7C37007D0D72841635FBDF2D6AD1D2E9DF657C173BABE39FF9F1D089CCE"
"C:\Users\PC\Dragon_Tower\Assets\Eric VFX Studio\Game VFX - Cartoon Skill Effects\Prefabs\URP\FX_Slash_Ground2.prefab.meta","C07334B7CA38C9A0DF27DFE2376D963D1BB3ECFFE996F7CF319CA7BA870DC104"
"C:\Users\PC\Dragon_Tower\Assets\Eric VFX Studio\Game VFX - Cartoon Skill Effects\Prefabs\URP\FX_Splash_Hit.prefab","871C1396F9B0E7081BD0AA783789806390B78D2A6F35542C48DA8D2B080FEC47"
"C:\Users\PC\Dragon_Tower\Assets\Eric VFX Studio\Game VFX - Cartoon Skill Effects\Prefabs\URP\FX_Splash_Hit.prefab.meta","DC58BB701A928F8AC8210C69D13AC181AF8E179BAC15F73C2B4B814BF1F9053A"
"C:\Users\PC\Dragon_Tower\Assets\Eric VFX Studio\Game VFX - Cartoon Skill Effects\Prefabs\URP\FX_Three Kicks.prefab","953E4F13566DC69BCAB495F9A70342DA2F7439D2801C98AB565FD12FE4508E74"
"C:\Users\PC\Dragon_Tower\Assets\Eric VFX Studio\Game VFX - Cartoon Skill Effects\Prefabs\URP\FX_Three Kicks.prefab.meta","9DE8132F130050C47D1F6DDEDD8EB29E62D58EFC82E466059E703D82C040BDDE"
"C:\Users\PC\Dragon_Tower\Assets\Eric VFX Studio\Game VFX - Cartoon Skill Effects\Prefabs\URP\FX_Throw Fireball.prefab","BC5AB67DAF5FCA554F3793452990DCC6997E4C55961039A2E585720F9ED7FDE0"
"C:\Users\PC\Dragon_Tower\Assets\Eric VFX Studio\Game VFX - Cartoon Skill Effects\Prefabs\URP\FX_Throw Fireball.prefab.meta","827F8E114485278AA47083D3A8D65BEFB612EFD219187B3A850F1AFB47317ADD"
"C:\Users\PC\Dragon_Tower\Assets\Eric VFX Studio\Game VFX - Cartoon Skill Effects\Prefabs\URP\FX_Whirlpool Explosion.prefab","725F77BC9C9D8550BD08FAB69D8D2A3B3F5368EA7C14B5DEDE2A8110417597A9"
"C:\Users\PC\Dragon_Tower\Assets\Eric VFX Studio\Game VFX - Cartoon Skill Effects\Prefabs\URP\FX_Whirlpool Explosion.prefab.meta","29E92B4AC0D12076D43F2AD4913CA1D0FE9880AD8BECA38E0E83E968AB45F402"
"C:\Users\PC\Dragon_Tower\Assets\Eric VFX Studio\Game VFX - Cartoon Skill Effects\Prefabs\URP\FX_Whirlwind Slash.prefab","371E363FF43C6AFA7028A9FF13C353BC400828BAFD4397EF4905FE3898242FB5"
"C:\Users\PC\Dragon_Tower\Assets\Eric VFX Studio\Game VFX - Cartoon Skill Effects\Prefabs\URP\FX_Whirlwind Slash.prefab.meta","8108079867B0215B0E6CB9546ECB20895BC2BD9AF87A8ADA4107FD63EE1CC621"
"C:\Users\PC\Dragon_Tower\Assets\Eric VFX Studio\Game VFX - Cartoon Skill Effects\Prefabs\URP\Mesh.meta","29A7CB8003B1B19983401712E0A3E2EFA832C69E9ADF0CDBB727D3115BA6A3E5"
"C:\Users\PC\Dragon_Tower\Assets\Eric VFX Studio\Game VFX - Cartoon Skill Effects\Prefabs\URP\Mesh\20002_Sphere Variant.prefab","4E6A9283E4AEE7C43A3084CE3F664A03E93776F12FBA17E1E96EB0D97AAD960D"
"C:\Users\PC\Dragon_Tower\Assets\Eric VFX Studio\Game VFX - Cartoon Skill Effects\Prefabs\URP\Mesh\20002_Sphere Variant.prefab.meta","9D612699C2FF364F93EEECEA178F96FF1C45FF877FE4A714483DD31F120F0ADF"
"C:\Users\PC\Dragon_Tower\Assets\Eric VFX Studio\Game VFX - Cartoon Skill Effects\Prefabs\URP\Mesh\aura_01 Variant.prefab","B15CEC941798AE4B5FC099A5C827BDDF9D39E5D3E1FC6054CC08C3B0152A3933"
"C:\Users\PC\Dragon_Tower\Assets\Eric VFX Studio\Game VFX - Cartoon Skill Effects\Prefabs\URP\Mesh\aura_01 Variant.prefab.meta","F566CF237F5B047D453A272E83752CA974B358AC4E967CDE30E3B78118F3353C"
"C:\Users\PC\Dragon_Tower\Assets\Eric VFX Studio\Game VFX - Cartoon Skill Effects\Prefabs\URP\Mesh\aura_02 Variant.prefab","09FA0860138BFB2413A376583322BD92F179CAD0E64240E83E8C07BC9CFBE628"
"C:\Users\PC\Dragon_Tower\Assets\Eric VFX Studio\Game VFX - Cartoon Skill Effects\Prefabs\URP\Mesh\aura_02 Variant.prefab.meta","D7A9AA4D3CFB46122B6D1E3D3F7FF7774B3939C51BEEB37739DDC6B11A5FE748"
"C:\Users\PC\Dragon_Tower\Assets\Eric VFX Studio\Game VFX - Cartoon Skill Effects\Prefabs\URP\Mesh\cone_001 Variant.prefab","40126B01C9407B007D7FA410BBE989CE73255ED6C58B9070AC99C19B26009724"
"C:\Users\PC\Dragon_Tower\Assets\Eric VFX Studio\Game VFX - Cartoon Skill Effects\Prefabs\URP\Mesh\cone_001 Variant.prefab.meta","F0AEC37BBEDA2BF88561417A3425C6CCFC8951F1DF90B00F24F4D142D007B62D"
"C:\Users\PC\Dragon_Tower\Assets\Eric VFX Studio\Game VFX - Cartoon Skill Effects\Prefabs\URP\Mesh\cone02_20pl Variant.prefab","66A87397E17BE7C1941BDE7411E5451778C1B48BC1B17336BCEDBB917AF6D37F"
"C:\Users\PC\Dragon_Tower\Assets\Eric VFX Studio\Game VFX - Cartoon Skill Effects\Prefabs\URP\Mesh\cone02_20pl Variant.prefab.meta","C83F5D17A333E4BC069D32A6EAB411D986CDBA8E011C419B8CCA06B4E5C2E854"
"C:\Users\PC\Dragon_Tower\Assets\Eric VFX Studio\Game VFX - Cartoon Skill Effects\Prefabs\URP\Mesh\Cylinder_001 Variant.prefab","4C3AD684B48EED461954FD0085B8D10EAA690E8E16B16D615468B179B7FE6D94"
"C:\Users\PC\Dragon_Tower\Assets\Eric VFX Studio\Game VFX - Cartoon Skill Effects\Prefabs\URP\Mesh\Cylinder_001 Variant.prefab.meta","CE9883AEA09DCE9F1556A6E0013636F8D5C91343F0B840DAFAD709D6B19827F0"
"C:\Users\PC\Dragon_Tower\Assets\Eric VFX Studio\Game VFX - Cartoon Skill Effects\Prefabs\URP\Mesh\cylinder_alpha0 Variant.prefab","586C5CB4D153CB1382519263B42C3B2C61E371091246187C9AB23178594C7442"
"C:\Users\PC\Dragon_Tower\Assets\Eric VFX Studio\Game VFX - Cartoon Skill Effects\Prefabs\URP\Mesh\cylinder_alpha0 Variant.prefab.meta","62290FCE393BD9FB1D3071CFD9B108091CD736ED71D7F15CEAE8CE52A03EB9FD"
"C:\Users\PC\Dragon_Tower\Assets\Eric VFX Studio\Game VFX - Cartoon Skill Effects\Prefabs\URP\Mesh\daodantou Variant.prefab","3A65D793FC260BC0501CD70BDCC5AF34FF225C41283B0A5E2E50D60A95DED5D1"
"C:\Users\PC\Dragon_Tower\Assets\Eric VFX Studio\Game VFX - Cartoon Skill Effects\Prefabs\URP\Mesh\daodantou Variant.prefab.meta","D0761224B109FE6A42333AA4D896A484F1669F7C120499A86CBCBD71BFF187FA"
"C:\Users\PC\Dragon_Tower\Assets\Eric VFX Studio\Game VFX - Cartoon Skill Effects\Prefabs\URP\Mesh\dau_02 Variant.prefab","EF15D80AA2C344FF71A96A46B082A6F44A0D4A1E3E4B1D3192D59B46672780E2"
"C:\Users\PC\Dragon_Tower\Assets\Eric VFX Studio\Game VFX - Cartoon Skill Effects\Prefabs\URP\Mesh\dau_02 Variant.prefab.meta","49E9370D9532BB78593F2AAC3F4DA58894CAA4571ACF722B8E921875C2EC5298"
"C:\Users\PC\Dragon_Tower\Assets\Eric VFX Studio\Game VFX - Cartoon Skill Effects\Prefabs\URP\Mesh\DownC_001 Variant.prefab","5E6C0C41C444259B55DC0C2B0C25C1B0523416C64F6256344BEF4F6606C84D87"
"C:\Users\PC\Dragon_Tower\Assets\Eric VFX Studio\Game VFX - Cartoon Skill Effects\Prefabs\URP\Mesh\DownC_001 Variant.prefab.meta","07772002CFC2BDA59D85F8F640CA2B6B4CF021C1A5803DB9DB09CAEF2879B699"
"C:\Users\PC\Dragon_Tower\Assets\Eric VFX Studio\Game VFX - Cartoon Skill Effects\Prefabs\URP\Mesh\Eric_SlashP01 Variant.prefab","F5783748BBC345A74A2AF2BFC605DE2AF577A1B358EE6876382222F05356388C"
"C:\Users\PC\Dragon_Tower\Assets\Eric VFX Studio\Game VFX - Cartoon Skill Effects\Prefabs\URP\Mesh\Eric_SlashP01 Variant.prefab.meta","FA0BBCEC07EA32CFF5AB81C58465A6B3E62593A9902399ED54A32AE2B69808F0"
"C:\Users\PC\Dragon_Tower\Assets\Eric VFX Studio\Game VFX - Cartoon Skill Effects\Prefabs\URP\Mesh\Fireball Variant.prefab","3996AA72D51AF6578AFA814A9645CE8C97EF3DF25239741371D65BC02E895AC2"
"C:\Users\PC\Dragon_Tower\Assets\Eric VFX Studio\Game VFX - Cartoon Skill Effects\Prefabs\URP\Mesh\Fireball Variant.prefab.meta","3186226C72C74E84228CE44207974830531791F0FF2C711FC91EEE4EC3A6E9D5"
"C:\Users\PC\Dragon_Tower\Assets\Eric VFX Studio\Game VFX - Cartoon Skill Effects\Prefabs\URP\Mesh\floorbroke Variant.prefab","BF7772A4963508108BE884140462A18AABFD810651B153D982367B7D7524B1F1"
"C:\Users\PC\Dragon_Tower\Assets\Eric VFX Studio\Game VFX - Cartoon Skill Effects\Prefabs\URP\Mesh\floorbroke Variant.prefab.meta","71476450AD3B93FEC239B9A4DC25D173E94F03A8F30E5893B6A0ACD89C2E73E4"
"C:\Users\PC\Dragon_Tower\Assets\Eric VFX Studio\Game VFX - Cartoon Skill Effects\Prefabs\URP\Mesh\HalfSphere01 Variant.prefab","AABCB47FA110AF1BE5E90C2603CB0E33F4A085BA5AEEDBAC21ADA5C0F6212B05"
"C:\Users\PC\Dragon_Tower\Assets\Eric VFX Studio\Game VFX - Cartoon Skill Effects\Prefabs\URP\Mesh\HalfSphere01 Variant.prefab.meta","008EB941B64E6C3C4300694E6E657222308761C52DDFAEAFD4AEB596496D4181"
"C:\Users\PC\Dragon_Tower\Assets\Eric VFX Studio\Game VFX - Cartoon Skill Effects\Prefabs\URP\Mesh\line_01 Variant.prefab","75E521DB32B2E05FCF67B191EBE236AAF2487B60A2B633E085BA41E017FBA229"
"C:\Users\PC\Dragon_Tower\Assets\Eric VFX Studio\Game VFX - Cartoon Skill Effects\Prefabs\URP\Mesh\line_01 Variant.prefab.meta","EEEAB34A4028F725F7111BE3A5251EDBC67E1FE4853427264C8CAA6DAC753EEB"
"C:\Users\PC\Dragon_Tower\Assets\Eric VFX Studio\Game VFX - Cartoon Skill Effects\Prefabs\URP\Mesh\line_02 Variant.prefab","58D57174EBE6C1FE5EE42AC8998B7BFA88D4264C71B94C66B8359AF1B0ECB906"
"C:\Users\PC\Dragon_Tower\Assets\Eric VFX Studio\Game VFX - Cartoon Skill Effects\Prefabs\URP\Mesh\line_02 Variant.prefab.meta","B7C1FD9DE4EC2291B186D492DEE6F0F75B44206A0C550D169A0D61C9AB712F40"
"C:\Users\PC\Dragon_Tower\Assets\Eric VFX Studio\Game VFX - Cartoon Skill Effects\Prefabs\URP\Mesh\line_04 Variant.prefab","299D19E4D4316C8376AD1C3FBABAB5E817953EE992FE64F5174CA906EDB9870F"
"C:\Users\PC\Dragon_Tower\Assets\Eric VFX Studio\Game VFX - Cartoon Skill Effects\Prefabs\URP\Mesh\line_04 Variant.prefab.meta","E883947CBC9AA6CF6595C188E2F4DE6FCF568BD1C023348682865A0F702606FF"
"C:\Users\PC\Dragon_Tower\Assets\Eric VFX Studio\Game VFX - Cartoon Skill Effects\Prefabs\URP\Mesh\Line_Center Variant.prefab","4A4C724D76B6D1CFF5715A5496C343056111CC45058A8D2B77772045A09F9B9A"
"C:\Users\PC\Dragon_Tower\Assets\Eric VFX Studio\Game VFX - Cartoon Skill Effects\Prefabs\URP\Mesh\Line_Center Variant.prefab.meta","E547D5E5A1C5897805D7E97FB1DF0D4EC211D4E63CAEA6A69895D818588D4C12"
"C:\Users\PC\Dragon_Tower\Assets\Eric VFX Studio\Game VFX - Cartoon Skill Effects\Prefabs\URP\Mesh\plane_lighting1 Variant.prefab","F3D103478B3FFB7DDEFDA0927A890522A5F0F75F1A8FB8459BF233C77E9AD6F2"
"C:\Users\PC\Dragon_Tower\Assets\Eric VFX Studio\Game VFX - Cartoon Skill Effects\Prefabs\URP\Mesh\plane_lighting1 Variant.prefab.meta","A2D295D2A0AC5130212D09A4A8642943C0141FE2865847B90CC32497ACF5773A"
"C:\Users\PC\Dragon_Tower\Assets\Eric VFX Studio\Game VFX - Cartoon Skill Effects\Prefabs\URP\Mesh\Plane_Line_01 Variant.prefab","DE5BD2817FDEC615A45A23EC679A12167E4E8564AA9CEA496929E7EBC94D1E5D"
"C:\Users\PC\Dragon_Tower\Assets\Eric VFX Studio\Game VFX - Cartoon Skill Effects\Prefabs\URP\Mesh\Plane_Line_01 Variant.prefab.meta","9B9B0FEB9712FABA2551F1DCD5A6B7446EA69CA7AF9432D920912901088494F1"
"C:\Users\PC\Dragon_Tower\Assets\Eric VFX Studio\Game VFX - Cartoon Skill Effects\Prefabs\URP\Mesh\PlaneDown_001 Variant.prefab","AD9EC83AED33CACFDEA89ABB7C39C73DEB92FDC07B46DDD6674C2A8C5D7423C9"
"C:\Users\PC\Dragon_Tower\Assets\Eric VFX Studio\Game VFX - Cartoon Skill Effects\Prefabs\URP\Mesh\PlaneDown_001 Variant.prefab.meta","A8D18F0F480164C0FE2CF4D4791389C527DC3AD5EF8D212CC83EAB614D3A9644"
"C:\Users\PC\Dragon_Tower\Assets\Eric VFX Studio\Game VFX - Cartoon Skill Effects\Prefabs\URP\Mesh\PlaneL Variant.prefab","A0B4459ADDA204C83864B6E0B5788E55AFF41EAAC72453423B0A3091A1800C54"
"C:\Users\PC\Dragon_Tower\Assets\Eric VFX Studio\Game VFX - Cartoon Skill Effects\Prefabs\URP\Mesh\PlaneL Variant.prefab.meta","FD6CE8608C996C8B2E512014D778A6BC670511AC6B596B18DBEBEB42F417BFFD"
"C:\Users\PC\Dragon_Tower\Assets\Eric VFX Studio\Game VFX - Cartoon Skill Effects\Prefabs\URP\Mesh\pz_002 Variant.prefab","9AF45D321C6A2672B6D26023B6C4D356E2CCBDA6EC57B7D4B58CAA06B064CF54"
"C:\Users\PC\Dragon_Tower\Assets\Eric VFX Studio\Game VFX - Cartoon Skill Effects\Prefabs\URP\Mesh\pz_002 Variant.prefab.meta","B20902FC9D6E661127F682D1BE7C9F23D97B96BD10EF1282D7B903C08D511E58"
"C:\Users\PC\Dragon_Tower\Assets\Eric VFX Studio\Game VFX - Cartoon Skill Effects\Prefabs\URP\Mesh\pzplane Variant.prefab","1E0F8F3F170FF9BA92D0FFFF611E0D043EE970BAE5064A43E50608E6C191686A"
"C:\Users\PC\Dragon_Tower\Assets\Eric VFX Studio\Game VFX - Cartoon Skill Effects\Prefabs\URP\Mesh\pzplane Variant.prefab.meta","20D752DC5FA5C9433563EF7DDAFF98AA0B76EE32FE6D11BB6E3006B1361F0DD1"
"C:\Users\PC\Dragon_Tower\Assets\Eric VFX Studio\Game VFX - Cartoon Skill Effects\Prefabs\URP\Mesh\rockplane_01 Variant.prefab","38E4E303C2E82DA5764B4AF4DF62EA0BD8B0D6AB073EF870F8A6199320955EDA"
"C:\Users\PC\Dragon_Tower\Assets\Eric VFX Studio\Game VFX - Cartoon Skill Effects\Prefabs\URP\Mesh\rockplane_01 Variant.prefab.meta","C04E32014A91460D3760B734078C9D31BF887A2B9F7508672872C5362055EB92"
"C:\Users\PC\Dragon_Tower\Assets\Eric VFX Studio\Game VFX - Cartoon Skill Effects\Prefabs\URP\Mesh\rockplane_02 Variant.prefab","0253D6687AF10E4CDA0D73CAD75482A457181D3016B187E6674E430869549825"
"C:\Users\PC\Dragon_Tower\Assets\Eric VFX Studio\Game VFX - Cartoon Skill Effects\Prefabs\URP\Mesh\rockplane_02 Variant.prefab.meta","8FFA968F53CACD8CA178DA959208975E595042F01371C778B77F8468F62F0A82"
"C:\Users\PC\Dragon_Tower\Assets\Eric VFX Studio\Game VFX - Cartoon Skill Effects\Prefabs\URP\Mesh\Rotation_Line_001 Variant.prefab","C6C30CD3EE01B8C724A46F6139D437D9BD80CA0B472A78C8B6875C78174A01E9"
"C:\Users\PC\Dragon_Tower\Assets\Eric VFX Studio\Game VFX - Cartoon Skill Effects\Prefabs\URP\Mesh\Rotation_Line_001 Variant.prefab.meta","27191CF7D3497F9E8C8FA5B189BB20786991DF57067BC8AB6A7A9D648B1D011F"
"C:\Users\PC\Dragon_Tower\Assets\Eric VFX Studio\Game VFX - Cartoon Skill Effects\Prefabs\URP\Mesh\Slash Variant.prefab","728CB9A8FB7990053EDB2671867F12856B9FC0A0A9CB2F034EE27D2539575548"
"C:\Users\PC\Dragon_Tower\Assets\Eric VFX Studio\Game VFX - Cartoon Skill Effects\Prefabs\URP\Mesh\Slash Variant.prefab.meta","984D146EA085F93DFA049ED741B6F0336F142451260B83EB072D0CE0549FE038"
"C:\Users\PC\Dragon_Tower\Assets\Eric VFX Studio\Game VFX - Cartoon Skill Effects\Prefabs\URP\Mesh\slash_mesh_002 Variant.prefab","5D8D0CDDBAFDA4B9552F893BC972CE49788271F0243E9B28C676D194122930BD"
"C:\Users\PC\Dragon_Tower\Assets\Eric VFX Studio\Game VFX - Cartoon Skill Effects\Prefabs\URP\Mesh\slash_mesh_002 Variant.prefab.meta","5B04B2EFDC3B3B8CA3EC75EAF7077FB998B249248D7E6D16706C5FF35F27E396"
"C:\Users\PC\Dragon_Tower\Assets\Eric VFX Studio\Game VFX - Cartoon Skill Effects\Prefabs\URP\Mesh\slash_mesh_004 Variant.prefab","D981309413265B99371737DEAA8A29778BCD10C4105DFB7189716D811D7C98D9"
"C:\Users\PC\Dragon_Tower\Assets\Eric VFX Studio\Game VFX - Cartoon Skill Effects\Prefabs\URP\Mesh\slash_mesh_004 Variant.prefab.meta","FCBB83D3C335F8A2DC8E1D26E2589A6BA153220E763A9FCBDF318245620943DD"
"C:\Users\PC\Dragon_Tower\Assets\Eric VFX Studio\Game VFX - Cartoon Skill Effects\Prefabs\URP\Mesh\slash_mesh_005 Variant.prefab","ABDC4EB4FF8145409CFF4BB79E04B8FD8F5A3370315A85553D5EE8BD8BB5B8A2"
"C:\Users\PC\Dragon_Tower\Assets\Eric VFX Studio\Game VFX - Cartoon Skill Effects\Prefabs\URP\Mesh\slash_mesh_005 Variant.prefab.meta","D3CB3ED266FAF5A7223E4218D1689F579B9775823F948D42304F4ED4C7F96076"
"C:\Users\PC\Dragon_Tower\Assets\Eric VFX Studio\Game VFX - Cartoon Skill Effects\Prefabs\URP\Mesh\slash_mesh_006 Variant.prefab","2FE0C84137C367A0447D25CFC03D6F8EF4013BF3EED0530ACC2795866A30526B"
"C:\Users\PC\Dragon_Tower\Assets\Eric VFX Studio\Game VFX - Cartoon Skill Effects\Prefabs\URP\Mesh\slash_mesh_006 Variant.prefab.meta","5E00B6B678A5A010BBFA0AC7D13D68042271AC6227E60D824F4BB46A4BD38D42"
"C:\Users\PC\Dragon_Tower\Assets\Eric VFX Studio\Game VFX - Cartoon Skill Effects\Prefabs\URP\Mesh\slash_mesh_007 Variant.prefab","47E53327C794665069395F25E42F232DB9F6CC899B02587A18B8BF524AC305E0"
"C:\Users\PC\Dragon_Tower\Assets\Eric VFX Studio\Game VFX - Cartoon Skill Effects\Prefabs\URP\Mesh\slash_mesh_007 Variant.prefab.meta","8FB94EE8F4B036E0CFD002F2E931866DB6BADAA24053E205DBDE62B83E6ADB2C"
"C:\Users\PC\Dragon_Tower\Assets\Eric VFX Studio\Game VFX - Cartoon Skill Effects\Prefabs\URP\Mesh\Slash_Mesh001 Variant.prefab","A964D6634DF3310628F67C531F955AC01DFCDA9399BC2877633E9C6D6E0FA445"
"C:\Users\PC\Dragon_Tower\Assets\Eric VFX Studio\Game VFX - Cartoon Skill Effects\Prefabs\URP\Mesh\Slash_Mesh001 Variant.prefab.meta","BD83A962715DD77616370549F8C1D71E41106D391E274FC23F77331965DA2211"
"C:\Users\PC\Dragon_Tower\Assets\Eric VFX Studio\Game VFX - Cartoon Skill Effects\Prefabs\URP\Mesh\Slashmesh_003 Variant.prefab","05B829BEE7EDDCA5A5BD75195D09707A41BBE6B4377BFE36D0265AD79B6B11FA"
"C:\Users\PC\Dragon_Tower\Assets\Eric VFX Studio\Game VFX - Cartoon Skill Effects\Prefabs\URP\Mesh\Slashmesh_003 Variant.prefab.meta","013F6F805545198A8470EC9FF2366FA60474F076A465142E79B91D9A5D25BBC4"
"C:\Users\PC\Dragon_Tower\Assets\Eric VFX Studio\Game VFX - Cartoon Skill Effects\Prefabs\URP\Mesh\SlashP01 Variant.prefab","7589AA8887886E98741A3CA00BFFF5A530B30E3F8061252073F0A9783BB5D154"
"C:\Users\PC\Dragon_Tower\Assets\Eric VFX Studio\Game VFX - Cartoon Skill Effects\Prefabs\URP\Mesh\SlashP01 Variant.prefab.meta","41B97D436EEFAAF25463983900CCB8AA6BDF2EB39528889A4CE2394413C5B511"
"C:\Users\PC\Dragon_Tower\Assets\Eric VFX Studio\Game VFX - Cartoon Skill Effects\Prefabs\URP\Mesh\SlashP02 Variant.prefab","E21ADF88836769BFEAFBE77B273015EE3508375C59A306C1E7E114F822F556EA"
"C:\Users\PC\Dragon_Tower\Assets\Eric VFX Studio\Game VFX - Cartoon Skill Effects\Prefabs\URP\Mesh\SlashP02 Variant.prefab.meta","5BBC1B07EF48DCA4BA4C271077A8F6425F66B6B56E2B03CDE264DF1C7DE1FCCD"
"C:\Users\PC\Dragon_Tower\Assets\Eric VFX Studio\Game VFX - Cartoon Skill Effects\Prefabs\URP\Mesh\sphere_12pl Variant.prefab","80CB310E3FB3AB47229C17914BAFB671A4759A4DFE140FF573D5395C3DCF0772"
"C:\Users\PC\Dragon_Tower\Assets\Eric VFX Studio\Game VFX - Cartoon Skill Effects\Prefabs\URP\Mesh\sphere_12pl Variant.prefab.meta","32A7CFAE9828973E516702C9ABBEAC098CB8620B0FD066FA701228B09DB11AD6"
"C:\Users\PC\Dragon_Tower\Assets\Eric VFX Studio\Game VFX - Cartoon Skill Effects\Prefabs\URP\Mesh\sphere_8pl Variant.prefab","4E06A5251293430E2278F40200645F2C9520BFE946397A4731A38759FCB587CB"
"C:\Users\PC\Dragon_Tower\Assets\Eric VFX Studio\Game VFX - Cartoon Skill Effects\Prefabs\URP\Mesh\sphere_8pl Variant.prefab.meta","BB8C741D09DE3AE37DB090DF3EFF829C52E8EB6BC01DB778062283AC8E7BB465"
"C:\Users\PC\Dragon_Tower\Assets\Eric VFX Studio\Game VFX - Cartoon Skill Effects\Prefabs\URP\Mesh\Summon_Cylinder01 Variant.prefab","24A1427F02B753D4BFC15ADE5D619CA3E344D706AF9A851DC6227276E1DE021A"
"C:\Users\PC\Dragon_Tower\Assets\Eric VFX Studio\Game VFX - Cartoon Skill Effects\Prefabs\URP\Mesh\Summon_Cylinder01 Variant.prefab.meta","D0D436E43EB10070E26F826723982CF5B4FD51B5DA338D9F13C8D6BA9F3B5342"
"C:\Users\PC\Dragon_Tower\Assets\Eric VFX Studio\Game VFX - Cartoon Skill Effects\Prefabs\URP\Mesh\Summon_Cylinder02 Variant.prefab","7F73FF6E4D2EE591C2BADC1A743F66C6BD4C782327D0AC85537F59E4B7E321A1"
"C:\Users\PC\Dragon_Tower\Assets\Eric VFX Studio\Game VFX - Cartoon Skill Effects\Prefabs\URP\Mesh\Summon_Cylinder02 Variant.prefab.meta","16DC18A24E8779C8436A833B49449FED94CEC731B9B058D8541A7AFB1EADE87D"
"C:\Users\PC\Dragon_Tower\Assets\Eric VFX Studio\Game VFX - Cartoon Skill Effects\Prefabs\URP\Mesh\VFXCurve10 Variant.prefab","63A1184B9EED997AC9A3B926F7B5C28D677587D748A5BCC1AEB7F55CF18FAA80"
"C:\Users\PC\Dragon_Tower\Assets\Eric VFX Studio\Game VFX - Cartoon Skill Effects\Prefabs\URP\Mesh\VFXCurve10 Variant.prefab.meta","8C220677F85E3D3B7CD5CB76B574401AB9940050BB1ADDD4CD02D7DA777825C1"
"C:\Users\PC\Dragon_Tower\Assets\Eric VFX Studio\Game VFX - Cartoon Skill Effects\Prefabs\URP\Mesh\VFXCurveMesh04 Variant.prefab","A964E6DDB315384F5948533BFA40C7AB7D79B75286FEA3640C85B959424709D5"
"C:\Users\PC\Dragon_Tower\Assets\Eric VFX Studio\Game VFX - Cartoon Skill Effects\Prefabs\URP\Mesh\VFXCurveMesh04 Variant.prefab.meta","CFCD538B1C23C035E11A8C7CDA50179818BA064662DDDB5314C68F3D8BB18A3E"
"C:\Users\PC\Dragon_Tower\Assets\Eric VFX Studio\Game VFX - Cartoon Skill Effects\Prefabs\URP\Mesh\xuanzhuan3 Variant.prefab","9394449C3B493197557B12E0BC59BFE459B7088C0AA02512FD7AFB52A2FB9A18"
"C:\Users\PC\Dragon_Tower\Assets\Eric VFX Studio\Game VFX - Cartoon Skill Effects\Prefabs\URP\Mesh\xuanzhuan3 Variant.prefab.meta","69B0E939D46A76F90FFE6C4A021321FE6C8E90BDAB8C4BF39818CAB61A5A83C2"
"C:\Users\PC\Dragon_Tower\Assets\Eric VFX Studio\Game VFX - Cartoon Skill Effects\Prefabs\URP\Mesh\yanhuan Variant.prefab","F222F42E22F9621B13C915D8C5CCE02D06911F84D6558A6F614A7B441DBE1341"
"C:\Users\PC\Dragon_Tower\Assets\Eric VFX Studio\Game VFX - Cartoon Skill Effects\Prefabs\URP\Mesh\yanhuan Variant.prefab.meta","8504D56D6A3020A21BD45AA77B71CFCC6DB671FC00ED2221AECFEABAB9EB0ADD"
"C:\Users\PC\Dragon_Tower\Assets\Eric VFX Studio\Game VFX - Cartoon Skill Effects\Scene\Game VFX - Cartoon Skill Effects.meta","19C4FCCA8FA142BA3BC345EE9B649394ADF959665FE0AFF5D42E7D1A67F19175"
"C:\Users\PC\Dragon_Tower\Assets\Eric VFX Studio\Game VFX - Cartoon Skill Effects\Scene\Game VFX - Cartoon Skill Effects(Built-In)_Profiles.meta","B5777C81F362691B5B17897CC167B868CF260E6817E83E2AF3077F19538D26F5"
"C:\Users\PC\Dragon_Tower\Assets\Eric VFX Studio\Game VFX - Cartoon Skill Effects\Scene\Game VFX - Cartoon Skill Effects(Built-In).unity","0711D545DA6E73606234B382CB2EF22B47D6690E8F585353E104CC3C84A86CBF"
"C:\Users\PC\Dragon_Tower\Assets\Eric VFX Studio\Game VFX - Cartoon Skill Effects\Scene\Game VFX - Cartoon Skill Effects(Built-In).unity.meta","B93EB7CBB94B5A637852DF6F567F1A78A92D360740B3C8D9EBBC0EDCBEBD7145"
"C:\Users\PC\Dragon_Tower\Assets\Eric VFX Studio\Game VFX - Cartoon Skill Effects\Scene\Game VFX - Cartoon Skill Effects(URP).unity","F919C1360F380FDA9A753C4A8AC32D8B70D9233D1F2AABB73086F4886F136F7C"
"C:\Users\PC\Dragon_Tower\Assets\Eric VFX Studio\Game VFX - Cartoon Skill Effects\Scene\Game VFX - Cartoon Skill Effects(URP).unity.meta","E11242E46106CF4C00F3D019C594F9EA777144CB70FBC237F1E629E4D7839C54"
"C:\Users\PC\Dragon_Tower\Assets\Eric VFX Studio\Game VFX - Cartoon Skill Effects\Scene\Game VFX - Cartoon Skill Effects\GameObject Profile.asset","9A0F74BAB7A8A7CF9C4CB79A5A3A41D911614097B9EFFC8479BB885C3613C6A8"
"C:\Users\PC\Dragon_Tower\Assets\Eric VFX Studio\Game VFX - Cartoon Skill Effects\Scene\Game VFX - Cartoon Skill Effects\GameObject Profile.asset.meta","32AF8B327503591FB3D790CF1D838D32A258F6C026F0D60F8062C2F7F7622EBA"
"C:\Users\PC\Dragon_Tower\Assets\Eric VFX Studio\Game VFX - Cartoon Skill Effects\Scene\Game VFX - Cartoon Skill Effects(Built-In)_Profiles\Post Processing Profile.asset","977148BD56864979EDE8B6CC480E6510170AA2912985A87AF0FB5737621AA227"
"C:\Users\PC\Dragon_Tower\Assets\Eric VFX Studio\Game VFX - Cartoon Skill Effects\Scene\Game VFX - Cartoon Skill Effects(Built-In)_Profiles\Post Processing Profile.asset.meta","938CE70A35F4C6B0722455D78C0261EF1F97B2EE7BDA7A843AB789A246CF06DF"
"C:\Users\PC\Dragon_Tower\Assets\Eric VFX Studio\Resource\Animator.meta","FF946DF023E47FBBF8DADA970EA6B541DD53DE605B50D0F7173E9A5E4E116E8B"
"C:\Users\PC\Dragon_Tower\Assets\Eric VFX Studio\Resource\Materials.meta","8C10C2CD0D2A52ABD90F0558650E4BE84A208277AA59A2ACE5CBBB44F64A9E01"
"C:\Users\PC\Dragon_Tower\Assets\Eric VFX Studio\Resource\Mesh.meta","C85C146AECE7115CA0A408BBF4ECB4874716E8A926DCEADFCDBBFAD73F02AE01"
"C:\Users\PC\Dragon_Tower\Assets\Eric VFX Studio\Resource\Shader.meta","F503F5811CAE3E4E8EFF5876DEDDEE17FBE9EA06F9BB48AB89FA2D17F6966BA4"
"C:\Users\PC\Dragon_Tower\Assets\Eric VFX Studio\Resource\Textures.meta","3B24CAB1C0717812EE93FE8A56D3AB4FC996D8568C765ED97D790ED94E1EE941"
"C:\Users\PC\Dragon_Tower\Assets\Eric VFX Studio\Resource\Animator\MagicLightning_Exp.anim","06B388EFD848BDC5C67E17166C3505E28F706AB0BE9C47A0ED2A77773BD37B92"
"C:\Users\PC\Dragon_Tower\Assets\Eric VFX Studio\Resource\Animator\MagicLightning_Exp.anim.meta","2B87AA41471669830D70BE41E2D0C2B78DFDE24261DF26430DDA517D6FF8F4E7"
"C:\Users\PC\Dragon_Tower\Assets\Eric VFX Studio\Resource\Animator\MagicLightning_Exp.controller","0607036311C167CB9B0372AC9E91572CBE4D258F4DFF94E33B158B00521553B3"
"C:\Users\PC\Dragon_Tower\Assets\Eric VFX Studio\Resource\Animator\MagicLightning_Exp.controller.meta","0D27A41B21F9DBBF70DB4F02AFC326BC01D407A8774491A102EB43E0A0F24C19"
"C:\Users\PC\Dragon_Tower\Assets\Eric VFX Studio\Resource\Materials\A35_Builtin.mat","E9F7399AB6F801C29F579669EC5C68E77D6E7B5C7B670D8D8E9493808C8767DD"
"C:\Users\PC\Dragon_Tower\Assets\Eric VFX Studio\Resource\Materials\A35_Builtin.mat.meta","A247494952A08290B27F4AC2765671D387E3C0C0409169DAAD6B47D750780352"
"C:\Users\PC\Dragon_Tower\Assets\Eric VFX Studio\Resource\Materials\A35.mat","79F307FB785501A6E33A6CFCB8FC35BF5BAA28B949525DE2985F700401DAAB21"
"C:\Users\PC\Dragon_Tower\Assets\Eric VFX Studio\Resource\Materials\A35.mat.meta","1FE1ACB213E102582F36B1C04D80A9BEBC66DA5336ECBE45C94F677C510E077E"
"C:\Users\PC\Dragon_Tower\Assets\Eric VFX Studio\Resource\Materials\A37_Builtin.mat","39058C695EDB44E4E101915358CD4942A1184D98B0E3B6E620373F596EDB397F"
"C:\Users\PC\Dragon_Tower\Assets\Eric VFX Studio\Resource\Materials\A37_Builtin.mat.meta","027AA5BDCBF740B4A4115999DBA439279AAF8F66DC83293A3442BE4131068797"
"C:\Users\PC\Dragon_Tower\Assets\Eric VFX Studio\Resource\Materials\A37.mat","487D445AC1092B9C0B147F0CFC4B9171126C567CE1D4795EBE35EE07163E6A3A"
"C:\Users\PC\Dragon_Tower\Assets\Eric VFX Studio\Resource\Materials\A37.mat.meta","FAFCAF2D985DA7AC20B731B6C72033245F7E497BF2F662E813E19920D500AD6C"
"C:\Users\PC\Dragon_Tower\Assets\Eric VFX Studio\Resource\Materials\A38_Builtin.mat","8093BE5D0825C1C2BC9F59FEBCA0D77C9A81415C550890FEC3FFE8EA27355968"
"C:\Users\PC\Dragon_Tower\Assets\Eric VFX Studio\Resource\Materials\A38_Builtin.mat.meta","7656AB5593FCEE7FC4469D266583BB53A12C77FB45B2EC52538D64B6083C51F6"
"C:\Users\PC\Dragon_Tower\Assets\Eric VFX Studio\Resource\Materials\A38.mat","12ACB652B127332971B011BE2D8392BDB28C7D240428B4B27931FD80759AF3C7"
"C:\Users\PC\Dragon_Tower\Assets\Eric VFX Studio\Resource\Materials\A38.mat.meta","2D9996565CB6475E8AB28AADB2862284A390E3654F5D162D413630E763A3FD0C"
"C:\Users\PC\Dragon_Tower\Assets\Eric VFX Studio\Resource\Materials\accelerator_smoke_Builtin.mat","2427281DB2098930EA277D9E2B575CAFBDAB5965B4DC9195D455801CC1729BAE"
"C:\Users\PC\Dragon_Tower\Assets\Eric VFX Studio\Resource\Materials\accelerator_smoke_Builtin.mat.meta","227911F78DB1A4D2A6284982BA86970DD4C1A4D418EC707542D9BFEA7C98DB8E"
"C:\Users\PC\Dragon_Tower\Assets\Eric VFX Studio\Resource\Materials\accelerator_smoke.mat","D6A50C52FFB56C26AC9425EC0F2B4F5FF67820250272B24D7598E2FA12BA82E9"
"C:\Users\PC\Dragon_Tower\Assets\Eric VFX Studio\Resource\Materials\accelerator_smoke.mat.meta","87853E406EA5C4754B3598D35CB6456C77AB7AA0C2D7E49CC9E5986523648A9B"
"C:\Users\PC\Dragon_Tower\Assets\Eric VFX Studio\Resource\Materials\Aim_01_Builtin.mat","6F799D18828773D2A43DA9C02B15D131B9636DA9152699647DE3291DB2B256A9"
"C:\Users\PC\Dragon_Tower\Assets\Eric VFX Studio\Resource\Materials\Aim_01_Builtin.mat.meta","F38128B169700D1CA4A912C8A9CC9C2FE0A71CAAA4DADC2760967F1B54AD095F"
"C:\Users\PC\Dragon_Tower\Assets\Eric VFX Studio\Resource\Materials\Aim_01.mat","3B88A1EC917FE706C41EC92CB17B65A0FF3E522B7C7D62DD1F9CD1D23075179E"
"C:\Users\PC\Dragon_Tower\Assets\Eric VFX Studio\Resource\Materials\Aim_01.mat.meta","DFBD7F0C9BB2578753F9AFA16286F8B7ABAE8F03E08DDAAB65F165DB02591A75"
"C:\Users\PC\Dragon_Tower\Assets\Eric VFX Studio\Resource\Materials\alpha_ball3_Builtin.mat","AE2CCB9470A9C8F02995EBC31024FC3F97178AB993D69A5D25C5AA7835A47309"
"C:\Users\PC\Dragon_Tower\Assets\Eric VFX Studio\Resource\Materials\alpha_ball3_Builtin.mat.meta","0D0C87F61CFEC7F61A998DE2AC81E72822F414FFF665EF2C75A3F83ECDF807C9"
"C:\Users\PC\Dragon_Tower\Assets\Eric VFX Studio\Resource\Materials\alpha_ball3.mat","6A5345CE279EAD04415AE157ED6A640F7F76CF6C6A1DBCDD3D7EE4DA3F138DAA"
"C:\Users\PC\Dragon_Tower\Assets\Eric VFX Studio\Resource\Materials\alpha_ball3.mat.meta","47F9BF273BE8C883D623D77FB75DD971561DB1A2D07A7105FEDE058D37E41692"
"C:\Users\PC\Dragon_Tower\Assets\Eric VFX Studio\Resource\Materials\alpha_point_10_Builtin.mat","8A61F499766FD3B55EEAC0D7772DC7FEAFF73FCCC28411FAD5104D978BEF533F"
"C:\Users\PC\Dragon_Tower\Assets\Eric VFX Studio\Resource\Materials\alpha_point_10_Builtin.mat.meta","7ECBE5FF11773F1DF02F8BD9B22E53BAE35108C4948968B555314863A0255CEC"
"C:\Users\PC\Dragon_Tower\Assets\Eric VFX Studio\Resource\Materials\alpha_point_10.mat","CB4895B508C0966CEEEC2114AFF578445E861925837164205BF3E3C3BA0E5E9A"
"C:\Users\PC\Dragon_Tower\Assets\Eric VFX Studio\Resource\Materials\alpha_point_10.mat.meta","D692AB3399A268B0EFD8B77F5261A34F257F9C00E9A9E214922C7CC32FF5EAED"
"C:\Users\PC\Dragon_Tower\Assets\Eric VFX Studio\Resource\Materials\alpha_point_3_Builtin.mat","32E2DEDE3D7C1BCE4598E2E423E16CB53D24581AA5B1CAD67A62D5DA319446D0"
"C:\Users\PC\Dragon_Tower\Assets\Eric VFX Studio\Resource\Materials\alpha_point_3_Builtin.mat.meta","DAEA52AD11F11A7C4021E63A333B05C5F0F4196F6F81D431CE1AEB03B0C7ABAA"
"C:\Users\PC\Dragon_Tower\Assets\Eric VFX Studio\Resource\Materials\alpha_point_3.mat","1BC3916C2D76158C9F4892E36FEA150D98289C4E87A06059A43FFE67F24DBDD2"
"C:\Users\PC\Dragon_Tower\Assets\Eric VFX Studio\Resource\Materials\alpha_point_3.mat.meta","F0E5BB49F191B7A05DCE5C97E5EB24F3E427D766179C0DBEDB3AAD642C3F9D3A"
"C:\Users\PC\Dragon_Tower\Assets\Eric VFX Studio\Resource\Materials\alpha_point_8_Builtin.mat","F96ADC0B996234AECE36CA79C053B8A2CF89CF029618A8251AE7C118C490CD22"
"C:\Users\PC\Dragon_Tower\Assets\Eric VFX Studio\Resource\Materials\alpha_point_8_Builtin.mat.meta","B386344B76B2CD71F23C415187506A961120A1C08A26AA52183EE3EF5049C5C3"
"C:\Users\PC\Dragon_Tower\Assets\Eric VFX Studio\Resource\Materials\alpha_point_8.mat","0E67D71805D45D00A3865B7E25D09ABBBAD29F7B82B7D1337B2B700D7E9DEE49"
"C:\Users\PC\Dragon_Tower\Assets\Eric VFX Studio\Resource\Materials\alpha_point_8.mat.meta","61F9BA3BA4B4942338328EEEAC7BD94D5CE21F3856105A6297115915B916440D"
"C:\Users\PC\Dragon_Tower\Assets\Eric VFX Studio\Resource\Materials\Attack_closs01_Builtin.mat","1D3BAC6AE3B0B41C1F0AF077B7FA434FB3671C5F2AFCEC6826DB6E57BB203369"
"C:\Users\PC\Dragon_Tower\Assets\Eric VFX Studio\Resource\Materials\Attack_closs01_Builtin.mat.meta","9B8560234008D0747F991BF9DC00FFE93E3B6AB5174D265D98BC92453F849169"
"C:\Users\PC\Dragon_Tower\Assets\Eric VFX Studio\Resource\Materials\Attack_closs01.mat","9C830F52A9A0E81A36A3F4D9E3B2B551A82732ED3340ACDCB6B947FE29D4B679"
"C:\Users\PC\Dragon_Tower\Assets\Eric VFX Studio\Resource\Materials\Attack_closs01.mat.meta","6C6C879F4025FD0161735AFC4A2A05C3B49B3329CBB2F29404CE59D156145E71"
"C:\Users\PC\Dragon_Tower\Assets\Eric VFX Studio\Resource\Materials\Attack_closs02_Builtin.mat","DFDFDFA31A0A4F923590558E3975A9FB8260C2B6458C026B2C8F3D6D906B7D66"
"C:\Users\PC\Dragon_Tower\Assets\Eric VFX Studio\Resource\Materials\Attack_closs02_Builtin.mat.meta","066393B1939838DCC4582B8BD38FEBF0A6F9E1D7D95F86A94810D85E08BFF9B0"
"C:\Users\PC\Dragon_Tower\Assets\Eric VFX Studio\Resource\Materials\Attack_closs02.mat","3ECEABD2F0BBB5FAFD0C1DC50B3CBBB7FE71B54F5C1CBF52734B9644B3EC0A4A"
"C:\Users\PC\Dragon_Tower\Assets\Eric VFX Studio\Resource\Materials\Attack_closs02.mat.meta","874C685253749322EA1A5E5FBC74A6589BFEC9328FB5B4B1FA276BFD383F2076"
"C:\Users\PC\Dragon_Tower\Assets\Eric VFX Studio\Resource\Materials\Attack_closs03_Builtin.mat","3FD628063AE76448975527D01A53E787C1E87180BD4C1187FFC978C3A093E5F4"
"C:\Users\PC\Dragon_Tower\Assets\Eric VFX Studio\Resource\Materials\Attack_closs03_Builtin.mat.meta","6ECF025A98C0E5AF2930BEBD88F782DE83D272C07CE0797D05D729379E4CFC23"
"C:\Users\PC\Dragon_Tower\Assets\Eric VFX Studio\Resource\Materials\Attack_closs03.mat","3D8F6290D62F968AEBD0D24AAD1F776A3950D05FA244F3ECEBE262C75499007A"
"C:\Users\PC\Dragon_Tower\Assets\Eric VFX Studio\Resource\Materials\Attack_closs03.mat.meta","0CFD2CD9A38649E6E151C6CEA8E99CF8900633A4729E539FCE101E76D3315CED"
"C:\Users\PC\Dragon_Tower\Assets\Eric VFX Studio\Resource\Materials\aura_C001_Builtin.mat","A5EB83A31165D32183C3D5D4CFF6E83220FCF3355A0417C64CFA3080F31C5AAB"
"C:\Users\PC\Dragon_Tower\Assets\Eric VFX Studio\Resource\Materials\aura_C001_Builtin.mat.meta","9935D07115ECD7A3D7C8F743C1D9AD16BF079F024996995C491D80202F0455BA"
"C:\Users\PC\Dragon_Tower\Assets\Eric VFX Studio\Resource\Materials\aura_C001.mat","C38B0392D9B950026F30EAFB35B660387724404586D5164C0D124E2B5BD8F2C4"
"C:\Users\PC\Dragon_Tower\Assets\Eric VFX Studio\Resource\Materials\aura_C001.mat.meta","18F7B0FFA4FD687E4B779BA49B2A1774CA19D8E76AB86661B3109FE8AAA19184"
"C:\Users\PC\Dragon_Tower\Assets\Eric VFX Studio\Resource\Materials\aura_C002_Builtin.mat","12FF9DE56E9F517711B7718DD3B6E1691DF04A2EC210A1A4665AD3371DDF9F89"
"C:\Users\PC\Dragon_Tower\Assets\Eric VFX Studio\Resource\Materials\aura_C002_Builtin.mat.meta","A22D944A817EBB996DF3DF33AE65AD1FC04456FCBD6BD5C98EA5043DE62DAFCE"
"C:\Users\PC\Dragon_Tower\Assets\Eric VFX Studio\Resource\Materials\aura_C002.mat","0B2A2B6DB7AAC7920CC61FFF4B3A40B058C30F1CF951EA3E56E35B771C0A8AAD"
"C:\Users\PC\Dragon_Tower\Assets\Eric VFX Studio\Resource\Materials\aura_C002.mat.meta","3D19428C109BB790BC39374CDC75857277A8B8A4F05C02FDFC0E0F5E2E174B3D"
"C:\Users\PC\Dragon_Tower\Assets\Eric VFX Studio\Resource\Materials\aura_C004_Builtin.mat","C3BB8D4F69008EBD4E48B7419179A71E75EBB2104D3B8C2EBFE423A383C355D7"
"C:\Users\PC\Dragon_Tower\Assets\Eric VFX Studio\Resource\Materials\aura_C004_Builtin.mat.meta","7A46493500C9FB45A9D6C0237219365B29D5F4D48D915D4DA09D337E20FBA4ED"
"C:\Users\PC\Dragon_Tower\Assets\Eric VFX Studio\Resource\Materials\aura_C004.mat","35ABE32DC603F316B2FB2F322121D10FECE2046A6EF9387B2F3B918D9FA79201"
"C:\Users\PC\Dragon_Tower\Assets\Eric VFX Studio\Resource\Materials\aura_C004.mat.meta","32B2FA51874ACB4EA61FA3C68BC740ECBA5E3BE0CB10783B70BE3A4249F60EB7"
"C:\Users\PC\Dragon_Tower\Assets\Eric VFX Studio\Resource\Materials\aura_C005_Builtin.mat","FB8C62DFFE53BE4DAC15A62D1BE25DC3BD9E0E102DB97BFC8CF34FF8183E67C6"
"C:\Users\PC\Dragon_Tower\Assets\Eric VFX Studio\Resource\Materials\aura_C005_Builtin.mat.meta","7F2F200BCF1B88BEB5B53224136789401736AFEE2EBA6292D37A46A4D8593AAE"
"C:\Users\PC\Dragon_Tower\Assets\Eric VFX Studio\Resource\Materials\aura_C005.mat","229C347373094F8678219023941CD51CD6C01DA711E8B7E52DD748A9457BD3BC"
"C:\Users\PC\Dragon_Tower\Assets\Eric VFX Studio\Resource\Materials\aura_C005.mat.meta","BA58BFB6B410BA5BA28D029136C514559EF6E2846B7D81C3414DD80B24F85F21"
"C:\Users\PC\Dragon_Tower\Assets\Eric VFX Studio\Resource\Materials\aura_C007_Builtin.mat","F6BE5194AF3F26F2A389786C337C74FFEEAE76A57AA241860D96F03234786455"
"C:\Users\PC\Dragon_Tower\Assets\Eric VFX Studio\Resource\Materials\aura_C007_Builtin.mat.meta","96E6E80A1CC8257C2D41532CBAD19EBBDCC1681BB2987F511B5EC07AAF6F3EF9"
"C:\Users\PC\Dragon_Tower\Assets\Eric VFX Studio\Resource\Materials\aura_C007.mat","EFEC7F6BCF2F039E58F017993150DAC17B2A271B4DD8672AE4FD2C03261D6F50"
"C:\Users\PC\Dragon_Tower\Assets\Eric VFX Studio\Resource\Materials\aura_C007.mat.meta","1BAC167B7B5BA59F4A60D119914B9915C3A6582EA5CCB3ABB475DCBE84F5C588"
"C:\Users\PC\Dragon_Tower\Assets\Eric VFX Studio\Resource\Materials\aura_C008_Builtin.mat","9396B50471D84CACD6C0D35658B54243F4336A67757B76CA8DC25E66A4486039"
"C:\Users\PC\Dragon_Tower\Assets\Eric VFX Studio\Resource\Materials\aura_C008_Builtin.mat.meta","63B459F60C31893FBFFD6BAF9158A627BC3465FD01C847495331511605A42E74"
"C:\Users\PC\Dragon_Tower\Assets\Eric VFX Studio\Resource\Materials\aura_C008.mat","F31E21CF068DB71F8870581140600B1DFB2453DEB9274AEF87C5A1C4C78B43CE"
"C:\Users\PC\Dragon_Tower\Assets\Eric VFX Studio\Resource\Materials\aura_C008.mat.meta","EC61E08E0F4E6D1AAE9C6E835BF0F9231DFB9CF1F4226848490214AC4F7BF3B2"
"C:\Users\PC\Dragon_Tower\Assets\Eric VFX Studio\Resource\Materials\aura_shock_001_Builtin.mat","A0291F9520BE30A7D7A21ADE9A4AC2C1BC589127D24F2EA037CCCD9C49E32F96"
"C:\Users\PC\Dragon_Tower\Assets\Eric VFX Studio\Resource\Materials\aura_shock_001_Builtin.mat.meta","98771AC943D8F8E46EA62D324729C6E4823EF39FE911AA96C2C8E2D0058C71B8"
"C:\Users\PC\Dragon_Tower\Assets\Eric VFX Studio\Resource\Materials\aura_shock_001.mat","7D3C79C7C915B0A394E479635B25D56E3B6917F501AFA1B1C87C5B69B237D154"
"C:\Users\PC\Dragon_Tower\Assets\Eric VFX Studio\Resource\Materials\aura_shock_001.mat.meta","20ACA9BE6A8785DB2088C5F6B66571CF215D39EC9EA1A4AECEE932D528DDEA99"
"C:\Users\PC\Dragon_Tower\Assets\Eric VFX Studio\Resource\Materials\aura_shock_002_Builtin.mat","B68F2164C928C421FFFF9EBCEE439F0A492C39F1B95FCC9E0FA1A225FBB4175E"
"C:\Users\PC\Dragon_Tower\Assets\Eric VFX Studio\Resource\Materials\aura_shock_002_Builtin.mat.meta","70DA41C1CBC65DE4E67821C32990B3FBC1273FA4533482A3EB69499480E6568A"
"C:\Users\PC\Dragon_Tower\Assets\Eric VFX Studio\Resource\Materials\aura_shock_002.mat","315BE39677CFD9E370F278172ADF9B29915392769DD3144E564D0848BBA80776"
"C:\Users\PC\Dragon_Tower\Assets\Eric VFX Studio\Resource\Materials\aura_shock_002.mat.meta","9CC79F8CA5F68453E2C60DC180FF61C54E24479C5DE44ED267CCD6298D4CC4B6"
"C:\Users\PC\Dragon_Tower\Assets\Eric VFX Studio\Resource\Materials\Background_paticle_purple_W01_Builtin.mat","6D16DAEEAD3CA9A01664248F39E0E5E391061CEE78A54852C0D640E0EF0EB215"
"C:\Users\PC\Dragon_Tower\Assets\Eric VFX Studio\Resource\Materials\Background_paticle_purple_W01_Builtin.mat.meta","536CC90BBCB86F4720F1C186FDE72EDB8D4E2CDD2BAE6268B571D52EB7673001"
"C:\Users\PC\Dragon_Tower\Assets\Eric VFX Studio\Resource\Materials\Background_paticle_purple_W01.mat","E5EBB6B47C62C32AF5F20E7D6E2EA1D3EAC76A07BEE16F1BEEFE0528A31B85D3"
"C:\Users\PC\Dragon_Tower\Assets\Eric VFX Studio\Resource\Materials\Background_paticle_purple_W01.mat.meta","4C6E2C678DBDE87B76961F8767225022FC46C203BAC2A894FAC764E9734BF533"
"C:\Users\PC\Dragon_Tower\Assets\Eric VFX Studio\Resource\Materials\Background_paticle02_Builtin.mat","6F85EDBC7DFF8028893F55E7DF84AF30E3D499994D9A1C8B1886FAF0D536ED13"
"C:\Users\PC\Dragon_Tower\Assets\Eric VFX Studio\Resource\Materials\Background_paticle02_Builtin.mat.meta","1A18D3917501209C0F44DE0679CC0CE8733DA8808A11FBC9D126BE620247751F"
"C:\Users\PC\Dragon_Tower\Assets\Eric VFX Studio\Resource\Materials\Background_paticle02.mat","7C70A49767882FF7BAFC4E4688636AE0537D1BF81784E7581344222F94F8C73F"
"C:\Users\PC\Dragon_Tower\Assets\Eric VFX Studio\Resource\Materials\Background_paticle02.mat.meta","66AD5C43FF1A5B569F2990D753EE0E0E8C45A37E38D3A42F9F8F241C6F2B80A6"
"C:\Users\PC\Dragon_Tower\Assets\Eric VFX Studio\Resource\Materials\Background_paticle07_Builtin.mat","B767510DFB17C5C4C53B20B126050C3298A4EBB823A416F60A5791C1413DD5F1"
"C:\Users\PC\Dragon_Tower\Assets\Eric VFX Studio\Resource\Materials\Background_paticle07_Builtin.mat.meta","922102F65566221D191F97C14DD43E614AC3D800B1D4B4BA896B06104203FDAA"
"C:\Users\PC\Dragon_Tower\Assets\Eric VFX Studio\Resource\Materials\Background_paticle07.mat","CDCB977B0A948A26E851C21D3A0F926CCBF0209BCE41B6CAC230F09B957E386A"
"C:\Users\PC\Dragon_Tower\Assets\Eric VFX Studio\Resource\Materials\Background_paticle07.mat.meta","75188495B27BB2B6243E391ABA791135DF2A6B822BD4B755A674FD4D2B1E80DC"
"C:\Users\PC\Dragon_Tower\Assets\Eric VFX Studio\Resource\Materials\ball_C001_Builtin.mat","31CA721DEEF0AA29CFFCE15B7683835B7D8059A272ED38346D5E4003B93A9049"
"C:\Users\PC\Dragon_Tower\Assets\Eric VFX Studio\Resource\Materials\ball_C001_Builtin.mat.meta","F223298044F80CC5E2295BF46C693B1BA248EFBF88D2FF84BF3AEE65CE98EBCD"
"C:\Users\PC\Dragon_Tower\Assets\Eric VFX Studio\Resource\Materials\ball_C001.mat","BCBEEFDB62AE35EDD90511AEEFE8D35C38700D34F725107475DB962011948244"
"C:\Users\PC\Dragon_Tower\Assets\Eric VFX Studio\Resource\Materials\ball_C001.mat.meta","D5C40910825F25B623743C9FC9F70A730CF5CA4033839A239F558672B17C443E"
"C:\Users\PC\Dragon_Tower\Assets\Eric VFX Studio\Resource\Materials\baoguang1_Builtin.mat","D0919E64FACAA0473DF2303015681459E024963A268EB2A6939EE54A34FCCF6A"
"C:\Users\PC\Dragon_Tower\Assets\Eric VFX Studio\Resource\Materials\baoguang1_Builtin.mat.meta","16545D0E934C2450A61A3A1AA8A3B4A36485B104C43E2D9E8F697715CA15AE9F"
"C:\Users\PC\Dragon_Tower\Assets\Eric VFX Studio\Resource\Materials\baoguang1.mat","2ECB748E587234FDE3337410711AD3CCBE2F4055C0ECDF7309C9A977FCCAD05E"
"C:\Users\PC\Dragon_Tower\Assets\Eric VFX Studio\Resource\Materials\baoguang1.mat.meta","EF9BDD863C24BB8B430CDC59405947BCE18AF9E0C22E734EB36E3F0A37FF1DEA"
"C:\Users\PC\Dragon_Tower\Assets\Eric VFX Studio\Resource\Materials\beam_core_top_a_sheet_Builtin.mat","F34F7489318EFBA9E6D3C213C1849E7C5A370453B740B24F6D5254AE45C765B4"
"C:\Users\PC\Dragon_Tower\Assets\Eric VFX Studio\Resource\Materials\beam_core_top_a_sheet_Builtin.mat.meta","5B094942CD81CEE799A448B88A2A37A76AA5749E97979E976B29D24825937766"
"C:\Users\PC\Dragon_Tower\Assets\Eric VFX Studio\Resource\Materials\beam_core_top_a_sheet.mat","CE2FD4C5C2C6D4E7CE882533BD1E84559DBF409CCB7846E238271F18D8FA8520"
"C:\Users\PC\Dragon_Tower\Assets\Eric VFX Studio\Resource\Materials\beam_core_top_a_sheet.mat.meta","E8C307DD32319FF0DD01070951AC982D2467FA0341A8F0E2C3F7E0A2EAF1FD56"
"C:\Users\PC\Dragon_Tower\Assets\Eric VFX Studio\Resource\Materials\bl_purple_W01_Builtin.mat","548230BAD87FD4EC8C01D2B05F5A303A8CB4E6F920B47CF0B1D101D223CB99E3"
"C:\Users\PC\Dragon_Tower\Assets\Eric VFX Studio\Resource\Materials\bl_purple_W01_Builtin.mat.meta","D9F333E29047F2356AC274C1B5D544058D972CE56B97EBDA87BE8BFFBB4DD3A9"
"C:\Users\PC\Dragon_Tower\Assets\Eric VFX Studio\Resource\Materials\bl_purple_W01.mat","6907D2BAEDE84518161EEF0D8191CA23B0BEC462426ACE2E077242C71D585FAD"
"C:\Users\PC\Dragon_Tower\Assets\Eric VFX Studio\Resource\Materials\bl_purple_W01.mat.meta","0C039211A2F8163CDD7DAFA12E03EEAB0F98FA382567A73E47922497F0E63E7B"
"C:\Users\PC\Dragon_Tower\Assets\Eric VFX Studio\Resource\Materials\bl_Star_02_Builtin.mat","80D568C6366220336ABAEE72AB7468A5FB56E800224AEC193694E0A162C9ADC3"
"C:\Users\PC\Dragon_Tower\Assets\Eric VFX Studio\Resource\Materials\bl_Star_02_Builtin.mat.meta","9E4CAD88172D160D39B7B48DFA4CBC6696F73DCD60C0082FCC0676BEF223372B"
"C:\Users\PC\Dragon_Tower\Assets\Eric VFX Studio\Resource\Materials\bl_Star_02.mat","4E93D27334EC1B10A6D4760E5296E5C1666B5E9BABFBA91A37E9A9CDEB959CDF"
"C:\Users\PC\Dragon_Tower\Assets\Eric VFX Studio\Resource\Materials\bl_Star_02.mat.meta","CD02FEC81F87F9BC09FC3E07E90AC7679D620053FF0CEC7762A915AD731C87D9"
"C:\Users\PC\Dragon_Tower\Assets\Eric VFX Studio\Resource\Materials\Blood_Splat_Builtin.mat","E566D5519D5486F98184FE1B722FB3F7F296A01B2482E1706FECCFED72A4EC66"
"C:\Users\PC\Dragon_Tower\Assets\Eric VFX Studio\Resource\Materials\Blood_Splat_Builtin.mat.meta","0790924ED2568E64398C52F96E3369FCC0D3DA4CBEC7B4FE459EC32589CA56F0"
"C:\Users\PC\Dragon_Tower\Assets\Eric VFX Studio\Resource\Materials\Blood_Splat.mat","0952AF436740C5732FC01BCDCEDC057A95A9BECCCFFC98C5C4B5E8320CC7BF3E"
"C:\Users\PC\Dragon_Tower\Assets\Eric VFX Studio\Resource\Materials\Blood_Splat.mat.meta","7818B714772F367BB0F35BB17400AA371FC76DCED09656A1CAABDEFDDF90CFA2"
"C:\Users\PC\Dragon_Tower\Assets\Eric VFX Studio\Resource\Materials\blue_bottom_a_sheet_Builtin.mat","7DCE7D8A5E8B1A186A311E6ACEEC869BDF6D6064BE82D0BFEAE38C84E0DC6817"
"C:\Users\PC\Dragon_Tower\Assets\Eric VFX Studio\Resource\Materials\blue_bottom_a_sheet_Builtin.mat.meta","110B40D471A1D909CFC5C3A79FE6160D4B8F9AB64EF17CCD9376927634C20225"
"C:\Users\PC\Dragon_Tower\Assets\Eric VFX Studio\Resource\Materials\blue_bottom_a_sheet.mat","53A15009B59AB494DA355B82C11A3130F86B4AE70EC1D89F38BA6CA093E3D340"
"C:\Users\PC\Dragon_Tower\Assets\Eric VFX Studio\Resource\Materials\blue_bottom_a_sheet.mat.meta","5914BB9928F0CA90C40715593A2530E3BBA0D2FF52967C38E465C1007D3382F8"
"C:\Users\PC\Dragon_Tower\Assets\Eric VFX Studio\Resource\Materials\blue_flash_02_Builtin.mat","0B65709DFE5D01DA7BDACB3B738A2B8361697FB8D835842677AD96A0D82BA2B8"
"C:\Users\PC\Dragon_Tower\Assets\Eric VFX Studio\Resource\Materials\blue_flash_02_Builtin.mat.meta","56C871595E93AF5BEA90C48D3D044533A32EF1717A0AD3F96F202ED8EB293C33"
"C:\Users\PC\Dragon_Tower\Assets\Eric VFX Studio\Resource\Materials\blue_flash_02.mat","1DA4EE53CD45E1D8527E8D57074CF7FF996CB02DFAC269F9FF277099D8995EB5"
"C:\Users\PC\Dragon_Tower\Assets\Eric VFX Studio\Resource\Materials\blue_flash_02.mat.meta","0FEF20D6B32E3AE71D83A6C879B0888E2B83B0FCE63BA5FE2DDB8BE26E82F018"
"C:\Users\PC\Dragon_Tower\Assets\Eric VFX Studio\Resource\Materials\blue_lightning_3_sheet_Builtin.mat","1E75BABD7065ADF22605A9D35987262DC62DA2964EAF226A34AE02A1BAD35A29"
"C:\Users\PC\Dragon_Tower\Assets\Eric VFX Studio\Resource\Materials\blue_lightning_3_sheet_Builtin.mat.meta","D38490D46A4BF46BB3EEF146572C8BD78161D2501C28DCB3ACF6D17B4ABE5F1A"
"C:\Users\PC\Dragon_Tower\Assets\Eric VFX Studio\Resource\Materials\blue_lightning_3_sheet.mat","31DF2290E89014BC856E4158C9A7C83BB36D9134C708D367FB6687B399EEB432"
"C:\Users\PC\Dragon_Tower\Assets\Eric VFX Studio\Resource\Materials\blue_lightning_3_sheet.mat.meta","C7CF2111999C7D1A875202322E9C76C344EA4311C702B0B16537A1E28BF99A67"
"C:\Users\PC\Dragon_Tower\Assets\Eric VFX Studio\Resource\Materials\Blue_Ring01_Builtin.mat","375E142FC362C2760539C6CCF9A049C275BFC1E949AABC41386B9ABACE200D2B"
"C:\Users\PC\Dragon_Tower\Assets\Eric VFX Studio\Resource\Materials\Blue_Ring01_Builtin.mat.meta","1C0ABA32C4A57CCCC47D69A30A4DD6C18495768A417D3EEA0DAA007EBB5FF773"
"C:\Users\PC\Dragon_Tower\Assets\Eric VFX Studio\Resource\Materials\Blue_Ring01.mat","B0D687F2AE23F26B1D8AB88E1C36142FC68FFCE74A56FE46F156C54FB569A79B"
"C:\Users\PC\Dragon_Tower\Assets\Eric VFX Studio\Resource\Materials\Blue_Ring01.mat.meta","D33308CFC81989EB8A81CC2941C13DFE4C59CA924C57072C877E597EA6E5F284"
"C:\Users\PC\Dragon_Tower\Assets\Eric VFX Studio\Resource\Materials\bluedust_sheet_Builtin.mat","1C663C90E097421AFB5AC47AB31FCAE606781B16CD1197903FEF4E5B41E0CC03"
"C:\Users\PC\Dragon_Tower\Assets\Eric VFX Studio\Resource\Materials\bluedust_sheet_Builtin.mat.meta","8DEC89F7A84FD5175D77EEEC3C17830111611F4B4CC32ADA5B9205348AFC9774"
"C:\Users\PC\Dragon_Tower\Assets\Eric VFX Studio\Resource\Materials\bluedust_sheet.mat","1007E3D58A5598715AD0F22B9477F6F2A5A164B609C03B47B0D96AA45622BC38"
"C:\Users\PC\Dragon_Tower\Assets\Eric VFX Studio\Resource\Materials\bluedust_sheet.mat.meta","6D7B48D9E0A8FF769DF39554DB41D80378AC17C738D6A829DB35D4C0D1D80C0B"
"C:\Users\PC\Dragon_Tower\Assets\Eric VFX Studio\Resource\Materials\blueflash_sheet 3_Builtin.mat","75A495D02FFF31BE08742CBB5183A024393DB11A8C1FFE27D4311038B5890728"
"C:\Users\PC\Dragon_Tower\Assets\Eric VFX Studio\Resource\Materials\blueflash_sheet 3_Builtin.mat.meta","150F9DD2F065A2BAE459C24C8BD91E15A89BEF4F5223DF8F33A2E1244B3B6C20"
"C:\Users\PC\Dragon_Tower\Assets\Eric VFX Studio\Resource\Materials\blueflash_sheet 3.mat","3624E59ED3AA1BF1F7FBC0F6D5BF6A34B0F41C3C47A2D3224154C462A4C46269"
"C:\Users\PC\Dragon_Tower\Assets\Eric VFX Studio\Resource\Materials\blueflash_sheet 3.mat.meta","6E03AB4505894A3AE3317FCDAF4A114C71E676F5C3C44269A52CF9A1D6250397"
"C:\Users\PC\Dragon_Tower\Assets\Eric VFX Studio\Resource\Materials\bomb_glow_Builtin.mat","DE18A44EDE10C4F3912B21CBBA0F224B75E8EEF8449133994D73B5EE5B1706DC"
"C:\Users\PC\Dragon_Tower\Assets\Eric VFX Studio\Resource\Materials\bomb_glow_Builtin.mat.meta","8AAF53DA126111B3C419E22C1FAB2CF0F69608046E042E10D8906D48F549B0C9"
"C:\Users\PC\Dragon_Tower\Assets\Eric VFX Studio\Resource\Materials\bomb_glow.mat","18E3347B41D9055123B888431D0549486FA2C7940F649D6AB625CBEE0AE2D64B"
"C:\Users\PC\Dragon_Tower\Assets\Eric VFX Studio\Resource\Materials\bomb_glow.mat.meta","2C6AA293C52CE4C6DFDEB61885BB28EB9FA7F1EA47BD95526C5A2F5D192BC1C3"
"C:\Users\PC\Dragon_Tower\Assets\Eric VFX Studio\Resource\Materials\Bomb_icon_01_Builtin.mat","556A7F53B2714B29EA35B0847DE76ECBB36B6E0F07990D204C73B851B5D7E31F"
"C:\Users\PC\Dragon_Tower\Assets\Eric VFX Studio\Resource\Materials\Bomb_icon_01_Builtin.mat.meta","BEB78ED80CE45A59AE5F63224F4C32A0961141A2F39076121CDF4AE80F703D3C"
"C:\Users\PC\Dragon_Tower\Assets\Eric VFX Studio\Resource\Materials\Bomb_icon_01.mat","178F7C317F08A40C2CDD729B686B8995355876EBB8F208E6F026812D4254DFEC"
"C:\Users\PC\Dragon_Tower\Assets\Eric VFX Studio\Resource\Materials\Bomb_icon_01.mat.meta","C6867A3E99B924A167DA7E609E66EFBA28CBD339635FABFB9EEE0A96CCD96903"
"C:\Users\PC\Dragon_Tower\Assets\Eric VFX Studio\Resource\Materials\bomb_point_Builtin.mat","67E4AC8A85404AE0904CD0061F59CCF3DD10B920D78D748D7DCF2044C3ACD89B"
"C:\Users\PC\Dragon_Tower\Assets\Eric VFX Studio\Resource\Materials\bomb_point_Builtin.mat.meta","94E2F5C1F5CEAE345F69FC52DF7234095813FA6452A3F4A3CFCD198017B99E08"
"C:\Users\PC\Dragon_Tower\Assets\Eric VFX Studio\Resource\Materials\bomb_point.mat","2856A4445239CEA024736DADDD37016645128592DE337CD531434EC30F7CD739"
"C:\Users\PC\Dragon_Tower\Assets\Eric VFX Studio\Resource\Materials\bomb_point.mat.meta","3B64DBF44A780935FFBECC86774063F2ED628F9ABD5442DAA6331CBFFFAF60B5"
"C:\Users\PC\Dragon_Tower\Assets\Eric VFX Studio\Resource\Materials\Bomb_W01_Builtin.mat","43A4FA01CA93CEDCA04FEE40A5025F6AB54A4A73079CE1E0CF2A16902672CA84"
"C:\Users\PC\Dragon_Tower\Assets\Eric VFX Studio\Resource\Materials\Bomb_W01_Builtin.mat.meta","4EEE5C4B378F99B7EE9665F1C6C04F198FE369745B138A9BCDD8B01B99DC00AA"
"C:\Users\PC\Dragon_Tower\Assets\Eric VFX Studio\Resource\Materials\Bomb_W01.mat","9A2722783A70878F9E250DA86FF9CAC2519C8AC4C62CAADD66C86E8E530616A1"
"C:\Users\PC\Dragon_Tower\Assets\Eric VFX Studio\Resource\Materials\Bomb_W01.mat.meta","086DF026407261BC514ACEAACFB6E5C3766489AA6CE4634E099A2DD9FD5AAD94"
"C:\Users\PC\Dragon_Tower\Assets\Eric VFX Studio\Resource\Materials\Box_effect_02_Builtin.mat","FA7B8D4D3FC395B7C8F87B550F02111A11623633A41C2348A9A2ECC145E30556"
"C:\Users\PC\Dragon_Tower\Assets\Eric VFX Studio\Resource\Materials\Box_effect_02_Builtin.mat.meta","9C5E2B61465E436C7FB92983DA3EFFF4E2E57BC9ACF6D7FA240CCB5C407A28F2"
"C:\Users\PC\Dragon_Tower\Assets\Eric VFX Studio\Resource\Materials\Box_effect_02.mat","49A5F32F639A493D29B4EE3F26C96F25CEA5616C0EC2B710A4B9712F5295CAE0"
"C:\Users\PC\Dragon_Tower\Assets\Eric VFX Studio\Resource\Materials\Box_effect_02.mat.meta","75D8E81C856DD5A19FA0201DAACACD8B0631F3E96987CD323B13629EE4206850"
"C:\Users\PC\Dragon_Tower\Assets\Eric VFX Studio\Resource\Materials\bullet_W01_Builtin.mat","177A27E64420176060744D98FBA525C6EE1D5115E4161F6802EC4F6D23A89F84"
"C:\Users\PC\Dragon_Tower\Assets\Eric VFX Studio\Resource\Materials\bullet_W01_Builtin.mat.meta","EC847A413ACC1F9D01FFA73207B773421C9B854D31E38F7B4290D39FA1EB530E"
"C:\Users\PC\Dragon_Tower\Assets\Eric VFX Studio\Resource\Materials\bullet_W01.mat","3DD153840D89152D8813EB758BDD608D603E8B898B814340ECDB6534CD18C47B"
"C:\Users\PC\Dragon_Tower\Assets\Eric VFX Studio\Resource\Materials\bullet_W01.mat.meta","716E69714AA4F6EB04446CF74CA81D26EFA646CBDD15F21E2FEDE60E5901A928"
"C:\Users\PC\Dragon_Tower\Assets\Eric VFX Studio\Resource\Materials\CFXM3_HollowCircle ADD_Builtin.mat","1934E255BA35E544E8E2E7575A2F06768DFF80F090B840277DEB7F9BAF3E27BC"
"C:\Users\PC\Dragon_Tower\Assets\Eric VFX Studio\Resource\Materials\CFXM3_HollowCircle ADD_Builtin.mat.meta","D94485CA024FFE63891E3A2C6B1BB7F5521322C87E47F6F9A406E99DE8755949"
"C:\Users\PC\Dragon_Tower\Assets\Eric VFX Studio\Resource\Materials\CFXM3_HollowCircle ADD.mat","7270FD59DE303AC5BC745B34EBC0FF5DF2B6E9851CAE40D244518019D9F8FE1B"
"C:\Users\PC\Dragon_Tower\Assets\Eric VFX Studio\Resource\Materials\CFXM3_HollowCircle ADD.mat.meta","9669B347D1FA2707570719CA1E1FF48EE52C67FCA6D8822C4F7E303E5F613A71"
"C:\Users\PC\Dragon_Tower\Assets\Eric VFX Studio\Resource\Materials\circle_a_sheet_b_Builtin.mat","3433C3712B1EFF871F54CB38D8C78827806226F309D47CD6D2AF988BE9F55DEF"
"C:\Users\PC\Dragon_Tower\Assets\Eric VFX Studio\Resource\Materials\circle_a_sheet_b_Builtin.mat.meta","9C5564422244EA980440776E1AEB5A641181B0642D568B3B255CE944E927EFF2"
"C:\Users\PC\Dragon_Tower\Assets\Eric VFX Studio\Resource\Materials\circle_a_sheet_b.mat","EDCF4A9F7F0A67DDF61147EFD05F9DD2899E948EBE6EECA89750B04A167C8E35"
"C:\Users\PC\Dragon_Tower\Assets\Eric VFX Studio\Resource\Materials\circle_a_sheet_b.mat.meta","D7B06075FD559D2AC8E3A741DAD4F5FD50BF843B0E20198B5B5E6E8BE566FD93"
"C:\Users\PC\Dragon_Tower\Assets\Eric VFX Studio\Resource\Materials\circle_a_sheet_p_Builtin.mat","D9CB4AD30A24B8F66B32EB18060420C211B1FFE202D224558F40E07799961E46"
"C:\Users\PC\Dragon_Tower\Assets\Eric VFX Studio\Resource\Materials\circle_a_sheet_p_Builtin.mat.meta","85388616B7E33D73A1EDA48090F35E5C28C709123D441FEFB38C253FED4DBA00"
"C:\Users\PC\Dragon_Tower\Assets\Eric VFX Studio\Resource\Materials\circle_a_sheet_p.mat","8E6E4C92A80462FE8AB8A21F7816C3C9773A1364DF213836CA0ECBEBBC511D40"
"C:\Users\PC\Dragon_Tower\Assets\Eric VFX Studio\Resource\Materials\circle_a_sheet_p.mat.meta","70A6D21048C9D3174A54BA920F17D6057EC562B24EE53C3560DA73C9F8946691"
"C:\Users\PC\Dragon_Tower\Assets\Eric VFX Studio\Resource\Materials\Circle2_Builtin.mat","0CBAA2B8C4062AFEBA3D117CBE18EB22A63254219C9958D12757D361E49BEB68"
"C:\Users\PC\Dragon_Tower\Assets\Eric VFX Studio\Resource\Materials\Circle2_Builtin.mat.meta","8A8104151E0CBC81A95DA83299BF645B0865171C9C38BFFB164E4BDB06E4DACD"
"C:\Users\PC\Dragon_Tower\Assets\Eric VFX Studio\Resource\Materials\Circle2.mat","B782E8FBCD65885F012E2800CD8DF75C130B97D78D9FFA03330E156A8D3D34B3"
"C:\Users\PC\Dragon_Tower\Assets\Eric VFX Studio\Resource\Materials\Circle2.mat.meta","D326A427A7E5F58F1488F9D565C39E56C19D0BDFEA1B575186EDE27D061C0FC5"
"C:\Users\PC\Dragon_Tower\Assets\Eric VFX Studio\Resource\Materials\CircledStar_Builtin.mat","A322728D3099CB069F03BCC3D0C7C885BF43DE9931F6E8C4953F12E66BD8A52E"
"C:\Users\PC\Dragon_Tower\Assets\Eric VFX Studio\Resource\Materials\CircledStar_Builtin.mat.meta","3989AF7C593C45680D1C3BB440DB9A57EEF0F37299A59B094F43E928584B0C65"
"C:\Users\PC\Dragon_Tower\Assets\Eric VFX Studio\Resource\Materials\CircledStar.mat","AE8F8B74095E7A1DA4755D9760789BBF47042E8146B306440BC529E084AF41A7"
"C:\Users\PC\Dragon_Tower\Assets\Eric VFX Studio\Resource\Materials\CircledStar.mat.meta","6FC709920ABBE35FABF41E30CE6419059586DB582DC6EF18D81C59E6C3F547B5"
"C:\Users\PC\Dragon_Tower\Assets\Eric VFX Studio\Resource\Materials\cleave_impact_sheet 1_Builtin.mat","159B05C4FBD3BD4C69213274475683EF42503659EBD61F58A80CBEEB08869C16"
"C:\Users\PC\Dragon_Tower\Assets\Eric VFX Studio\Resource\Materials\cleave_impact_sheet 1_Builtin.mat.meta","E7E7F61B8D17107652FA83C14F11F85075A863C1D5FE80A097E0792E8EDCC9D5"
"C:\Users\PC\Dragon_Tower\Assets\Eric VFX Studio\Resource\Materials\cleave_impact_sheet 1.mat","38EBD53C7ECA1296B6D5DD2E425BA59C57FBC645DAF55BEFB835E50535CB02F8"
"C:\Users\PC\Dragon_Tower\Assets\Eric VFX Studio\Resource\Materials\cleave_impact_sheet 1.mat.meta","D35A292F4E0480CE0659EFDD38D0DE22B8E20DCB1CC618F975D53A36FA6C25AA"
"C:\Users\PC\Dragon_Tower\Assets\Eric VFX Studio\Resource\Materials\cleave_impact_sheet 3_Builtin.mat","268C4490B56CBD7F5829FAB8094701E7927E84404F8082C5837E4B23693497F7"
"C:\Users\PC\Dragon_Tower\Assets\Eric VFX Studio\Resource\Materials\cleave_impact_sheet 3_Builtin.mat.meta","6A48DBFE1EC38B6368ECFCDF3D2E21355136F2485AAC852CDC3AD73A3506BCDF"
"C:\Users\PC\Dragon_Tower\Assets\Eric VFX Studio\Resource\Materials\cleave_impact_sheet 3.mat","412883BC52847AA46782E6F5CC04FE094E50952F4A1DD57C8B195CCCF91C9AD6"
"C:\Users\PC\Dragon_Tower\Assets\Eric VFX Studio\Resource\Materials\cleave_impact_sheet 3.mat.meta","2B67790DEA6EDBD3236ABD3823A4CC8C92C52659F6521C5779B98E17C04C45F5"
"C:\Users\PC\Dragon_Tower\Assets\Eric VFX Studio\Resource\Materials\cleave_trail_a_sheet_yellow_Builtin.mat","7CE21F7435377D88817C7D2FB5C6981359E732271417A9524FB66024F593899B"
"C:\Users\PC\Dragon_Tower\Assets\Eric VFX Studio\Resource\Materials\cleave_trail_a_sheet_yellow_Builtin.mat.meta","E8CF88556ABF7851ED85C1B8DB8B1DC51A306AEB0B0F9B384C8618A955028887"
"C:\Users\PC\Dragon_Tower\Assets\Eric VFX Studio\Resource\Materials\cleave_trail_a_sheet_yellow.mat","EB1E4E72252865FE5F0B19E17D9A853F41E22802489C0F5AC20602C855BA74D0"
"C:\Users\PC\Dragon_Tower\Assets\Eric VFX Studio\Resource\Materials\cleave_trail_a_sheet_yellow.mat.meta","ED423EC390591151C46EC14DFED8152B83E740ED640B60932BEBD220A35D6C28"
"C:\Users\PC\Dragon_Tower\Assets\Eric VFX Studio\Resource\Materials\cleave_trail_n_sheet_blue_Builtin.mat","BD65F4917549C2D5AC1066A54074235FEE6676A6A423EB141CBA7ED52A81D2FE"
"C:\Users\PC\Dragon_Tower\Assets\Eric VFX Studio\Resource\Materials\cleave_trail_n_sheet_blue_Builtin.mat.meta","6BBEBE1CC474262BF5413A704BBCE9F91855FB2DF3CAE049624013A364C70C5B"
"C:\Users\PC\Dragon_Tower\Assets\Eric VFX Studio\Resource\Materials\cleave_trail_n_sheet_blue.mat","DB8804C932061B4A873C7E9C2CD143932CEAEBF44AB1583FEF2ED99994869B9D"
"C:\Users\PC\Dragon_Tower\Assets\Eric VFX Studio\Resource\Materials\cleave_trail_n_sheet_blue.mat.meta","78B5349352C01C5B5ACFBBEB76FD3A0ED3772B1E0C82808AE4465A127FECCD4E"
"C:\Users\PC\Dragon_Tower\Assets\Eric VFX Studio\Resource\Materials\cleave_trail_n_sheet_orange 1_Builtin.mat","C6AA16700AA0F938DC54242998079A9B9CF043DE543CD739F67DE8B24926ECF2"
"C:\Users\PC\Dragon_Tower\Assets\Eric VFX Studio\Resource\Materials\cleave_trail_n_sheet_orange 1_Builtin.mat.meta","8FC32E57603C2048B2EAF05DA72AFF529AE299E1D9E1C33EFAB20DD3DF6A11C6"
"C:\Users\PC\Dragon_Tower\Assets\Eric VFX Studio\Resource\Materials\cleave_trail_n_sheet_orange 1.mat","55E201D21CA26D2698F1ED7E82669367EF3070962E5DC1EFF622283A54D1B4C7"
"C:\Users\PC\Dragon_Tower\Assets\Eric VFX Studio\Resource\Materials\cleave_trail_n_sheet_orange 1.mat.meta","DCC4035EF71D19A3BADF80F27A456FA29F3E81F4ACDE39C102F5EC4A213DBD1B"
"C:\Users\PC\Dragon_Tower\Assets\Eric VFX Studio\Resource\Materials\cleave_trail_n_sheet_orange_Builtin.mat","797CAAF9434A06919819AD18F9063CB15F4A01364C78F8EEB29E48082DF1C2B9"
"C:\Users\PC\Dragon_Tower\Assets\Eric VFX Studio\Resource\Materials\cleave_trail_n_sheet_orange_Builtin.mat.meta","3FEC517D4B4CFB9CA880287756F9D6F29CF4B9D62B7771C15CF3A64052895E65"
"C:\Users\PC\Dragon_Tower\Assets\Eric VFX Studio\Resource\Materials\cleave_trail_n_sheet_orange.mat","F115091F142FA27F96A305B4797E73BD44D192B4AA9B87F7CC46656ECDBAC7C8"
"C:\Users\PC\Dragon_Tower\Assets\Eric VFX Studio\Resource\Materials\cleave_trail_n_sheet_orange.mat.meta","EC220AFD204A1287285B89CD42952AA56982EFFCD34F073C99FBA9E0FF6710DA"
"C:\Users\PC\Dragon_Tower\Assets\Eric VFX Studio\Resource\Materials\dao_01-14_Builtin.mat","CECFB0C44C76A4F9344942D22AA0EAC633E45F72B6E836BD91ED56E2D6FC2F6E"
"C:\Users\PC\Dragon_Tower\Assets\Eric VFX Studio\Resource\Materials\dao_01-14_Builtin.mat.meta","7ADB91CC5DB7C04164DAD437459DAC896AD2A47DFC2641FFE07A1E3E38FA967E"
"C:\Users\PC\Dragon_Tower\Assets\Eric VFX Studio\Resource\Materials\dao_01-14.mat","47A32497B23B96CB00A2C0241972E03F9B8010EACF3C0BC306C339C4B8EE55A7"
"C:\Users\PC\Dragon_Tower\Assets\Eric VFX Studio\Resource\Materials\dao_01-14.mat.meta","0B7D4D1964C907BE705163D49D306BC3B78A50A5BD6EC83281E73FC07AC59C23"
"C:\Users\PC\Dragon_Tower\Assets\Eric VFX Studio\Resource\Materials\dare_01_Builtin.mat","FEF16CF0E9CF16CC2CEAB7FA613088F7F63D05AAF23FE2F3D47E94F9EB964701"
"C:\Users\PC\Dragon_Tower\Assets\Eric VFX Studio\Resource\Materials\dare_01_Builtin.mat.meta","2772C4EDBE81D77E8ADD12CA9DD6F569D85D1E6EFF16E7005CBDF6CC2E6D726D"
"C:\Users\PC\Dragon_Tower\Assets\Eric VFX Studio\Resource\Materials\dare_01.mat","06BFE3532178829D1B43C25622B97BA3ED1D2115A280D6E6A42E1769D999F02D"
"C:\Users\PC\Dragon_Tower\Assets\Eric VFX Studio\Resource\Materials\dare_01.mat.meta","F3914AC9548B9049710E2AF856172453779D8E868503C9800FAF1A9BB2C877E4"
"C:\Users\PC\Dragon_Tower\Assets\Eric VFX Studio\Resource\Materials\DeadGold_star_P01_Builtin.mat","F3C63A6356BAA5B3C29F52B2CEBAC7F7B7A787982F9A7ACD14DF98953877508A"
"C:\Users\PC\Dragon_Tower\Assets\Eric VFX Studio\Resource\Materials\DeadGold_star_P01_Builtin.mat.meta","D70B9EFB81F7EF3920202EDECD9C5FD54F2D18CBFA702975D641D83B1F79DCA1"
"C:\Users\PC\Dragon_Tower\Assets\Eric VFX Studio\Resource\Materials\DeadGold_star_P01.mat","06F0257C8E33DA45CB113B1C976C6CD0504C6C8757058C8B527B2D299DCB5113"
"C:\Users\PC\Dragon_Tower\Assets\Eric VFX Studio\Resource\Materials\DeadGold_star_P01.mat.meta","6D2D4DD509C66A08EFFDF7D1670BC10912A4B7C487E8AFB10C72BA2900CB153A"
"C:\Users\PC\Dragon_Tower\Assets\Eric VFX Studio\Resource\Materials\DeadGold_star_P02_Builtin.mat","A8CD52A281A86267A290C2B2127941B03738903BE03F040D75F5A754DB9D3106"
"C:\Users\PC\Dragon_Tower\Assets\Eric VFX Studio\Resource\Materials\DeadGold_star_P02_Builtin.mat.meta","28677415AFA352D50A3838C24D7118701BCBB0D0B57A81891B2C935DCA1A2248"
"C:\Users\PC\Dragon_Tower\Assets\Eric VFX Studio\Resource\Materials\DeadGold_star_P02.mat","627A358D4F07CD110642815310E6ADED1D6653B03BC8757504349D688F7B4FD2"
"C:\Users\PC\Dragon_Tower\Assets\Eric VFX Studio\Resource\Materials\DeadGold_star_P02.mat.meta","6C01AAF0254C9BFF7D0BE955E4C8D454DFB8E6C3F5F1832DDA679D68712A5D36"
"C:\Users\PC\Dragon_Tower\Assets\Eric VFX Studio\Resource\Materials\decal_04_Builtin.mat","C0C42194DB87674262F6EFC1037D6BDB5F2DD51CB93DC81C9475E75EFA2B915F"
"C:\Users\PC\Dragon_Tower\Assets\Eric VFX Studio\Resource\Materials\decal_04_Builtin.mat.meta","0DA785E2ACE4BA7539DDD3BFBE3CD0EDDA08D6A483AC8432BF7535E3E11FC2BB"
"C:\Users\PC\Dragon_Tower\Assets\Eric VFX Studio\Resource\Materials\decal_04.mat","FEAC63C4127F92EF60939B9A33B6FD78F75F3AE60D77A55255D959DEC8C82791"
"C:\Users\PC\Dragon_Tower\Assets\Eric VFX Studio\Resource\Materials\decal_04.mat.meta","B405C3D1E3FA08499976E44791C61E638A48A60B565C358DB143C54B642C74CF"
"C:\Users\PC\Dragon_Tower\Assets\Eric VFX Studio\Resource\Materials\decal_fire 2_Builtin.mat","8CF5CD2F9FD93DD640CAD03F6AC5A97D0602EDCBBDC0FDD8A975C26AAF87A60E"
"C:\Users\PC\Dragon_Tower\Assets\Eric VFX Studio\Resource\Materials\decal_fire 2_Builtin.mat.meta","362CB3C47D97EA9D84E8067BD1F8BB08FCCCA36A52DF0E7D0A61EFEA6D7B7E12"
"C:\Users\PC\Dragon_Tower\Assets\Eric VFX Studio\Resource\Materials\decal_fire 2.mat","42D0BC69B8A45C0373265E6360176518B1D2CBFDF228C22C8756B012FB9448BB"
"C:\Users\PC\Dragon_Tower\Assets\Eric VFX Studio\Resource\Materials\decal_fire 2.mat.meta","E1C917FD550C44208309CE3DCE36C92880369C9EF3D7844030C831C17E7B42EC"
"C:\Users\PC\Dragon_Tower\Assets\Eric VFX Studio\Resource\Materials\Default-Particle_Builtin.mat","9E5BCA614F44CBF293F02EC7E8E590E8CC2C4B57300736B816CA5264DD251846"
"C:\Users\PC\Dragon_Tower\Assets\Eric VFX Studio\Resource\Materials\Default-Particle_Builtin.mat.meta","3EFE80522AB5E11BD142EFE5917CD5A8FFB8D99E39469BCACEC19F30C7556293"
"C:\Users\PC\Dragon_Tower\Assets\Eric VFX Studio\Resource\Materials\Default-Particle.mat","897A9748568414449F2106054F98A688CF89C3686EE863B3FCA561B5DDE284A6"
"C:\Users\PC\Dragon_Tower\Assets\Eric VFX Studio\Resource\Materials\Default-Particle.mat.meta","CD17BD23355D79A3E98A3447DCF7D74C2E741F7F53F31CCB4601AF14962969F6"
"C:\Users\PC\Dragon_Tower\Assets\Eric VFX Studio\Resource\Materials\Desbis_02_Builtin.mat","3F1A2274950476B67D9196C5F94682769B860AF5B31B4501F0D2C0CE90897D5A"
"C:\Users\PC\Dragon_Tower\Assets\Eric VFX Studio\Resource\Materials\Desbis_02_Builtin.mat.meta","D55C0A65C31EA165F4F3D13DB1FA889556249B20C85D875E79C1E7FB504A7D18"
"C:\Users\PC\Dragon_Tower\Assets\Eric VFX Studio\Resource\Materials\Desbis_02.mat","4C112DD95D953B891BA365C5ED13AFEE931A315A243E816B367C9E97DC45B581"
"C:\Users\PC\Dragon_Tower\Assets\Eric VFX Studio\Resource\Materials\Desbis_02.mat.meta","D1E36F877D04ADD6A59BA12591ADA9C2449A2E82559C6327958869C89D57BCDA"
"C:\Users\PC\Dragon_Tower\Assets\Eric VFX Studio\Resource\Materials\DH_caltrops_runeB_1_Builtin.mat","82A8281B7B263525F019F776DFB8D68F086074CD7E5C2CB866B5D6D686FB51F9"
"C:\Users\PC\Dragon_Tower\Assets\Eric VFX Studio\Resource\Materials\DH_caltrops_runeB_1_Builtin.mat.meta","FCC06B8ADBACA0ECBC71A29A4B982B99B6AE8B58516E355FCDF94629444FAFFB"
"C:\Users\PC\Dragon_Tower\Assets\Eric VFX Studio\Resource\Materials\DH_caltrops_runeB_1.mat","910AB95C193BBD9C0F733F8F4AAE956F892D10E4BABEF1D21EB27D9C52F28A6B"
"C:\Users\PC\Dragon_Tower\Assets\Eric VFX Studio\Resource\Materials\DH_caltrops_runeB_1.mat.meta","CE8067E463D9EB875BCD01F06E3C0133A2AC8072CE0D91366CE85DA00C20F460"
"C:\Users\PC\Dragon_Tower\Assets\Eric VFX Studio\Resource\Materials\dk_effect_002_Builtin.mat","4F01FC5916DF277FC292C953CB144AF33DB7B7C6BE5A7776939E3499089E4914"
"C:\Users\PC\Dragon_Tower\Assets\Eric VFX Studio\Resource\Materials\dk_effect_002_Builtin.mat.meta","AC9EBD78B970CC717D6DD786967BB370F5676813D90C4690CB94854DDD4180B2"
"C:\Users\PC\Dragon_Tower\Assets\Eric VFX Studio\Resource\Materials\dk_effect_002.mat","42317A346ABD5B66EEFDC419C96F70D10ACDFA82F88D04120F0CB156F67E1FCD"
"C:\Users\PC\Dragon_Tower\Assets\Eric VFX Studio\Resource\Materials\dk_effect_002.mat.meta","5558CC145F3262B21C9E409D74A6B2AD683442C0B254258F486A8E247127588B"
"C:\Users\PC\Dragon_Tower\Assets\Eric VFX Studio\Resource\Materials\dk_effect_008b 2_Builtin.mat","519A4E253D899F5ABC6BC843C4D414A6D3674B345FD712EA782526132D6D61FC"
"C:\Users\PC\Dragon_Tower\Assets\Eric VFX Studio\Resource\Materials\dk_effect_008b 2_Builtin.mat.meta","A845FDD2CACCB49B2D24944BA08763DA70798326D8CC9401DA4989EB2363E006"
"C:\Users\PC\Dragon_Tower\Assets\Eric VFX Studio\Resource\Materials\dk_effect_008b 2.mat","FC290155F4D86B66BD226E2CAFFD70968D3BD01BF91A6FFB152A2A1A0432AFA0"
"C:\Users\PC\Dragon_Tower\Assets\Eric VFX Studio\Resource\Materials\dk_effect_008b 2.mat.meta","841F8BB230A54706225D9ABE9C177A4E1939A5EF0AE04772D745DEBB5F57FD97"
"C:\Users\PC\Dragon_Tower\Assets\Eric VFX Studio\Resource\Materials\dl_001_Builtin.mat","ABD07B1E6FA19CD84B4BE6FBF01E55D734C5D001E25EC37C3A02037AD7B3BEDB"
"C:\Users\PC\Dragon_Tower\Assets\Eric VFX Studio\Resource\Materials\dl_001_Builtin.mat.meta","AC8CB7BD4B01B356440C6AE91C908FDFC7CE6134DB55EE880DBEA7836D3A05C6"
"C:\Users\PC\Dragon_Tower\Assets\Eric VFX Studio\Resource\Materials\dl_001.mat","0FEA95766EBC524B083CFE6445545CF8E4B2641B14D77775E33E69E288D7E418"
"C:\Users\PC\Dragon_Tower\Assets\Eric VFX Studio\Resource\Materials\dl_001.mat.meta","7781CE276CA11D5F91DDF83694531EB6D0134AB78AC0D7404B068CF3A25D91DD"
"C:\Users\PC\Dragon_Tower\Assets\Eric VFX Studio\Resource\Materials\dust_puff_new_sheet_Builtin.mat","BBC701F37A9DBE5030B539FC32635CA48CFCEE4EA3BAC5305901882695826F47"
"C:\Users\PC\Dragon_Tower\Assets\Eric VFX Studio\Resource\Materials\dust_puff_new_sheet_Builtin.mat.meta","3A443EB91DDDD4C1F1D88A30DF6980EEB1D519E1A8CD6E67FE4F2A18D85D9569"
"C:\Users\PC\Dragon_Tower\Assets\Eric VFX Studio\Resource\Materials\dust_puff_new_sheet.mat","D74BE317E084AB7BC947A040D0E5786DDA548FC628D7CB8CB93A90F5F19A13E5"
"C:\Users\PC\Dragon_Tower\Assets\Eric VFX Studio\Resource\Materials\dust_puff_new_sheet.mat.meta","F17F0CEDD934B0431C9C585038A34B6A095616031474FF59A61AFB19037A5956"
"C:\Users\PC\Dragon_Tower\Assets\Eric VFX Studio\Resource\Materials\dust_puff_particle_sheet 1_Builtin.mat","2019FB329C2554A1A86866018A5BB85A4C14264C0F81DF71958584F5DFB6E146"
"C:\Users\PC\Dragon_Tower\Assets\Eric VFX Studio\Resource\Materials\dust_puff_particle_sheet 1_Builtin.mat.meta","91607408947F2506DDF48619262CA6D44CC76A6DF7C7A49471B6BDCBEE878824"
"C:\Users\PC\Dragon_Tower\Assets\Eric VFX Studio\Resource\Materials\dust_puff_particle_sheet 1.mat","F516233084F03CABC6BB44384D7E07339D8F2E7DEFDC76F38A3BC5BE8B1087FA"
"C:\Users\PC\Dragon_Tower\Assets\Eric VFX Studio\Resource\Materials\dust_puff_particle_sheet 1.mat.meta","D1C7FD5A97700884810D0D2F1D34F30F930FBB4F39D405F36A934C7BD8A9C412"
"C:\Users\PC\Dragon_Tower\Assets\Eric VFX Studio\Resource\Materials\Electro_02_Builtin.mat","B744766111226CA0EEEBCCA4D7D13566DB06B68A86F8758447182550FCFE4969"
"C:\Users\PC\Dragon_Tower\Assets\Eric VFX Studio\Resource\Materials\Electro_02_Builtin.mat.meta","81B0D53BFB7D15044C169642665F4F0E030E460C2B2CFFAA5819F62F9EED0EDB"
"C:\Users\PC\Dragon_Tower\Assets\Eric VFX Studio\Resource\Materials\Electro_02.mat","656730ECA7BBE8A6123BD41CDB7F0AC2412E3CE7387904677A55F960A26F9F64"
"C:\Users\PC\Dragon_Tower\Assets\Eric VFX Studio\Resource\Materials\Electro_02.mat.meta","EF598594F228DB8BE800CC99AAE8E04EEC0CF4B5056432BEE8436B96D4C54A68"
"C:\Users\PC\Dragon_Tower\Assets\Eric VFX Studio\Resource\Materials\Electro_s4_P_Builtin.mat","A047A88A1280FB643C0B34445BFEA85BF0821EB5CCE0760D75E3912002CA28E2"
"C:\Users\PC\Dragon_Tower\Assets\Eric VFX Studio\Resource\Materials\Electro_s4_P_Builtin.mat.meta","4626AE6A42FAF159B25B90F216B80C6A542CB3879889C4587947B3B528846CBA"
"C:\Users\PC\Dragon_Tower\Assets\Eric VFX Studio\Resource\Materials\Electro_s4_P.mat","A0C7A5CB5AADDDE861D5DF5EFE936D710C342AB7F1947431ADD6BB7DC8CA15D3"
"C:\Users\PC\Dragon_Tower\Assets\Eric VFX Studio\Resource\Materials\Electro_s4_P.mat.meta","D164200A2DB316B04EC8A50658D16A794816CB218F3E4C18F2250C163D2C2405"
"C:\Users\PC\Dragon_Tower\Assets\Eric VFX Studio\Resource\Materials\Electro01_yellow 1_Builtin.mat","F4D58CC180E6984671431D3EF888E160D65E068AFA40A921D08BCDB8FB610323"
"C:\Users\PC\Dragon_Tower\Assets\Eric VFX Studio\Resource\Materials\Electro01_yellow 1_Builtin.mat.meta","77A14CAD168A8F7A9B2448B3369D5E7BA315332C9B3493D61E9DB4DA32C55D96"
"C:\Users\PC\Dragon_Tower\Assets\Eric VFX Studio\Resource\Materials\Electro01_yellow 1.mat","5EF799795022A7E60E1A6FB55F5A372B0817CD31BC9CB641217E8EDE6AD68CCA"
"C:\Users\PC\Dragon_Tower\Assets\Eric VFX Studio\Resource\Materials\Electro01_yellow 1.mat.meta","6A8C09CCDAC41F251A427F5B8CE9A5C8C1FFAA6DBC79ED1067DD75FAFEF87708"
"C:\Users\PC\Dragon_Tower\Assets\Eric VFX Studio\Resource\Materials\Electro01_yellow 2_Builtin.mat","6951BECE14CCED48FF0C36689B905E2E0779892DB733AA00F50A7F266D533732"
"C:\Users\PC\Dragon_Tower\Assets\Eric VFX Studio\Resource\Materials\Electro01_yellow 2_Builtin.mat.meta","F3F5A22E59B39A047685D29C16281913DE2CF4B6F1CBA9BDB851C59414BDB8E9"
"C:\Users\PC\Dragon_Tower\Assets\Eric VFX Studio\Resource\Materials\Electro01_yellow 2.mat","66120A97AC815AA60001411312C98364DC8954445E2252C6B849DB4C2B9F4088"
"C:\Users\PC\Dragon_Tower\Assets\Eric VFX Studio\Resource\Materials\Electro01_yellow 2.mat.meta","78D1BFEFE401192E0DD0C819DE8FB1AFFD8ED52D2A30E819B3021BE4BC4608CD"
"C:\Users\PC\Dragon_Tower\Assets\Eric VFX Studio\Resource\Materials\enrage_whirlwind_add_particles_Builtin.mat","47C7F2683D9F0ABB4D1A6BBD2E2FEB42F9FBBF9EC2D7E49FA1BE8D5152ED8595"
"C:\Users\PC\Dragon_Tower\Assets\Eric VFX Studio\Resource\Materials\enrage_whirlwind_add_particles_Builtin.mat.meta","C4779E9628497606026E5E0D3A59B474C90C821AB6A26494055AF69B331E7537"
"C:\Users\PC\Dragon_Tower\Assets\Eric VFX Studio\Resource\Materials\enrage_whirlwind_add_particles.mat","C11E55EA65EC87B8D85D9C688351CD8E7D06DE78A205A53353F6AD3CB4F523D4"
"C:\Users\PC\Dragon_Tower\Assets\Eric VFX Studio\Resource\Materials\enrage_whirlwind_add_particles.mat.meta","F4BD7D221E4CAED07AE7C393E8DACF55DD617DF76E568492C36EDE9C5FC8C037"
"C:\Users\PC\Dragon_Tower\Assets\Eric VFX Studio\Resource\Materials\explosion_smoke_1_Builtin.mat","1F249C9206AFA98227329A58F961536E93DCBFDB5B4BB676846C7E6E23D28AE9"
"C:\Users\PC\Dragon_Tower\Assets\Eric VFX Studio\Resource\Materials\explosion_smoke_1_Builtin.mat.meta","F9B189F6DEC58CC44B9E03E7E0B30802AE38441C1223EEB3CFF25D609B81C268"
"C:\Users\PC\Dragon_Tower\Assets\Eric VFX Studio\Resource\Materials\explosion_smoke_1.mat","85B3403963FD8A280E6713D09E80E500D8977FCD53D516CCD210F759E3C600FA"
"C:\Users\PC\Dragon_Tower\Assets\Eric VFX Studio\Resource\Materials\explosion_smoke_1.mat.meta","F1CFDF568795276F8BCE8E517543AEAF821E03D6146CA16C916EF4073142E9D7"
"C:\Users\PC\Dragon_Tower\Assets\Eric VFX Studio\Resource\Materials\explosion_smoke_4_sheet 1_Builtin.mat","5E00AC88CEF98892074556892712CCDD710E9761CFBB02BA3DCD00830B5C7E7F"
"C:\Users\PC\Dragon_Tower\Assets\Eric VFX Studio\Resource\Materials\explosion_smoke_4_sheet 1_Builtin.mat.meta","24520C26BDC16632565733BDF990C976068C4FB927E36078A1CE84FE9742A4DD"
"C:\Users\PC\Dragon_Tower\Assets\Eric VFX Studio\Resource\Materials\explosion_smoke_4_sheet 1.mat","073A8D3EA45D231E8D8D6CABA0A4F47A0D5D00E478597FDC03926DE2F4F18532"
"C:\Users\PC\Dragon_Tower\Assets\Eric VFX Studio\Resource\Materials\explosion_smoke_4_sheet 1.mat.meta","2502400D806BE879DAC3F9E6CC4691B267E0B1569A8AAD377CCFAC17DAAA7848"
"C:\Users\PC\Dragon_Tower\Assets\Eric VFX Studio\Resource\Materials\explosion_smoke_4_sheet_Builtin.mat","B3903115A6EB747C0BBCD01F18FBD3623798599ECAAA204E8BB979598E04AC2D"
"C:\Users\PC\Dragon_Tower\Assets\Eric VFX Studio\Resource\Materials\explosion_smoke_4_sheet_Builtin.mat.meta","9DD98512E6FE3346DC8E685631D2339A1FFDCA4E204AC8FEACBA0CF3EF719BBE"
"C:\Users\PC\Dragon_Tower\Assets\Eric VFX Studio\Resource\Materials\explosion_smoke_4_sheet.mat","54AA7CA1391B4BE0D0B8B2A7E5713476866E2AA84D67E288095FF109E3B71D0B"
"C:\Users\PC\Dragon_Tower\Assets\Eric VFX Studio\Resource\Materials\explosion_smoke_4_sheet.mat.meta","827185DFD5520BCD4B5D3909A16230D1F7F4EBB9CB6FF878095D8C04463E8FE8"
"C:\Users\PC\Dragon_Tower\Assets\Eric VFX Studio\Resource\Materials\fanwei_00001_Builtin.mat","F807C7287FFE011A1B77B30EE3AE1AF19303D96A410B6EFF76382BFBA2E15F76"
"C:\Users\PC\Dragon_Tower\Assets\Eric VFX Studio\Resource\Materials\fanwei_00001_Builtin.mat.meta","5953AAF5B0CE4180817631C06889AB9EA76DDB0EA5B40EFEAC0A58A2684FA0F1"
"C:\Users\PC\Dragon_Tower\Assets\Eric VFX Studio\Resource\Materials\fanwei_00001.mat","C1C9DB9DF59E8586D69EB3D63AA24630F3CEC442494DCA19E02AD169D0AAB9F1"
"C:\Users\PC\Dragon_Tower\Assets\Eric VFX Studio\Resource\Materials\fanwei_00001.mat.meta","F847522C93FEE7E5383126A7199D1F1203017741C3CDCB0E5E779E6DCE32D949"
"C:\Users\PC\Dragon_Tower\Assets\Eric VFX Studio\Resource\Materials\fence_Builtin.mat","A5FF43976D80B82C90A78CD907AE85B6E9D4A57D9723F0079EAB7090793B6808"
"C:\Users\PC\Dragon_Tower\Assets\Eric VFX Studio\Resource\Materials\fence_Builtin.mat.meta","732B6D49B3F38F4EB89D25A619AF2D14808BFFB1D5FEDF60C848161720C936B1"
"C:\Users\PC\Dragon_Tower\Assets\Eric VFX Studio\Resource\Materials\fence.mat","DBE202BF1A4CE7FF8AC16B1E1D3F093D4C633B1D8F1D8D280DA13E673193487D"
"C:\Users\PC\Dragon_Tower\Assets\Eric VFX Studio\Resource\Materials\fence.mat.meta","DFC13A35C39AB543255B3D295A455CEDB4E300FFF9998DBB71A703C1E82FCDCF"
"C:\Users\PC\Dragon_Tower\Assets\Eric VFX Studio\Resource\Materials\fire_01_Builtin.mat","57FF2AD6F139308AD5EB1B4A15E7BE2041CDA5EBD876E904DFB38EE38C3E670F"
"C:\Users\PC\Dragon_Tower\Assets\Eric VFX Studio\Resource\Materials\fire_01_Builtin.mat.meta","9CB864B3A13CA7205A274CCA0DF261AC843A0ADD6A1220E4AC5304EF255B2893"
"C:\Users\PC\Dragon_Tower\Assets\Eric VFX Studio\Resource\Materials\Fire_01_X_Builtin.mat","F7B524DF019FC99C671D3551829A2540EC1F6483896A4F55BC17EC99E6113431"
"C:\Users\PC\Dragon_Tower\Assets\Eric VFX Studio\Resource\Materials\Fire_01_X_Builtin.mat.meta","D86B05A3550A209AF5229B518E532DF5E5117CA6C81F2B27BB5287A13E80152A"
"C:\Users\PC\Dragon_Tower\Assets\Eric VFX Studio\Resource\Materials\Fire_01_X.mat","55EEB5CA2DBF87D9A945E6DE50888CD5BF7055DFBAF67BA3DB14FC88870A3B4C"
"C:\Users\PC\Dragon_Tower\Assets\Eric VFX Studio\Resource\Materials\Fire_01_X.mat.meta","DB1AD19D20702290B294AA049D66C4EC2BECA54C247DE97DE850A38F05A4FA94"
"C:\Users\PC\Dragon_Tower\Assets\Eric VFX Studio\Resource\Materials\fire_01.mat","AAB9FF16D27DE08E93479C8F2FE726BD2F44CA62D96986BFA764981933FA1B44"
"C:\Users\PC\Dragon_Tower\Assets\Eric VFX Studio\Resource\Materials\fire_01.mat.meta","317DD9E5C364F13569F801F20AA355FF313E5B6D1C83528E9EF7AD7ADCFA7A8A"
"C:\Users\PC\Dragon_Tower\Assets\Eric VFX Studio\Resource\Materials\fire_04_x_Builtin.mat","E9F3D143F9083FE3318EC460F264F4394DF1618FCCCB19D3BED0C3292FAEB2BB"
"C:\Users\PC\Dragon_Tower\Assets\Eric VFX Studio\Resource\Materials\fire_04_x_Builtin.mat.meta","D0E568E0825B38200982FBC8F21CAED65A52A2C320721346EA14D963250E01A7"
"C:\Users\PC\Dragon_Tower\Assets\Eric VFX Studio\Resource\Materials\fire_04_x.mat","80487AEB01F857FCF9D3C9145D457CFCBD4C05859C54466417DDCCE559A80144"
"C:\Users\PC\Dragon_Tower\Assets\Eric VFX Studio\Resource\Materials\fire_04_x.mat.meta","16D654B520BF0B2815BA3F0CACB2DEF851A0984BCFF5E7601FEB8F103FF04495"
"C:\Users\PC\Dragon_Tower\Assets\Eric VFX Studio\Resource\Materials\fire_05_x_Builtin.mat","28D73324931F6DFB27BF2D0E8E9E8B75EFECBD33FF2BE7D055623A967D106937"
"C:\Users\PC\Dragon_Tower\Assets\Eric VFX Studio\Resource\Materials\fire_05_x_Builtin.mat.meta","9A15E3B0B5D7698EF2AC2C056D671B0D4E783A0C43DFECC6735B4474631E8061"
"C:\Users\PC\Dragon_Tower\Assets\Eric VFX Studio\Resource\Materials\fire_05_x.mat","C3E8B673F8D919961DD8EE81B77B9C593E0F32B1462E00EDCD4D5F78DC06BC71"
"C:\Users\PC\Dragon_Tower\Assets\Eric VFX Studio\Resource\Materials\fire_05_x.mat.meta","7F1842358CA61DE7674E2AFA0422E34D255C14BE96B503032E7A8B65E871CB5F"
"C:\Users\PC\Dragon_Tower\Assets\Eric VFX Studio\Resource\Materials\fire_10_Builtin.mat","2BD70A1AA64BFA8D1E02A0BA8F702CAE9A76B126BBC4CE7A7D266C72298713EA"
"C:\Users\PC\Dragon_Tower\Assets\Eric VFX Studio\Resource\Materials\fire_10_Builtin.mat.meta","6780EBE6AF1C05450D765C0DB4A8637D26F35C2C3DBEB8A35F6FB06AAA96896D"
"C:\Users\PC\Dragon_Tower\Assets\Eric VFX Studio\Resource\Materials\fire_10.mat","ED59ABBA0080832A09BF8381D4B76316442BA0D5D91AB8A1AE20F9F5979AFA22"
"C:\Users\PC\Dragon_Tower\Assets\Eric VFX Studio\Resource\Materials\fire_10.mat.meta","8A735738017F4BE7849270D3EF17A4990D46675B239C7BB55922A4A008A7EE89"
"C:\Users\PC\Dragon_Tower\Assets\Eric VFX Studio\Resource\Materials\fire_particles_4_purple_Builtin.mat","29E7E99076DE4634A3933D08C3B875FE47C2ACB5C74A8E70CDF9FFBCDCD4E78C"
"C:\Users\PC\Dragon_Tower\Assets\Eric VFX Studio\Resource\Materials\fire_particles_4_purple_Builtin.mat.meta","A59B80CB4A135B1C3768430217CFA2EAE77972A5D15CBC387DDEB7DA10CB26F0"
"C:\Users\PC\Dragon_Tower\Assets\Eric VFX Studio\Resource\Materials\fire_particles_4_purple.mat","824A883F8231EA06828C00028E4241A6DDD9A06E71D71553F33E3890248D46E3"
"C:\Users\PC\Dragon_Tower\Assets\Eric VFX Studio\Resource\Materials\fire_particles_4_purple.mat.meta","1FBF5A5A1BBA5053496674D456C6E7593065D5045280CC1EFF7A6D0F7DA5624B"
"C:\Users\PC\Dragon_Tower\Assets\Eric VFX Studio\Resource\Materials\fire_purple_W01_Builtin.mat","CB340F969027232CBED3F3A4973C7E341F25604B6D4EB2475993F4CFE8BF0964"
"C:\Users\PC\Dragon_Tower\Assets\Eric VFX Studio\Resource\Materials\fire_purple_W01_Builtin.mat.meta","CE47CBF356257D60904EB5D69EB5151AEAF2C93C2F51171FF604C522A83113C7"
"C:\Users\PC\Dragon_Tower\Assets\Eric VFX Studio\Resource\Materials\fire_purple_W01.mat","673FC3FCD0A21F665D3AA42C791C801C83EBCDBE934E71527F240BD06F664247"
"C:\Users\PC\Dragon_Tower\Assets\Eric VFX Studio\Resource\Materials\fire_purple_W01.mat.meta","DA369BE5D833EEF01FB6A4509F183A765C0489CCF44F92F7B9E40D0DDC5E263B"
"C:\Users\PC\Dragon_Tower\Assets\Eric VFX Studio\Resource\Materials\Fire_real 10_Builtin.mat","DE801CA3E7C9449EBC3EA76DA0DEF0D8AFFAFED8A92AE5B724725417F43A1AF1"
"C:\Users\PC\Dragon_Tower\Assets\Eric VFX Studio\Resource\Materials\Fire_real 10_Builtin.mat.meta","96342071ED48C7C70A3BED86EF95D04C664ECD069B05A03A62423429DB84A09B"
"C:\Users\PC\Dragon_Tower\Assets\Eric VFX Studio\Resource\Materials\Fire_real 10.mat","7F42718AD47BC43AE30DC3297178FE8F13598842EB3B47AFF2BA47656FB26CE1"
"C:\Users\PC\Dragon_Tower\Assets\Eric VFX Studio\Resource\Materials\Fire_real 10.mat.meta","86DA49A0898E9385637DE555787D8446DBCD174D726EF5766C87CAEA42995AAD"
"C:\Users\PC\Dragon_Tower\Assets\Eric VFX Studio\Resource\Materials\Fire_real 9_Builtin.mat","7B4AB0CA29313818B4B93117DE6B6E7675BB522BE20621445414E3741C3E923A"
"C:\Users\PC\Dragon_Tower\Assets\Eric VFX Studio\Resource\Materials\Fire_real 9_Builtin.mat.meta","8D570B565B057038CFB564DCDE800C601784FE3643C87B0E869F47D7F5507E04"
"C:\Users\PC\Dragon_Tower\Assets\Eric VFX Studio\Resource\Materials\Fire_real 9.mat","7CB35EFBADAADFB9BF84D1607BCFB6232AF602E463EB6FADF66A7B41AF91B365"
"C:\Users\PC\Dragon_Tower\Assets\Eric VFX Studio\Resource\Materials\Fire_real 9.mat.meta","22FB2149BF1A973F1AEFEF9CB9F63D8C4C79F4F9B8CEC377AB9686BFAF37CB1C"
"C:\Users\PC\Dragon_Tower\Assets\Eric VFX Studio\Resource\Materials\firerock 3_Builtin.mat","C5B8A5A6CCDED020B24A00261EC73051DCC098D8BB731C7ABBAF42CF40B893B4"
"C:\Users\PC\Dragon_Tower\Assets\Eric VFX Studio\Resource\Materials\firerock 3_Builtin.mat.meta","898046D4220648304AA0A32663724B017A1CA9B3947D27D8A5483D0BA2E313EA"
"C:\Users\PC\Dragon_Tower\Assets\Eric VFX Studio\Resource\Materials\firerock 3.mat","1BE78A2A7886B230F0E5A1017B039F26A7123317605CE7400F2D58FBC51BBCED"
"C:\Users\PC\Dragon_Tower\Assets\Eric VFX Studio\Resource\Materials\firerock 3.mat.meta","699EEED78AE5A386F5795BD9D90FF509E2CD6D4473E21463AAECDC9D6B6CC48A"
"C:\Users\PC\Dragon_Tower\Assets\Eric VFX Studio\Resource\Materials\FlameBomb_a_Builtin.mat","6BBA1F5D5CC3FE9B46EACE911E55516E214CD02E5635D30D7F8C560D2343FF87"
"C:\Users\PC\Dragon_Tower\Assets\Eric VFX Studio\Resource\Materials\FlameBomb_a_Builtin.mat.meta","5B5E81814AB9800A45B4360A39CA6342BB4A7A832EEFCBA5A6C22D507A463EE3"
"C:\Users\PC\Dragon_Tower\Assets\Eric VFX Studio\Resource\Materials\FlameBomb_a.mat","343819143BF1515D83AC7244D7FC4A693B8EA665A70A87B0C5C0BBE8527C9A60"
"C:\Users\PC\Dragon_Tower\Assets\Eric VFX Studio\Resource\Materials\FlameBomb_a.mat.meta","911760EB5E8788909660FCD37EA28CF5A84713AAD43A34DF3CE0D47C40C4F417"
"C:\Users\PC\Dragon_Tower\Assets\Eric VFX Studio\Resource\Materials\flare_010_Builtin.mat","8234C9B077801A68C0900B255E18796A314477188590BF812F11C69752841F3F"
"C:\Users\PC\Dragon_Tower\Assets\Eric VFX Studio\Resource\Materials\flare_010_Builtin.mat.meta","E838D524F6AC907C3E637F32DB8CFA9BE89955E7A58CB4FFF9E6F073A33ED24B"
"C:\Users\PC\Dragon_Tower\Assets\Eric VFX Studio\Resource\Materials\flare_010.mat","0FBF47BF86DFB2F519FFE97DDF0344151E6B618BFDE598E57F7283940E95EE29"
"C:\Users\PC\Dragon_Tower\Assets\Eric VFX Studio\Resource\Materials\flare_010.mat.meta","CD468912D46C7EF9993865AAB59F8701679A6F4FDA301DE1963F374E9E591630"
"C:\Users\PC\Dragon_Tower\Assets\Eric VFX Studio\Resource\Materials\Flare_02_Builtin.mat","7173317CA3BA5920F28DDAEEDBC3F31060B7FE6CEE3CD3801AB1323AF28A00F7"
"C:\Users\PC\Dragon_Tower\Assets\Eric VFX Studio\Resource\Materials\Flare_02_Builtin.mat.meta","BE7476368581165DFB65A3A3AC5E9F52A519E9555328B3C6D3E7D6935F22352E"
"C:\Users\PC\Dragon_Tower\Assets\Eric VFX Studio\Resource\Materials\Flare_02.mat","435CE7C015B8CF5A93EE14661160F84E84B2B75EF32584ED84CB2CE8480779E3"
"C:\Users\PC\Dragon_Tower\Assets\Eric VFX Studio\Resource\Materials\Flare_02.mat.meta","B3452A279DDFCDCC3894D857AFC4B7F36A3ACDE768A74BF5260C7759BD5E3128"
"C:\Users\PC\Dragon_Tower\Assets\Eric VFX Studio\Resource\Materials\flare_10_Builtin.mat","15F651DB13AF01D065E136A3231BFD72A5B4D5F959960E0DD6C78016D8473918"
"C:\Users\PC\Dragon_Tower\Assets\Eric VFX Studio\Resource\Materials\flare_10_Builtin.mat.meta","F8BBFFD08F6B0E61E2A65C710DEC7B6FFC187C15BB7C42C7455CCFBF43E1CED7"
"C:\Users\PC\Dragon_Tower\Assets\Eric VFX Studio\Resource\Materials\flare_10.mat","1A49DBF1B8B1E4F6E6B6B7A894E67F8A6639BCAE5E48FB6B93B40774E44B15DD"
"C:\Users\PC\Dragon_Tower\Assets\Eric VFX Studio\Resource\Materials\flare_10.mat.meta","F0C416D2CEC35E9CE7BBC605E7937185ED56D3B52E15F889120E305C2F94FB6F"
"C:\Users\PC\Dragon_Tower\Assets\Eric VFX Studio\Resource\Materials\flare_13_Builtin.mat","EA1B4894E2E0DBE9874BF99A6FE59C48C7BF352D54EA31873367E04E79928353"
"C:\Users\PC\Dragon_Tower\Assets\Eric VFX Studio\Resource\Materials\flare_13_Builtin.mat.meta","FC570D1D014BEA0C39064227DF73B675D8CDFD959331BECC75CD8E885AD32565"
"C:\Users\PC\Dragon_Tower\Assets\Eric VFX Studio\Resource\Materials\flare_13.mat","F702BF38E015BA1F6F94B9F3AB25EE2C1BA313CDFEF35B7173F0AA42C6A995AE"
"C:\Users\PC\Dragon_Tower\Assets\Eric VFX Studio\Resource\Materials\flare_13.mat.meta","F2FED8A01F1833BD40C3BDD09536A2DA6F9521E344D7CDCFBE4F8BF2BEAD0B58"
"C:\Users\PC\Dragon_Tower\Assets\Eric VFX Studio\Resource\Materials\flare_34_Builtin.mat","3282ABE5C3808230670BF92C6E2603A3012E7B5D3C948CD3F12C9AD62164D5DD"
"C:\Users\PC\Dragon_Tower\Assets\Eric VFX Studio\Resource\Materials\flare_34_Builtin.mat.meta","0C2E77E43BDF155A48B0BF78BE9A2481CE732E184167FA616320B058A7AC10E4"
"C:\Users\PC\Dragon_Tower\Assets\Eric VFX Studio\Resource\Materials\flare_34.mat","4ED1DE05BAE50DA4635EBFAB7AA067F359BD5137FED5B9F75BCF18CC50DBF1D0"
"C:\Users\PC\Dragon_Tower\Assets\Eric VFX Studio\Resource\Materials\flare_34.mat.meta","30426D55784A181988694FBB95E75A62828BD2698D68DD87B55CDE64B25D916B"
"C:\Users\PC\Dragon_Tower\Assets\Eric VFX Studio\Resource\Materials\flare_35_Builtin.mat","F43795CD1D53A8FA3422303D03CE0E0947F87EF709B8E9B6117B51891272CD08"
"C:\Users\PC\Dragon_Tower\Assets\Eric VFX Studio\Resource\Materials\flare_35_Builtin.mat.meta","EC253DA7F7F3DDA376C3699B5614135DFCD29F5AAA188237356B37456070ECB8"
"C:\Users\PC\Dragon_Tower\Assets\Eric VFX Studio\Resource\Materials\flare_35.mat","8987E2110E9C6DFC1E4CE04ED60B42ACD1F2F7EA7DE9AB21DAE132F4B1877221"
"C:\Users\PC\Dragon_Tower\Assets\Eric VFX Studio\Resource\Materials\flare_35.mat.meta","DCC32F68119C48E6C31B8420FF3F69BF91A7CA82DF9E49C12D70824C00348EF7"
"C:\Users\PC\Dragon_Tower\Assets\Eric VFX Studio\Resource\Materials\flare_37_Builtin.mat","AD378E093EA120C12CC85915702C0A4C5940F44A90DC840A6B94CAD91296B5C7"
"C:\Users\PC\Dragon_Tower\Assets\Eric VFX Studio\Resource\Materials\flare_37_Builtin.mat.meta","903E6FFCD4CECF278F957832CEB29A58BC653F97C6AEC22E54AB89E78CCD82C0"
"C:\Users\PC\Dragon_Tower\Assets\Eric VFX Studio\Resource\Materials\flare_37.mat","BD92531B1AC9EFDD1865A4D665933671116A014DDD6D1C1B667B78583730429A"
"C:\Users\PC\Dragon_Tower\Assets\Eric VFX Studio\Resource\Materials\flare_37.mat.meta","5438E6B89E94FC8C2BBE5BCD121CF5893AEEA05246914847E1FD6DFB763C2CDB"
"C:\Users\PC\Dragon_Tower\Assets\Eric VFX Studio\Resource\Materials\flare_42_Builtin.mat","DAFF9E29F79CCE469571F7CE0BE53C0FBC236F513B886D92D2A97C800C73AED5"
"C:\Users\PC\Dragon_Tower\Assets\Eric VFX Studio\Resource\Materials\flare_42_Builtin.mat.meta","543B3F63DAD9B0AFA3CC3EB070B48B1FEB6B2E3E1F3D9F0744F66BA2F0C62844"
"C:\Users\PC\Dragon_Tower\Assets\Eric VFX Studio\Resource\Materials\flare_42.mat","170BA37BE4BE031EFC7D499D36B263CB426AAF203F8F2E114D0C1318B0FEDE8F"
"C:\Users\PC\Dragon_Tower\Assets\Eric VFX Studio\Resource\Materials\flare_42.mat.meta","D9710C979CC85583E33CCB6A82334FF530A89AE429DA96DB38A50CBDD087102F"
"C:\Users\PC\Dragon_Tower\Assets\Eric VFX Studio\Resource\Materials\flare_44_Builtin.mat","A0943501389830AEBF11DD0BA02D2AEB177C70AB6D9D76B88C0771B7D64F3439"
"C:\Users\PC\Dragon_Tower\Assets\Eric VFX Studio\Resource\Materials\flare_44_Builtin.mat.meta","83FB1889E7E60659655A5F8F01F3BBA7DB75A3A3F07B10E9BB17FB6129AD2F5D"
"C:\Users\PC\Dragon_Tower\Assets\Eric VFX Studio\Resource\Materials\flare_44.mat","95E9A213FC3E6B9E1B532AE0BAEC3E0D5343AEB08156DDCCF0F96A385C681712"
"C:\Users\PC\Dragon_Tower\Assets\Eric VFX Studio\Resource\Materials\flare_44.mat.meta","C31ED6C716D14EE7E493C76E9FEEEC6173CEAFE1358A2145F7AEEC1423C31C12"
"C:\Users\PC\Dragon_Tower\Assets\Eric VFX Studio\Resource\Materials\flare_63_Builtin.mat","4D4B4DA6FAFB2AE7DA312E01C605E6E8099AA5150A2EABDE213F07C054131D66"
"C:\Users\PC\Dragon_Tower\Assets\Eric VFX Studio\Resource\Materials\flare_63_Builtin.mat.meta","83FEC83DFF9EB60B2092B5473A94559323AB8E2180370488CF85653EC7292859"
"C:\Users\PC\Dragon_Tower\Assets\Eric VFX Studio\Resource\Materials\flare_63.mat","33F9049CBCDCF06E34D3EEE7009459C4E061139D10ECCB96148DF7E83FE8017F"
"C:\Users\PC\Dragon_Tower\Assets\Eric VFX Studio\Resource\Materials\flare_63.mat.meta","FECF0FC3D7AA3A3F7BDE40114CBE7C785A5F5D73B013D9D8EE32FC40FD05AB5A"
"C:\Users\PC\Dragon_Tower\Assets\Eric VFX Studio\Resource\Materials\flare_b_W01_Builtin.mat","F0E6F7E8217A450D630485465F509C2CF80AF0D821A2F6B9CEA7BBD8CB29DD5B"
"C:\Users\PC\Dragon_Tower\Assets\Eric VFX Studio\Resource\Materials\flare_b_W01_Builtin.mat.meta","D68F6CEFCD02B855DDD1D83EE3288A75D3EFBD70FAE863D9D901C00716B5133D"
"C:\Users\PC\Dragon_Tower\Assets\Eric VFX Studio\Resource\Materials\flare_b_W01.mat","775F33A9A1558D5E5315BBED585CCF002887F1B6F21CA09C59010FE970FC5E8A"
"C:\Users\PC\Dragon_Tower\Assets\Eric VFX Studio\Resource\Materials\flare_b_W01.mat.meta","EE92B258F881DBB8D95DE51A3CD1E15647DC50006F5EDFE0E9E77B35E7D5338F"
"C:\Users\PC\Dragon_Tower\Assets\Eric VFX Studio\Resource\Materials\flare_Builtin.mat","5B9E426DEC82D7E3FB019BA8915EF7FC1DAA1E430758B5E00C0AFDDA7A2C5153"
"C:\Users\PC\Dragon_Tower\Assets\Eric VFX Studio\Resource\Materials\flare_Builtin.mat.meta","69484BD31AA0BB1E2A7D577473D0DB2F09A9F4800E54EE107FC6609F8D673B72"
"C:\Users\PC\Dragon_Tower\Assets\Eric VFX Studio\Resource\Materials\flare.mat","B4ED02A445A06778620662B6C1FD1CC5D072C2C4324FD871BD17576207F93ED6"
"C:\Users\PC\Dragon_Tower\Assets\Eric VFX Studio\Resource\Materials\flare.mat.meta","CD3D4CB64A1FC88BE306E307D2CAEEB59530B390539D708A0A8B65A6F25D72FE"
"C:\Users\PC\Dragon_Tower\Assets\Eric VFX Studio\Resource\Materials\flare02_blue_3_Builtin.mat","94B15ECDB019D82907E3F988E96C08B0CE6881C2635EA3E7409361AB87A50050"
"C:\Users\PC\Dragon_Tower\Assets\Eric VFX Studio\Resource\Materials\flare02_blue_3_Builtin.mat.meta","5C0D29C63250562A103F1AA6398FA3F5CF3CCB547AF74F6400C3212C2D360500"
"C:\Users\PC\Dragon_Tower\Assets\Eric VFX Studio\Resource\Materials\flare02_blue_3.mat","95CDC2CC8523FEAE1507F4D97B4E252AFDFD6F9CA706E4F17F41DFE1539D374C"
"C:\Users\PC\Dragon_Tower\Assets\Eric VFX Studio\Resource\Materials\flare02_blue_3.mat.meta","8566E53334A5B573AE7ECC12B40B8E4015B53ECFBAA7DC4AE4CAB296BDE0C727"
"C:\Users\PC\Dragon_Tower\Assets\Eric VFX Studio\Resource\Materials\flare02_white_Builtin.mat","7456D746797B62F281D104D238AC10328570A850B38A70D2B4321093776A5F47"
"C:\Users\PC\Dragon_Tower\Assets\Eric VFX Studio\Resource\Materials\flare02_white_Builtin.mat.meta","49D62439CB3E24B7E1DCF2895AF54065685A6637306ED985B05E96126E210D91"
"C:\Users\PC\Dragon_Tower\Assets\Eric VFX Studio\Resource\Materials\flare02_white.mat","D758ED2188E6DE1D073681C1C5A30F86301F471C949E9419D2527F7ADC5CB3A8"
"C:\Users\PC\Dragon_Tower\Assets\Eric VFX Studio\Resource\Materials\flare02_white.mat.meta","F196070CC5D6F5344AF19DF670031B47DB8C3BFF86529F1914AA615460320245"
"C:\Users\PC\Dragon_Tower\Assets\Eric VFX Studio\Resource\Materials\flare06_yellow_Builtin.mat","674F6B0F0979526A4E53C632A46DFDA09548D845FF106120C0355B1A55593585"
"C:\Users\PC\Dragon_Tower\Assets\Eric VFX Studio\Resource\Materials\flare06_yellow_Builtin.mat.meta","B5A73BEA9E7CFDDB1144B8BD15A880E5DE883469637D2430C8950E91A7F32C3D"
"C:\Users\PC\Dragon_Tower\Assets\Eric VFX Studio\Resource\Materials\flare06_yellow.mat","A2273500D28F367330CCC5193A2E87D77EE4D3D35DE99E61C3B94A9F34225D1D"
"C:\Users\PC\Dragon_Tower\Assets\Eric VFX Studio\Resource\Materials\flare06_yellow.mat.meta","5C83565DCE161FB2E3D8B4B764CD03E2D93F8238C23CD92E5D431B33415330BC"
"C:\Users\PC\Dragon_Tower\Assets\Eric VFX Studio\Resource\Materials\Flare21cg.mat","32C4D22615F5E89F5CBC900C1A749F852F4D7FF7B3B27B6547FFA62E39912AC8"
"C:\Users\PC\Dragon_Tower\Assets\Eric VFX Studio\Resource\Materials\Flare21cg.mat.meta","73CE2003539675D1F8A73D77A6CB12DC09C3B3824DE459E949C5212E10D87070"
"C:\Users\PC\Dragon_Tower\Assets\Eric VFX Studio\Resource\Materials\flare22_Builtin.mat","6C5E57557BCC6D731FB2AAAF2A259A77109D418D09B2032932FD4B29E5B25031"
"C:\Users\PC\Dragon_Tower\Assets\Eric VFX Studio\Resource\Materials\flare22_Builtin.mat.meta","A554193206462696A5B0279C576752EE16901F4CDEB8D174288010A4C05D3927"
"C:\Users\PC\Dragon_Tower\Assets\Eric VFX Studio\Resource\Materials\flare22.mat","DD2CFF2424A867AD324D987C7A399BD248D13C4D21D82C4B67C77F6045B510F0"
"C:\Users\PC\Dragon_Tower\Assets\Eric VFX Studio\Resource\Materials\flare22.mat.meta","E000FCF1E636E761E038C8496B6F3A73D4A7A1CCA85FEEDDFE97A6144028C81B"
"C:\Users\PC\Dragon_Tower\Assets\Eric VFX Studio\Resource\Materials\flash_Builtin.mat","9C3F9BC79210CD9E87D552AE0FB25BA998CEB1950712FFA8062D4C4E9B006F2F"
"C:\Users\PC\Dragon_Tower\Assets\Eric VFX Studio\Resource\Materials\flash_Builtin.mat.meta","D31B2A4D2CE458275A6AC291AF7AFB8A652E38E7A526834354E5332131BC9F61"
"C:\Users\PC\Dragon_Tower\Assets\Eric VFX Studio\Resource\Materials\Flash_sheet 2_Builtin.mat","8B494A6E92FB24C942CE43EF663C50B26EA88F5CAF0D521C3CA1D87248B8DF98"
"C:\Users\PC\Dragon_Tower\Assets\Eric VFX Studio\Resource\Materials\Flash_sheet 2_Builtin.mat.meta","7AD99B8A9617092A422C302D0F0F645A8D25826FB512B05EC1BBE375CA22E311"
"C:\Users\PC\Dragon_Tower\Assets\Eric VFX Studio\Resource\Materials\Flash_sheet 2.mat","D771DF9FD18DB77FF1106C78202D82F13B1289EB8DE0510608BE7F92E71997D8"
"C:\Users\PC\Dragon_Tower\Assets\Eric VFX Studio\Resource\Materials\Flash_sheet 2.mat.meta","573829B42C22FE6CE571896F611E67464E3697FD5E11AF9FA9E4D5B73F3AF767"
"C:\Users\PC\Dragon_Tower\Assets\Eric VFX Studio\Resource\Materials\flash.mat","05BE02A0D7E94AA11CDFF1B5EA06E05A0E8BAA178021FDD2A69A1DA6AF753764"
"C:\Users\PC\Dragon_Tower\Assets\Eric VFX Studio\Resource\Materials\flash.mat.meta","2A1A305A430229A12DB0E54474B72D58E5773B649B733679325E02F385E452BB"
"C:\Users\PC\Dragon_Tower\Assets\Eric VFX Studio\Resource\Materials\fm-g01-02_1_Builtin.mat","C63FC5DA998DEA0430D4B8AF8E469863C79834A177F0531168EA83A67C9A95CC"
"C:\Users\PC\Dragon_Tower\Assets\Eric VFX Studio\Resource\Materials\fm-g01-02_1_Builtin.mat.meta","79CA705EF59729BFDDCE99E08211B9DCD3854B5D74C44E7E1499000A5F699BAA"
"C:\Users\PC\Dragon_Tower\Assets\Eric VFX Studio\Resource\Materials\fm-g01-02_1.mat","B5A9FD20DFCCE7611C2DD03498D2B6920C11758382DBA0B7702C3F8FFB42A5D7"
"C:\Users\PC\Dragon_Tower\Assets\Eric VFX Studio\Resource\Materials\fm-g01-02_1.mat.meta","8095B40ADDB23400452FDD807E43DFAEE3F12D2EBBAA970E1E9391F360D496E4"
"C:\Users\PC\Dragon_Tower\Assets\Eric VFX Studio\Resource\Materials\fragment_01_b_Builtin.mat","54AAAE3C254F9E8CCDD5C41E3ABF6BEE18FF7616E3D989F771F11C67265ACBB6"
"C:\Users\PC\Dragon_Tower\Assets\Eric VFX Studio\Resource\Materials\fragment_01_b_Builtin.mat.meta","BA20C3B2E6C8D000391B4B1CFCB2BCC3704B74AD294B6EEF87F0A3F4F0DB285E"
"C:\Users\PC\Dragon_Tower\Assets\Eric VFX Studio\Resource\Materials\fragment_01_b.mat","04C1D8FA69CA7CE11840F37540B12250887ACCB2CE551AA0A0ADD343D499BB39"
"C:\Users\PC\Dragon_Tower\Assets\Eric VFX Studio\Resource\Materials\fragment_01_b.mat.meta","DB42F876F4EEC8B76F3250A3675C967D54362F2B807611B5A4108E95E9126E43"
"C:\Users\PC\Dragon_Tower\Assets\Eric VFX Studio\Resource\Materials\fx_enrage_glow_blue_Builtin.mat","1D4727183D3D0D0D4C77279FAB09F0C1016F597137DB31472B2F09FBA64EEB7A"
"C:\Users\PC\Dragon_Tower\Assets\Eric VFX Studio\Resource\Materials\fx_enrage_glow_blue_Builtin.mat.meta","02ACCE48D649CBAE77D1DCFCC523E89F709C9D18E036A0BE862EFBC3E0DAF7D7"
"C:\Users\PC\Dragon_Tower\Assets\Eric VFX Studio\Resource\Materials\fx_enrage_glow_blue.mat","D24CC7B8E9B1949F70275F4892003E70B9FEB9BF68EB5E0F2960C3630D7ACF01"
"C:\Users\PC\Dragon_Tower\Assets\Eric VFX Studio\Resource\Materials\fx_enrage_glow_blue.mat.meta","34023355CA7BA2DFBC46F5AFB721F78155A0FC7DBCC22255F1CE8A215658E309"
"C:\Users\PC\Dragon_Tower\Assets\Eric VFX Studio\Resource\Materials\Fx_Glo1a_Builtin.mat","09FD9A4D74D1C104842F55FDB7D83AE57E3C8865AFF13685126008E93D5ECE8F"
"C:\Users\PC\Dragon_Tower\Assets\Eric VFX Studio\Resource\Materials\Fx_Glo1a_Builtin.mat.meta","849C89796C7272E36C7D73989EC5C4ACBDB015A3875B6EF57BFC881D59743B1D"
"C:\Users\PC\Dragon_Tower\Assets\Eric VFX Studio\Resource\Materials\Fx_Glo1a.mat","DCEFE12718024F4DFF971997B197C5E03EABECACAB64D2E1B727D10E1B0A58BE"
"C:\Users\PC\Dragon_Tower\Assets\Eric VFX Studio\Resource\Materials\Fx_Glo1a.mat.meta","6F5A5127CAF22E76D8AA62335869F185BF91341C85974D55E540EF6FD6E55D1D"
"C:\Users\PC\Dragon_Tower\Assets\Eric VFX Studio\Resource\Materials\Fx_Glow_007_Builtin.mat","7B8F82FF82D7ABD8C7E765865C7E7E150839C48255CA42411451E6E6AE4033CF"
"C:\Users\PC\Dragon_Tower\Assets\Eric VFX Studio\Resource\Materials\Fx_Glow_007_Builtin.mat.meta","4BE925DDE7F6D1D72E3B08417434F5B37CA3CF11E8E72F773B99B8CF09DA4F16"
"C:\Users\PC\Dragon_Tower\Assets\Eric VFX Studio\Resource\Materials\Fx_Glow_007.mat","986FA0D4968ABAF497247D4E66899B048786B5F1C453017DA13F42278EE76E04"
"C:\Users\PC\Dragon_Tower\Assets\Eric VFX Studio\Resource\Materials\Fx_Glow_007.mat.meta","E31F86602603574F3658F17B158BA655550B3B96212E47F8C5E52D6795856798"
"C:\Users\PC\Dragon_Tower\Assets\Eric VFX Studio\Resource\Materials\fx_mark_Builtin.mat","76D7BE2F30EFC747DCA3FD86840C97C1C9042BAA6DDDE28F2EAED5C310DA46DE"
"C:\Users\PC\Dragon_Tower\Assets\Eric VFX Studio\Resource\Materials\fx_mark_Builtin.mat.meta","673725CDBDC829C115F87CEA04CBB6952802A0B4225B66A1A283AEBE50BEA117"
"C:\Users\PC\Dragon_Tower\Assets\Eric VFX Studio\Resource\Materials\fx_mark.mat","6B9FDAA407F9EC74C815642C5965E6252FAE8C0F77E3E58138CF1F36674E685A"
"C:\Users\PC\Dragon_Tower\Assets\Eric VFX Studio\Resource\Materials\fx_mark.mat.meta","B880F369471B15C9D3A87F77B65BA12681A6BD35A065B6FDB7BE3281CC290047"
"C:\Users\PC\Dragon_Tower\Assets\Eric VFX Studio\Resource\Materials\Fx_Ring022_Builtin.mat","AB739BD908F7456C034DD5EBC28617241094E6B0C4760EBCE6160028F25CF352"
"C:\Users\PC\Dragon_Tower\Assets\Eric VFX Studio\Resource\Materials\Fx_Ring022_Builtin.mat.meta","0FD4C47BC96762875749173391F407E4960352BB03A6A20010DC32848BA5B2D0"
"C:\Users\PC\Dragon_Tower\Assets\Eric VFX Studio\Resource\Materials\Fx_Ring022.mat","B192319B5067ABF96C217E9F2BA362B7B9603EA1F070B669135481CF18B0EECE"
"C:\Users\PC\Dragon_Tower\Assets\Eric VFX Studio\Resource\Materials\Fx_Ring022.mat.meta","B3C271B0C71B47B6D8CF5D8D9CF9D2A1AEAF70630EC143AF7D1CA56D9FC54007"
"C:\Users\PC\Dragon_Tower\Assets\Eric VFX Studio\Resource\Materials\FX_smoke_02_Builtin.mat","99E7F5B0056DA41C80CE3E413C38819A571A09DA7F98E1681C071C7C27F667F5"
"C:\Users\PC\Dragon_Tower\Assets\Eric VFX Studio\Resource\Materials\FX_smoke_02_Builtin.mat.meta","00C89359EC02D997B6C6663B1A398C00087A4416891448FC88292EC31C7121C7"
"C:\Users\PC\Dragon_Tower\Assets\Eric VFX Studio\Resource\Materials\FX_smoke_02.mat","6C9A651BB9F41BDF0EB4475D71289E7FF8CCA0A2742B6ABCC28810C87CB9041F"
"C:\Users\PC\Dragon_Tower\Assets\Eric VFX Studio\Resource\Materials\FX_smoke_02.mat.meta","155CC78A81D2D55DEB5EEC35321AE295BD55644702D1D882CAC029FFC1982C1F"
"C:\Users\PC\Dragon_Tower\Assets\Eric VFX Studio\Resource\Materials\FX_smoke_02b_Builtin.mat","A4D3AE3E3D3DFE265FBA89173EE3A2BC42C45160D9D6EB5EBFB7BB6E5BD5E2B7"
"C:\Users\PC\Dragon_Tower\Assets\Eric VFX Studio\Resource\Materials\FX_smoke_02b_Builtin.mat.meta","69B78F043100F8BD73FDF6588A50E22FA2D2B3D94F5BF8733EA4155C1C0EB187"
"C:\Users\PC\Dragon_Tower\Assets\Eric VFX Studio\Resource\Materials\FX_smoke_02b.mat","FF06E32C586817085D4514572E9CFB0DF97C3BBF12DC87614EE4D821A225F688"
"C:\Users\PC\Dragon_Tower\Assets\Eric VFX Studio\Resource\Materials\FX_smoke_02b.mat.meta","195AD738CA0AA3E64406B3D0F661A4BE85A22D9F9628D296C7FFD3D013A93012"
"C:\Users\PC\Dragon_Tower\Assets\Eric VFX Studio\Resource\Materials\Gamestar_Particle 1_Builtin.mat","F4E357B2AE1F6E8F38A0A78CF277900D91A8982B18F0A31CAA570D633A807715"
"C:\Users\PC\Dragon_Tower\Assets\Eric VFX Studio\Resource\Materials\Gamestar_Particle 1_Builtin.mat.meta","23D6AC42CCE3673B3525BD95193E061CAF4ADC047231DE070BC2A8CE99EAC7D6"
"C:\Users\PC\Dragon_Tower\Assets\Eric VFX Studio\Resource\Materials\Gamestar_Particle 1.mat","729F2B42493D34CE29F49280A11E290289CB54175DA7D79BBD04A5F3B990884E"
"C:\Users\PC\Dragon_Tower\Assets\Eric VFX Studio\Resource\Materials\Gamestar_Particle 1.mat.meta","3EB0767886EEFF7433ECBCB954A462AD4AB506A5355B12FABB07E6AAE6A119D0"
"C:\Users\PC\Dragon_Tower\Assets\Eric VFX Studio\Resource\Materials\garrison_fire_bot_2_sheet_8_Builtin.mat","9B8811330697E344718ECC1616806ED1A71F72C31E78BA913C63E4105A9F2468"
"C:\Users\PC\Dragon_Tower\Assets\Eric VFX Studio\Resource\Materials\garrison_fire_bot_2_sheet_8_Builtin.mat.meta","CD1151B2675A152D1811E80DD7809B343A8534C3EC3A387E28048E2ADF534E80"
"C:\Users\PC\Dragon_Tower\Assets\Eric VFX Studio\Resource\Materials\garrison_fire_bot_2_sheet_8.mat","4CEA8942D45907C4E96891E33D0D288623ABA5E7D1299488350D08F0CB1A5F20"
"C:\Users\PC\Dragon_Tower\Assets\Eric VFX Studio\Resource\Materials\garrison_fire_bot_2_sheet_8.mat.meta","8CB9C928A0B54737FE9B401934570E2B0D73DA72B42A0D90A439F1564561FD30"
"C:\Users\PC\Dragon_Tower\Assets\Eric VFX Studio\Resource\Materials\gfx_91_1_Builtin.mat","D7D509E5317F8BACEAD207985F82F1A594965ADA914ECF76AE409E4700C67884"
"C:\Users\PC\Dragon_Tower\Assets\Eric VFX Studio\Resource\Materials\gfx_91_1_Builtin.mat.meta","5E871DAC908AD9BA2CB4BC71AF1FB778F7AB72E0303277A63C538C4E0D8FF710"
"C:\Users\PC\Dragon_Tower\Assets\Eric VFX Studio\Resource\Materials\gfx_91_1.mat","0AC34AC6153C9F3BC712BFF7DBA68E185A5BAB9B80A91ABEA6115EC5D457B121"
"C:\Users\PC\Dragon_Tower\Assets\Eric VFX Studio\Resource\Materials\gfx_91_1.mat.meta","C1B76D0FC6A3716774416473BC6D5EC5FF797509843218D4491EA51CE8C5E7B0"
"C:\Users\PC\Dragon_Tower\Assets\Eric VFX Studio\Resource\Materials\glow_0002_Builtin.mat","0EA56509E3D39AB01C8443DCC4E97D95B6EB7FDB1AEBBBDDE8E27D18192D6D6E"
"C:\Users\PC\Dragon_Tower\Assets\Eric VFX Studio\Resource\Materials\glow_0002_Builtin.mat.meta","026D46391E3F855172BB6D03D3E9DFFCF9AEB85F354D704E515527F44B84243C"
"C:\Users\PC\Dragon_Tower\Assets\Eric VFX Studio\Resource\Materials\glow_0002.mat","1CF11EAAD775B759D3EDBDDA0CE0DEE346185749B7AC44827529C7AA1AB64CB9"
"C:\Users\PC\Dragon_Tower\Assets\Eric VFX Studio\Resource\Materials\glow_0002.mat.meta","84FA547CCC0BAC4AEEB9A519D18D0B65AF01DD425E15344D55B032B73F64F6B3"
"C:\Users\PC\Dragon_Tower\Assets\Eric VFX Studio\Resource\Materials\glow_0006_Builtin.mat","13984DA5B739D3934650802698B4912F65406C9FD7A84F69937C6872C9D41359"
"C:\Users\PC\Dragon_Tower\Assets\Eric VFX Studio\Resource\Materials\glow_0006_Builtin.mat.meta","25EB8B69CFA977BED250DEBD213ED48DAADA0B38CAF3DC8FFC8B1400989887B2"
"C:\Users\PC\Dragon_Tower\Assets\Eric VFX Studio\Resource\Materials\glow_0006.mat","1A1F36102CD958BF0656B6CC10DBCCF9B2FB8A394846996000A1EE0A2805273F"
"C:\Users\PC\Dragon_Tower\Assets\Eric VFX Studio\Resource\Materials\glow_0006.mat.meta","EEABFBD1A571F293010D5816484C6BD092539A6CF2D682CB373FA5EF775F6C62"
"C:\Users\PC\Dragon_Tower\Assets\Eric VFX Studio\Resource\Materials\glow_02_Builtin.mat","347001DABDD398C72DA0540B1D26B6F2D8CF28181000406BEB5E1063AA1FDD9B"
"C:\Users\PC\Dragon_Tower\Assets\Eric VFX Studio\Resource\Materials\glow_02_Builtin.mat.meta","7276B4DA10BC307D624A3A46952B9C57AC601BF7BEC94BA48F49A801BCAC3CB0"
"C:\Users\PC\Dragon_Tower\Assets\Eric VFX Studio\Resource\Materials\glow_02.mat","42606733A0C991013F6E0B953513295784A06FBE1438836ACD11583FC659BC1B"
"C:\Users\PC\Dragon_Tower\Assets\Eric VFX Studio\Resource\Materials\glow_02.mat.meta","483A2CE1A4832796450F3691EBEA9E0A945BA045D21BA66E0E9D485454C0D221"
"C:\Users\PC\Dragon_Tower\Assets\Eric VFX Studio\Resource\Materials\glow_14_Builtin.mat","5F9176E35EAC8EF0749323C9B921D8602155BC36C211CCA4DFCDA12E2B46B927"
"C:\Users\PC\Dragon_Tower\Assets\Eric VFX Studio\Resource\Materials\glow_14_Builtin.mat.meta","7F2DCA2773589B9C0AF702B18CF5B7464518FDE2318398470D429E969E934957"
"C:\Users\PC\Dragon_Tower\Assets\Eric VFX Studio\Resource\Materials\glow_14.mat","84EFA6477628AEB90B0A2941CBF164310E79966223BEA45B83383FCFFF9A86B8"
"C:\Users\PC\Dragon_Tower\Assets\Eric VFX Studio\Resource\Materials\glow_14.mat.meta","CD2772F69960F2B37471430CAAF721DC0A1E3869BDC16C54C1C1DEB3F4C2CC5B"
"C:\Users\PC\Dragon_Tower\Assets\Eric VFX Studio\Resource\Materials\glow_16_Builtin.mat","CD71C9730B7C18E8116BFB0A29F1E48D79EE9FC7F516A0DCCC689FEE79B7B2DB"
"C:\Users\PC\Dragon_Tower\Assets\Eric VFX Studio\Resource\Materials\glow_16_Builtin.mat.meta","51CD9C2C3AA161E8901B8FD64FDFBCC8C184BAE68541121B3D6420D792F3F6BE"
"C:\Users\PC\Dragon_Tower\Assets\Eric VFX Studio\Resource\Materials\glow_16.mat","98A8887A5A3C1E107FE1474BCAC3783AC70D144613C06FCE8B61E37CA74EE67A"
"C:\Users\PC\Dragon_Tower\Assets\Eric VFX Studio\Resource\Materials\glow_16.mat.meta","775274312ECDC014A014BCA2DBE1B73E8FACDCD77192F0794B58D5A8C5342CB6"
"C:\Users\PC\Dragon_Tower\Assets\Eric VFX Studio\Resource\Materials\glow_17_Builtin.mat","60C7E64E84D962C65A98210B0C78697A9D431D6DEF40E1FA64970D544966EBA1"
"C:\Users\PC\Dragon_Tower\Assets\Eric VFX Studio\Resource\Materials\glow_17_Builtin.mat.meta","4013959874F16B7EC4BC1AA81B51A964AA37059CFE2303A576F11BADDB6ACDA1"
"C:\Users\PC\Dragon_Tower\Assets\Eric VFX Studio\Resource\Materials\glow_17.mat","FC9290CD8D024AB62094524CEEBD0AD74F2C53503D33B33FB9B1EE67A77EC66F"
"C:\Users\PC\Dragon_Tower\Assets\Eric VFX Studio\Resource\Materials\glow_17.mat.meta","24A392F16D556B1CAFC4B670ABAD8942527BCF18AE1D94F0FCCA5616C14F8157"
"C:\Users\PC\Dragon_Tower\Assets\Eric VFX Studio\Resource\Materials\glow_19_b_Builtin.mat","847AC33DCE0596F54431537CB59803ECDF1C536F00FEE368E0309488F23E9AEA"
"C:\Users\PC\Dragon_Tower\Assets\Eric VFX Studio\Resource\Materials\glow_19_b_Builtin.mat.meta","ECD9C5E3957D8B67BAD7DE40D89C2E07BECF1F540FCDB77F1DA662090FEE93C9"
"C:\Users\PC\Dragon_Tower\Assets\Eric VFX Studio\Resource\Materials\glow_19_b.mat","AE645AF6041E16697F2B38D4060F32DC861A4DF23E37F7F5ABF86B274D28DE21"
"C:\Users\PC\Dragon_Tower\Assets\Eric VFX Studio\Resource\Materials\glow_19_b.mat.meta","9801F7080EAB66177B528DCC6EFB5B1189F304A63DF68B0B8E07BDAF7741843E"
"C:\Users\PC\Dragon_Tower\Assets\Eric VFX Studio\Resource\Materials\glow_19_Builtin.mat","76A1AE8572197CA3B8357355552473ACF18D5101695E53DA414CC013854B966F"
"C:\Users\PC\Dragon_Tower\Assets\Eric VFX Studio\Resource\Materials\glow_19_Builtin.mat.meta","030BD27D601F83614FBE72C3EC68D2C2F23EF2B9C73D284B48894BA23A666D78"
"C:\Users\PC\Dragon_Tower\Assets\Eric VFX Studio\Resource\Materials\glow_19.mat","354F52A981B3AFFD9556C0887F4AF7ABCF176414EEB3067C4D2182E05C083EE6"
"C:\Users\PC\Dragon_Tower\Assets\Eric VFX Studio\Resource\Materials\glow_19.mat.meta","97274ABD5FA7B7A698A6394C40848D2DF58667DA269150E0EDDD20471EA666EB"
"C:\Users\PC\Dragon_Tower\Assets\Eric VFX Studio\Resource\Materials\glow_21_x_Builtin.mat","8EB78B732467B3DAD240239E9B43C13BA8961899E86B2F14BE8DB98C9C0D3812"
"C:\Users\PC\Dragon_Tower\Assets\Eric VFX Studio\Resource\Materials\glow_21_x_Builtin.mat.meta","0D95B95EA4117666CE761E1780478A04E76D4FB942A85D76917B157C2058E269"
"C:\Users\PC\Dragon_Tower\Assets\Eric VFX Studio\Resource\Materials\glow_21_x.mat","F7387C8C8F5FD2B34A5A68805DFC8E8E4F8AEE14A2D66DA53AAEA2E33131FF6C"
"C:\Users\PC\Dragon_Tower\Assets\Eric VFX Studio\Resource\Materials\glow_21_x.mat.meta","290E8F032697CE86D75392B6294FABCF40DC81A1C1CDE83E1863EC81349DE115"
"C:\Users\PC\Dragon_Tower\Assets\Eric VFX Studio\Resource\Materials\glow_ball2_grey_3t_Builtin.mat","17721D46484D58221BD8556A5372B7284BDE1E7AD1D7D5CE8C0E88508370F298"
"C:\Users\PC\Dragon_Tower\Assets\Eric VFX Studio\Resource\Materials\glow_ball2_grey_3t_Builtin.mat.meta","9523C7D993198C589A4FFED634F457A99698F08EE1C9A961FEACEDB99216788B"
"C:\Users\PC\Dragon_Tower\Assets\Eric VFX Studio\Resource\Materials\glow_ball2_grey_3t.mat","916B2DB4813C7E6DB514630F7B8808E7E1B3E3F517EBB8CB3CBF45937E5BC569"
"C:\Users\PC\Dragon_Tower\Assets\Eric VFX Studio\Resource\Materials\glow_ball2_grey_3t.mat.meta","27D6FF3B90FF8CD9263BE91CCE60A9A0C808F90CD61040F0BD21D928F8C1AC69"
"C:\Users\PC\Dragon_Tower\Assets\Eric VFX Studio\Resource\Materials\glow_ball2_grey_4_Builtin.mat","4C81B7FB5BC6F0CF64AF379A086EE5E7568A0C9582F0C1DA40459474160B6B1C"
"C:\Users\PC\Dragon_Tower\Assets\Eric VFX Studio\Resource\Materials\glow_ball2_grey_4_Builtin.mat.meta","408FEC92662FA0D820B5C6A1C4B28434881154058758E8F4CDADC2D9198F0518"
"C:\Users\PC\Dragon_Tower\Assets\Eric VFX Studio\Resource\Materials\glow_ball2_grey_4.mat","CF919543A4AD50904EDF0D92DC3D5B5E6C34B23BCD14BD22C3B46B88833694B6"
"C:\Users\PC\Dragon_Tower\Assets\Eric VFX Studio\Resource\Materials\glow_ball2_grey_4.mat.meta","0D7E06C1E72E5319129A4B6CDD095DADDF726FF9B479B17C6F64CE655F59ED05"
"C:\Users\PC\Dragon_Tower\Assets\Eric VFX Studio\Resource\Materials\glow_ball2_grey_6_Builtin.mat","AE1D025198D066AF0E9EC880BA335D720E810EF8519185E24F036E0058DC4D42"
"C:\Users\PC\Dragon_Tower\Assets\Eric VFX Studio\Resource\Materials\glow_ball2_grey_6_Builtin.mat.meta","28B496F2AF9D0D69F08CCE92AA8324D8032B7006B167D9311F14344F9DFDC249"
"C:\Users\PC\Dragon_Tower\Assets\Eric VFX Studio\Resource\Materials\glow_ball2_grey_6.mat","4D2B07D1974B3FEFFE3C1157B1016ADFE58C499399FBE2005EE3E33F351B3EF9"
"C:\Users\PC\Dragon_Tower\Assets\Eric VFX Studio\Resource\Materials\glow_ball2_grey_6.mat.meta","5B2833FCBE69D619363195C88AD58E50FB9FC4030AEDDDC03480DB8784BA3989"
"C:\Users\PC\Dragon_Tower\Assets\Eric VFX Studio\Resource\Materials\glow_ball3_green_12_Builtin.mat","7ECACE86D76CBCB3839B61A1B959C89CA5685FB69B38ADA0451708B1E41E8EF3"
"C:\Users\PC\Dragon_Tower\Assets\Eric VFX Studio\Resource\Materials\glow_ball3_green_12_Builtin.mat.meta","47DF17E4DFB28D9B327D329399FDE4CD2EF94DB3F88C51CB31D4F89CC18BAA5D"
"C:\Users\PC\Dragon_Tower\Assets\Eric VFX Studio\Resource\Materials\glow_ball3_green_12.mat","CC5DC417C01B5DFBA2AE2C7CD88ADD97CDE86771C31DCEF7266375C38FC45303"
"C:\Users\PC\Dragon_Tower\Assets\Eric VFX Studio\Resource\Materials\glow_ball3_green_12.mat.meta","0B97A9DD20A89EEDA23FB8989FAFEC225B455A7E99251CB9666B707E282EAC29"
"C:\Users\PC\Dragon_Tower\Assets\Eric VFX Studio\Resource\Materials\glow_ball3_green_7_Builtin.mat","2099D58F6FCE27F7126CA09520B7C6772F5DA2BFDAA9DF727007CA6328103DBD"
"C:\Users\PC\Dragon_Tower\Assets\Eric VFX Studio\Resource\Materials\glow_ball3_green_7_Builtin.mat.meta","AA207EE7E9C72B1B19A4F500C85DE50935B59C50F2D90378497A8923C7A977B0"
"C:\Users\PC\Dragon_Tower\Assets\Eric VFX Studio\Resource\Materials\glow_ball3_green_7.mat","6A4229402F5F7B29CF1EAD4DD74662C17A7EF1851D11F68EED649BA2E77B8D45"
"C:\Users\PC\Dragon_Tower\Assets\Eric VFX Studio\Resource\Materials\glow_ball3_green_7.mat.meta","5563A1231C79E1BC95AC52BBF7785DB11AED2222A3C49A1E2E42AEE187100F81"
"C:\Users\PC\Dragon_Tower\Assets\Eric VFX Studio\Resource\Materials\glow_ball3_grey_2_Builtin.mat","5AFD05A833D6B206A32029BD12A2BDA352653D0CE78AFE692E856C46AF61CF3A"
"C:\Users\PC\Dragon_Tower\Assets\Eric VFX Studio\Resource\Materials\glow_ball3_grey_2_Builtin.mat.meta","A8149566721E5CEE735E4FF17DB793B87EA29F82B17B8B977BB55D87DEEEEFB4"
"C:\Users\PC\Dragon_Tower\Assets\Eric VFX Studio\Resource\Materials\glow_ball3_grey_2.mat","2B3A43EDA5B9FDA9BF10E6AA4DD511EB775AF37056710ED8E2CC844C2FD441D1"
"C:\Users\PC\Dragon_Tower\Assets\Eric VFX Studio\Resource\Materials\glow_ball3_grey_2.mat.meta","04CD627979BF8C550BE252E97E1BFA4EEAE7D95FE44EFF014F93EF8D9108F549"
"C:\Users\PC\Dragon_Tower\Assets\Eric VFX Studio\Resource\Materials\glow_ball3_grey_5_Builtin.mat","B350722717BC86723ADFF77628A9EEE2CE7BA2BE3E15C77761468D301F4FF71F"
"C:\Users\PC\Dragon_Tower\Assets\Eric VFX Studio\Resource\Materials\glow_ball3_grey_5_Builtin.mat.meta","6C81E1EBC7C5203F97F7B02194E8C03B75C7854F28E514E6E70E1206A12EFCAF"
"C:\Users\PC\Dragon_Tower\Assets\Eric VFX Studio\Resource\Materials\glow_ball3_grey_5.mat","64EF60D566A41B61D18786A7FFFA34A3C9026FBB305D560C2241D39754C2E37C"
"C:\Users\PC\Dragon_Tower\Assets\Eric VFX Studio\Resource\Materials\glow_ball3_grey_5.mat.meta","CE92AB4E9F5EA0B30ADD8C855F79DAB68F7375B02076F5C7B66B72F17A6FD9D4"
"C:\Users\PC\Dragon_Tower\Assets\Eric VFX Studio\Resource\Materials\glow_ball3_grey_6_Builtin.mat","B9E53F055311ED0B87072EC0000F371E3F66B12241F82CF042EDB99FB7CA363B"
"C:\Users\PC\Dragon_Tower\Assets\Eric VFX Studio\Resource\Materials\glow_ball3_grey_6_Builtin.mat.meta","5541DDDA90762BCBEC53CEC3461F84CCF98020EA9600BF63A6FB70727832B57C"
"C:\Users\PC\Dragon_Tower\Assets\Eric VFX Studio\Resource\Materials\glow_ball3_grey_6.mat","B0DE24B4F8864D14E139F7303EE6C84673A17B43ABB84A0F3456D3B19C533631"
"C:\Users\PC\Dragon_Tower\Assets\Eric VFX Studio\Resource\Materials\glow_ball3_grey_6.mat.meta","D24754065B58E98198E413C864FCA22FAA159F7F50538D12EBD178C0CB6EB0D5"
"C:\Users\PC\Dragon_Tower\Assets\Eric VFX Studio\Resource\Materials\Glow_Flare_010_Builtin.mat","8F168B1695E9ECBDFDA3FBDD9679B978A743FCE59B81046820C6F526F21A2296"
"C:\Users\PC\Dragon_Tower\Assets\Eric VFX Studio\Resource\Materials\Glow_Flare_010_Builtin.mat.meta","6C54115B7BC297FE12B6F1AD2118E97C3AAD358DBAE8A0A4515B1E8A7E8FB14F"
"C:\Users\PC\Dragon_Tower\Assets\Eric VFX Studio\Resource\Materials\Glow_Flare_010.mat","FA9AC9637A4C865E2FB8ADC8C7D7408AECDEB7316C11B7BC4FC83CDCAD4FC21D"
"C:\Users\PC\Dragon_Tower\Assets\Eric VFX Studio\Resource\Materials\Glow_Flare_010.mat.meta","2CA8901A405A6246F47464E5AE54D7D945ED717A7B22BC11DCA2E776F82F2DCC"
"C:\Users\PC\Dragon_Tower\Assets\Eric VFX Studio\Resource\Materials\Glow_h_0018_Builtin.mat","A634D894C5A188FA0076735786D0D7B526450C081DDEF9278ECCC668C12DE263"
"C:\Users\PC\Dragon_Tower\Assets\Eric VFX Studio\Resource\Materials\Glow_h_0018_Builtin.mat.meta","200F30583939AADA3FCF4581C50F22243AAA90DCB770A7A51B12B9B30072F8E5"
"C:\Users\PC\Dragon_Tower\Assets\Eric VFX Studio\Resource\Materials\Glow_h_0018.mat","47A309CB6454414E673EE303DCAF27C5991BE383A688E586D2C5F8B2EB09004E"
"C:\Users\PC\Dragon_Tower\Assets\Eric VFX Studio\Resource\Materials\Glow_h_0018.mat.meta","035D2B572ED5207EF9C12CF5C103748782C28F0EF5B4D08E25757C7B77C69D23"
"C:\Users\PC\Dragon_Tower\Assets\Eric VFX Studio\Resource\Materials\glow_point1_red_Builtin.mat","0D54F652C8E983EB2B94EAE3CA764A4EF9084C72CE8378A28F9043CB537B49B6"
"C:\Users\PC\Dragon_Tower\Assets\Eric VFX Studio\Resource\Materials\glow_point1_red_Builtin.mat.meta","DBAEDF201B8C756CA639226E95F79235EB32A430510531AB226A0907DBFA3E50"
"C:\Users\PC\Dragon_Tower\Assets\Eric VFX Studio\Resource\Materials\glow_point1_red.mat","9809078E995F159A1511FFE024A89A1F103DF6B1641ED86148A949AEE75F118F"
"C:\Users\PC\Dragon_Tower\Assets\Eric VFX Studio\Resource\Materials\glow_point1_red.mat.meta","1F51B85B765327917CF6A8BBB8441ABE1D09095FECA00DE899EAFF2D5EFB46F4"
"C:\Users\PC\Dragon_Tower\Assets\Eric VFX Studio\Resource\Materials\glow_point2_yellow_5_Builtin.mat","84A793963EC969AE5424EE559E3751228191CF56C6E0FFB39A7A5A8B72CBE9DB"
"C:\Users\PC\Dragon_Tower\Assets\Eric VFX Studio\Resource\Materials\glow_point2_yellow_5_Builtin.mat.meta","C5B946D0F0CD607DB4FE18BB270593AC8F671B8BFEA98DCA0E0C594EBCACAB10"
"C:\Users\PC\Dragon_Tower\Assets\Eric VFX Studio\Resource\Materials\glow_point2_yellow_5.mat","08D7CE2C810DAC814AF083687BE948F64F3206C50E0FAD2887DC6D8D7FA82D79"
"C:\Users\PC\Dragon_Tower\Assets\Eric VFX Studio\Resource\Materials\glow_point2_yellow_5.mat.meta","6085A9B6AEED6EADE0EC71F57F92F2895F2E573CF9D4EDC00AF421FEB5194012"
"C:\Users\PC\Dragon_Tower\Assets\Eric VFX Studio\Resource\Materials\glow_point2_yellow_5a_Builtin.mat","C4642929A77A1943C6544E8448905BA1011C2E2DE666794CE69F3D6DE82120E3"
"C:\Users\PC\Dragon_Tower\Assets\Eric VFX Studio\Resource\Materials\glow_point2_yellow_5a_Builtin.mat.meta","F5C7FAE1103821F10F3DC61BECC7E4675AE6434A4E8286C45E1ECEB9F9361D26"
"C:\Users\PC\Dragon_Tower\Assets\Eric VFX Studio\Resource\Materials\glow_point2_yellow_5a.mat","77D58A7E62C99FB0D47046D516E8B3480BA3F2604FE84C0DE6AB4394A79979AD"
"C:\Users\PC\Dragon_Tower\Assets\Eric VFX Studio\Resource\Materials\glow_point2_yellow_5a.mat.meta","FD696FAD9D19772B0DFECE489E83BA7788530B0DEC205A9D7C711DCD10A92CC7"
"C:\Users\PC\Dragon_Tower\Assets\Eric VFX Studio\Resource\Materials\glow_point2_yellow_8_Builtin.mat","84FF857573E16D0BA4A188B6BF64551FDC23318B557438B54D0F730D7DBD8ED3"
"C:\Users\PC\Dragon_Tower\Assets\Eric VFX Studio\Resource\Materials\glow_point2_yellow_8_Builtin.mat.meta","2E7B7A996B05D4D01D17B3B953F22CA57AFF959947261F4130A1B5DC46BF7C76"
"C:\Users\PC\Dragon_Tower\Assets\Eric VFX Studio\Resource\Materials\glow_point2_yellow_8.mat","15F54E1757E9428808BED3D68F1C83CCBA849FA40A20AB0334780F0A2A98FCCF"
"C:\Users\PC\Dragon_Tower\Assets\Eric VFX Studio\Resource\Materials\glow_point2_yellow_8.mat.meta","0709A30917958448DFB518154983E95B15BCD20952E84429CEB3B77C99B0375C"
"C:\Users\PC\Dragon_Tower\Assets\Eric VFX Studio\Resource\Materials\glow_red 1_Builtin.mat","9B05B0B24C9D31E6B96C78E01695C2790727562E1FFD65F3C43185FEF43E4A41"
"C:\Users\PC\Dragon_Tower\Assets\Eric VFX Studio\Resource\Materials\glow_red 1_Builtin.mat.meta","2E5FD575F1B853C6058EFD0DA4C63161CC8B4B7BC03EFE164A69CE635EF4803E"
"C:\Users\PC\Dragon_Tower\Assets\Eric VFX Studio\Resource\Materials\glow_red 1.mat","0BFECE94741644389B99A47326FE64650415D2D9AD7CBFC13DF047D043707FDD"
"C:\Users\PC\Dragon_Tower\Assets\Eric VFX Studio\Resource\Materials\glow_red 1.mat.meta","9AF75D084C3F7F1190ED22BB80F81630F55EECEA49E473844276B165D3CDBF15"
"C:\Users\PC\Dragon_Tower\Assets\Eric VFX Studio\Resource\Materials\glow_yk_04_Builtin.mat","C4ED1A0D012D4DFB18EC555FE53F0D694991BB3BAB48D9816DE99308371DFABB"
"C:\Users\PC\Dragon_Tower\Assets\Eric VFX Studio\Resource\Materials\glow_yk_04_Builtin.mat.meta","B8BAB7DB141E359B3A125F527B9C8B0A3E3F44241EF3B221ABF8B548111B9C76"
"C:\Users\PC\Dragon_Tower\Assets\Eric VFX Studio\Resource\Materials\glow_yk_04.mat","4859EE830262D5D8F35C220656DDEB69B35DC918650FED6B54CE493BC0B0E93B"
"C:\Users\PC\Dragon_Tower\Assets\Eric VFX Studio\Resource\Materials\glow_yk_04.mat.meta","376535E3E27DDC26EE1D11BBD4A5A82D36E9ED44CD44CE3B1CAE1FF2EA410AA5"
"C:\Users\PC\Dragon_Tower\Assets\Eric VFX Studio\Resource\Materials\glow45_Builtin.mat","10950EE93FB1E520DB7A652381D7DD9CFE605BFD0CDB98F9E7EFC4E799D242EA"
"C:\Users\PC\Dragon_Tower\Assets\Eric VFX Studio\Resource\Materials\glow45_Builtin.mat.meta","FE7CEA59C07F45476A4CBAA88A16273D0AF22586101E4A19E05CD257DBDD1F21"
"C:\Users\PC\Dragon_Tower\Assets\Eric VFX Studio\Resource\Materials\glow45.mat","06C1FFC9FA5A422B2FBF5639A995DB1DAA151FD2FA9E3F29A5F169883EA6CCCB"
"C:\Users\PC\Dragon_Tower\Assets\Eric VFX Studio\Resource\Materials\glow45.mat.meta","C56958C759015FB044A64827F995942E821E28C1A875E9B45C45532A6DCE6004"
"C:\Users\PC\Dragon_Tower\Assets\Eric VFX Studio\Resource\Materials\glowa_ball_grey_3_Builtin.mat","2E5B04904BA1348177C26DB30EA799B05E8F0DB0CD7CAF8209F0153AC5FCC2F7"
"C:\Users\PC\Dragon_Tower\Assets\Eric VFX Studio\Resource\Materials\glowa_ball_grey_3_Builtin.mat.meta","09818D8CC282A9BF2F64B58219F7374CE553F8E15E3D70365ED48A69C1C2FAE0"
"C:\Users\PC\Dragon_Tower\Assets\Eric VFX Studio\Resource\Materials\glowa_ball_grey_3.mat","B4F1ED23AEC7C92F3F12AA90B7ED56F3429D31F1A74C31C8A9BDDE971AD1F6BF"
"C:\Users\PC\Dragon_Tower\Assets\Eric VFX Studio\Resource\Materials\glowa_ball_grey_3.mat.meta","A2BBAB6FB222504CFA0E3328977C0A36BBA7EAAF3E9472C1B0EE74370F9175F3"
"C:\Users\PC\Dragon_Tower\Assets\Eric VFX Studio\Resource\Materials\glowring_00000_Builtin.mat","465C9EAC33F54E7B272C42152739C8E659C7D257D03A3F9EF5FE5B9DCF32228C"
"C:\Users\PC\Dragon_Tower\Assets\Eric VFX Studio\Resource\Materials\glowring_00000_Builtin.mat.meta","1EFC34D5A1B4D3739441B77E9A923DB8086C0BED2C36C8913C74972DF7EACE3A"
"C:\Users\PC\Dragon_Tower\Assets\Eric VFX Studio\Resource\Materials\glowring_00000.mat","6C7EE5412633E880EE7A5C416BEB09C1B110DA7E1ECF5D2232ED8E67479FB06E"
"C:\Users\PC\Dragon_Tower\Assets\Eric VFX Studio\Resource\Materials\glowring_00000.mat.meta","D30861DCDD250A80340B12F489879460FD7D011E269B0BA63950E67880F453BA"
"C:\Users\PC\Dragon_Tower\Assets\Eric VFX Studio\Resource\Materials\God_hit01_light00_Builtin.mat","D1E7308BD59FFB3132AB43E9A973F222CBB67932AD27E4747FE249B9AA8D12AC"
"C:\Users\PC\Dragon_Tower\Assets\Eric VFX Studio\Resource\Materials\God_hit01_light00_Builtin.mat.meta","801C9044F0DD4855E9D0E6C51B5995FC23E92CD21768B43486CE575AE2816AC8"
"C:\Users\PC\Dragon_Tower\Assets\Eric VFX Studio\Resource\Materials\God_hit01_light00.mat","1A6AB9C3A65D53874AC771393BFB91175ED04A9B03C13E4395AD752BC1C1C803"
"C:\Users\PC\Dragon_Tower\Assets\Eric VFX Studio\Resource\Materials\God_hit01_light00.mat.meta","DFFD1668D8C8E6CB2C7C7D477CB328BF86F1831E82907A58BCE4F1828E209205"
"C:\Users\PC\Dragon_Tower\Assets\Eric VFX Studio\Resource\Materials\grad10_08_Builtin.mat","EAF271C4D83659276B10906FF99EACB339EE22846B3CC5287DC8E7F0CAD08A75"
"C:\Users\PC\Dragon_Tower\Assets\Eric VFX Studio\Resource\Materials\grad10_08_Builtin.mat.meta","D61863C4EA428A6B5E33CD5320363C990AB2EC052B71D39DBA3F78EE35011725"
"C:\Users\PC\Dragon_Tower\Assets\Eric VFX Studio\Resource\Materials\grad10_08.mat","909162887BA397BEFAA4AEB70F6770E1742ECBC6E3C5AD244066C93C2B1D61F4"
"C:\Users\PC\Dragon_Tower\Assets\Eric VFX Studio\Resource\Materials\grad10_08.mat.meta","F97AD88AA1A0899916B690164F3122AECA7ACB82A896DDF69F10751232AD4A74"
"C:\Users\PC\Dragon_Tower\Assets\Eric VFX Studio\Resource\Materials\grad10_09_Builtin.mat","26A6649A58702019E3B1A88AA07FDAB25D024FC6D6D5D7BD43C33A0612CC4B5D"
"C:\Users\PC\Dragon_Tower\Assets\Eric VFX Studio\Resource\Materials\grad10_09_Builtin.mat.meta","DFDB38C34B4FD6D2BB9A6F7554A5D70AD99342D735FF0B67806AEE73400F136B"
"C:\Users\PC\Dragon_Tower\Assets\Eric VFX Studio\Resource\Materials\grad10_09.mat","925367AED31AF1F5333175DD6E761E2900FF66850EFD5712627695D4E410077A"
"C:\Users\PC\Dragon_Tower\Assets\Eric VFX Studio\Resource\Materials\grad10_09.mat.meta","FE457248A8B1BBE94671800EF940FE1E971E418441CC88CC58DF7B1DDD8BF934"
"C:\Users\PC\Dragon_Tower\Assets\Eric VFX Studio\Resource\Materials\grad12_06_Builtin.mat","D53F0CB8241392A53291BD94F08D18DB34279A3AB519516B6A313D2348CB59DE"
"C:\Users\PC\Dragon_Tower\Assets\Eric VFX Studio\Resource\Materials\grad12_06_Builtin.mat.meta","165C7A823342C04857B8857A4D46EF58E0A21862D03EBE7ADC1B06F5440B39E3"
"C:\Users\PC\Dragon_Tower\Assets\Eric VFX Studio\Resource\Materials\grad12_06.mat","BFEE4F248014B60DBD279B985E71BA9E6E4AF45D3D1923F17D9C518C8E37EF45"
"C:\Users\PC\Dragon_Tower\Assets\Eric VFX Studio\Resource\Materials\grad12_06.mat.meta","4E3D9B179C65431719B12E7F415000EAC159C8D00E8010C349604F214784BA90"
"C:\Users\PC\Dragon_Tower\Assets\Eric VFX Studio\Resource\Materials\grid2_Builtin.mat","56F825F0D124BF861A79E64BC7E5456A2CBCAB6940FA2C71E3388DF2E01A6FBB"
"C:\Users\PC\Dragon_Tower\Assets\Eric VFX Studio\Resource\Materials\grid2_Builtin.mat.meta","94D5625FBE56EEFEF0A95775271C5371F5DB3D0C6177330565D6E8624F1F4F6C"
"C:\Users\PC\Dragon_Tower\Assets\Eric VFX Studio\Resource\Materials\grid2.mat","3B98B230453F9DA37861108F26645339DFEBD4BA8B9F08B11C6F90862EE94F71"
"C:\Users\PC\Dragon_Tower\Assets\Eric VFX Studio\Resource\Materials\grid2.mat.meta","B9F9A8613E0C3946D1B4CE43D8B405CD39CEA8EDB5ED4A8232FFA417BED9A9B6"
"C:\Users\PC\Dragon_Tower\Assets\Eric VFX Studio\Resource\Materials\ground_01_Builtin.mat","8148A2A784026BBA42CCEF34F3FF176822562727B74035A05524927E3E2C3E5C"
"C:\Users\PC\Dragon_Tower\Assets\Eric VFX Studio\Resource\Materials\ground_01_Builtin.mat.meta","F55FFCBDA93F162A6B6A347A574B1230ED80FB16E1C45C148BE64C76821B360B"
"C:\Users\PC\Dragon_Tower\Assets\Eric VFX Studio\Resource\Materials\ground_01.mat","A345E3EDD98580BD389E0995E81E5EF5742D0D0C27E7A7AFF9E15ED94EF2D59D"
"C:\Users\PC\Dragon_Tower\Assets\Eric VFX Studio\Resource\Materials\ground_01.mat.meta","779CF5607F3296B79D0409C4CFA714EFF2C79A6D2742C852130241DDD7F8439F"
"C:\Users\PC\Dragon_Tower\Assets\Eric VFX Studio\Resource\Materials\ground_02_Builtin.mat","A8E890CEC3E5534C8B9E00DD29E827CD95C19949A34276EBD9CC70D3AB764928"
"C:\Users\PC\Dragon_Tower\Assets\Eric VFX Studio\Resource\Materials\ground_02_Builtin.mat.meta","0C1D24E25B1021845DCDDE542211ED43533F9FB05618A4F5F9C7DBC3D7B3B043"
"C:\Users\PC\Dragon_Tower\Assets\Eric VFX Studio\Resource\Materials\ground_02.mat","CAFF38E2F80C8C9B97CB0A5FA46557494823F01CBA4AA1625C90D9E815EA7841"
"C:\Users\PC\Dragon_Tower\Assets\Eric VFX Studio\Resource\Materials\ground_02.mat.meta","FB77007FF2B140EBA89EF1CE9970556E1D985B1FF37BF4F8A61816878DF35A8A"
"C:\Users\PC\Dragon_Tower\Assets\Eric VFX Studio\Resource\Materials\ground_03_Builtin.mat","A1F1CD2EC3D68F332CA3D8EC89284397DB2B30365B206F2E4EF542AAA2D3D8DD"
"C:\Users\PC\Dragon_Tower\Assets\Eric VFX Studio\Resource\Materials\ground_03_Builtin.mat.meta","F5616D1543B7E1B11BA3E1926D0A66510C70CACBCEA1AD6CDAC736A260429DA1"
"C:\Users\PC\Dragon_Tower\Assets\Eric VFX Studio\Resource\Materials\ground_03.mat","9CA07C6824EF8C691074B5A8AD19FCE6E80D925F4C29671B7F7C1F33ACB55A9A"
"C:\Users\PC\Dragon_Tower\Assets\Eric VFX Studio\Resource\Materials\ground_03.mat.meta","9DF2410EC805FA41FF9EB72131CE27B5D53FC347DA932725CAA2FB7D263B38E9"
"C:\Users\PC\Dragon_Tower\Assets\Eric VFX Studio\Resource\Materials\Ground_C001_Builtin.mat","1FF2D3192B6145F956805706195C8F86A6EBE0B8FAFE79B19E3A7BE0690FD2D4"
"C:\Users\PC\Dragon_Tower\Assets\Eric VFX Studio\Resource\Materials\Ground_C001_Builtin.mat.meta","3610B381A76420C79034F95A093A283BF0755B8FBE4135AC2581564709AEC104"
"C:\Users\PC\Dragon_Tower\Assets\Eric VFX Studio\Resource\Materials\Ground_C001.mat","A18F23ECC03EA88A3849A10FF49BFED0586E10ADEE9A449E4B9CE38B92E55300"
"C:\Users\PC\Dragon_Tower\Assets\Eric VFX Studio\Resource\Materials\Ground_C001.mat.meta","91722128E1C9E382B527655707F9A3C4230B8E850295E377FFA39F9EE384E361"
"C:\Users\PC\Dragon_Tower\Assets\Eric VFX Studio\Resource\Materials\ground_dl 3_Builtin.mat","74BC763D6418E39E9D6392379D1EFD4B9A23E8A59148588CBE6A18F0244E2111"
"C:\Users\PC\Dragon_Tower\Assets\Eric VFX Studio\Resource\Materials\ground_dl 3_Builtin.mat.meta","8A1D4C3385A7BCD72E66BA4ACABAB162FEB27DED15D275D584B1FCD6C70531E1"
"C:\Users\PC\Dragon_Tower\Assets\Eric VFX Studio\Resource\Materials\ground_dl 3.mat","49A612BC139B89EE7B5E54CFDDC7A182D7999EF8FA17DCDD146CD9CABB60CDB6"
"C:\Users\PC\Dragon_Tower\Assets\Eric VFX Studio\Resource\Materials\ground_dl 3.mat.meta","7C6BA36E410DAED27DECED55D2EF78854237BE2299DE8B0ED84DD82A7E2D0E34"
"C:\Users\PC\Dragon_Tower\Assets\Eric VFX Studio\Resource\Materials\ground_dl 4_Builtin.mat","F167CCCD6C937C7B90E2A1B88554CE0762236CB0A9C52DE035C4A96AA51E391E"
"C:\Users\PC\Dragon_Tower\Assets\Eric VFX Studio\Resource\Materials\ground_dl 4_Builtin.mat.meta","9340DE4128D1740EB8D5A9E21CFD4C37ABB531B987751743F643CDAB328D2F96"
"C:\Users\PC\Dragon_Tower\Assets\Eric VFX Studio\Resource\Materials\ground_dl 4.mat","E7AF882925F1E79D27E7B1947D71B1FF1DB5E40D973F33C0A306E0FF2785D089"
"C:\Users\PC\Dragon_Tower\Assets\Eric VFX Studio\Resource\Materials\ground_dl 4.mat.meta","0EE9AA138DEA008F6707148F062BE66D46D47574B35988D788027D16A2F51F08"
"C:\Users\PC\Dragon_Tower\Assets\Eric VFX Studio\Resource\Materials\ground_flare_Builtin.mat","F1F3C13A6436FA6AFCEF49F17371F43889315CE4CE2904A26B4FF074B63070DB"
"C:\Users\PC\Dragon_Tower\Assets\Eric VFX Studio\Resource\Materials\ground_flare_Builtin.mat.meta","7C58F70A385A862A133A0127E740C3F9D5470511938DE034AE6135EF6132269B"
"C:\Users\PC\Dragon_Tower\Assets\Eric VFX Studio\Resource\Materials\ground_flare.mat","8BEEDA15DE13FA1184FF5C8167307314888B989A62CEDFE0DB8DB3ED75836E6A"
"C:\Users\PC\Dragon_Tower\Assets\Eric VFX Studio\Resource\Materials\ground_flare.mat.meta","80AE9F4E3D01E72C559DD709C711C005E4492BB49A3CFABF21E2B07800A1C917"
"C:\Users\PC\Dragon_Tower\Assets\Eric VFX Studio\Resource\Materials\halfslash_01_Builtin.mat","8F371A3077CCB9F676BA683B494BC6E079083A5B319D285733CB933063FE386F"
"C:\Users\PC\Dragon_Tower\Assets\Eric VFX Studio\Resource\Materials\halfslash_01_Builtin.mat.meta","8856E545F6E51C20FC640097C23A5CA1CB9B1DE5F634E84282EF5FDE315EA6AD"
"C:\Users\PC\Dragon_Tower\Assets\Eric VFX Studio\Resource\Materials\halfslash_01.mat","5BE0C59E34219D328DA554D1A4BF4624EE1BD594E1944CBC4F95128B8A5E3E7A"
"C:\Users\PC\Dragon_Tower\Assets\Eric VFX Studio\Resource\Materials\halfslash_01.mat.meta","27A1E34A642FFD3D818E0ED28D6FA6CC65F659D4766B801862454131AC27A85B"
"C:\Users\PC\Dragon_Tower\Assets\Eric VFX Studio\Resource\Materials\halfslash_02_Builtin.mat","2F9DA8B105D0DC058BFE2BCF7690308E476BBB4AC871D4958A4BA3B5DCB2DEA4"
"C:\Users\PC\Dragon_Tower\Assets\Eric VFX Studio\Resource\Materials\halfslash_02_Builtin.mat.meta","3516C23A459008392425D391DE6EEFEFE737B5F2A44BD3788D5124943239B404"
"C:\Users\PC\Dragon_Tower\Assets\Eric VFX Studio\Resource\Materials\halfslash_02.mat","7F2DB1DFA6BD880186242238B83C3F7CB2865D7CD38FDD37554661BE3920833E"
"C:\Users\PC\Dragon_Tower\Assets\Eric VFX Studio\Resource\Materials\halfslash_02.mat.meta","93DA6F78BD02B339DA9CA57C47E5BD6D54E6B96B92536F6947AD52A20E9928EC"
"C:\Users\PC\Dragon_Tower\Assets\Eric VFX Studio\Resource\Materials\hit_03_Builtin.mat","74828EA66ADB1E89BFB443184C63A94B8CE06229848DE2B361F8AD8A226C1619"
"C:\Users\PC\Dragon_Tower\Assets\Eric VFX Studio\Resource\Materials\hit_03_Builtin.mat.meta","9C816327A5A83DC1C7A8654B05A143106070CBF55BAF78B0449B5E3BCE8E4576"
"C:\Users\PC\Dragon_Tower\Assets\Eric VFX Studio\Resource\Materials\hit_03.mat","C8EC16E06DF668F401BB65DB40B2226D590688D2FA2617E81D9B1F69067C429D"
"C:\Users\PC\Dragon_Tower\Assets\Eric VFX Studio\Resource\Materials\hit_03.mat.meta","78EA83E6DC53184E606E54196846630007FE494ACF85C19A3FFAD5330A59F4CC"
"C:\Users\PC\Dragon_Tower\Assets\Eric VFX Studio\Resource\Materials\hit_sheet_W01_Builtin.mat","7B0389756A56B8857FA1AF72AFCE2BB0B249AB51124B5FAEBF9D4D2BA19A6FF5"
"C:\Users\PC\Dragon_Tower\Assets\Eric VFX Studio\Resource\Materials\hit_sheet_W01_Builtin.mat.meta","AB0C2F2CC8DBD556F284146F6E2D2995E29F3D75C3EEF87E3C53F8B1DE19E864"
"C:\Users\PC\Dragon_Tower\Assets\Eric VFX Studio\Resource\Materials\hit_sheet_W01.mat","69D334BB35B9CB73B14F253A0D620CA34310EE08BCE01830F6F97AD8223C4546"
"C:\Users\PC\Dragon_Tower\Assets\Eric VFX Studio\Resource\Materials\hit_sheet_W01.mat.meta","518E57D7E5EA9931B849CE4BDAA7885AB7F46AEF3D5A4706230072A335ADEC99"
"C:\Users\PC\Dragon_Tower\Assets\Eric VFX Studio\Resource\Materials\imp_01_Builtin.mat","8A7D0C0C02A4104CDB86FBB35B1B75CF8380A2BE8FD13B552B94C102CEBCFECC"
"C:\Users\PC\Dragon_Tower\Assets\Eric VFX Studio\Resource\Materials\imp_01_Builtin.mat.meta","A1E1D0A43A7DDBC3D2830A0CE221A3E1A4C688A5A05D91BE13270E3F86359D95"
"C:\Users\PC\Dragon_Tower\Assets\Eric VFX Studio\Resource\Materials\imp_01.mat","CFEBDD50459DF04E35F0A101AECD6644FEB2C2FC2B0BFC1ABB94B9DFE7E66203"
"C:\Users\PC\Dragon_Tower\Assets\Eric VFX Studio\Resource\Materials\imp_01.mat.meta","5827CF4F14DF7E9441F745B4A2BF1005472AC3B3785A2CA1CDB3C88C777A93D4"
"C:\Users\PC\Dragon_Tower\Assets\Eric VFX Studio\Resource\Materials\imp_02_Builtin.mat","C36D01455CEB2189E38950A3BAFB58823158525C0B6102ACDC0542F74E058B3A"
"C:\Users\PC\Dragon_Tower\Assets\Eric VFX Studio\Resource\Materials\imp_02_Builtin.mat.meta","25595F73510CF10103BB2A2312E7E9758A218FEAD1E4165E924672B625C4EDBD"
"C:\Users\PC\Dragon_Tower\Assets\Eric VFX Studio\Resource\Materials\imp_02.mat","C230E28E9C693CC2ED2A00F07AB7FEF19F16FF21640990580C9942EAC2DCB272"
"C:\Users\PC\Dragon_Tower\Assets\Eric VFX Studio\Resource\Materials\imp_02.mat.meta","74EC966E842DDE71D398EBC24A07419A849F8A9FA666D0784D8B47F36213E6EB"
"C:\Users\PC\Dragon_Tower\Assets\Eric VFX Studio\Resource\Materials\imp_03_Builtin.mat","DA4AA7C5D3F62FCAE53CF1BB58FD1EE8CE562960EDCFA1F807ABBE6394A3D071"
"C:\Users\PC\Dragon_Tower\Assets\Eric VFX Studio\Resource\Materials\imp_03_Builtin.mat.meta","65B65654FA8CF940AF3F7E07BDB33452D18FFD8C9DDD12E03FF560DF69200BE1"
"C:\Users\PC\Dragon_Tower\Assets\Eric VFX Studio\Resource\Materials\imp_03.mat","A79B2EC7301ADA1BB544A876DA5E86E4C8BD597A9ACD8A112D897CA57479B039"
"C:\Users\PC\Dragon_Tower\Assets\Eric VFX Studio\Resource\Materials\imp_03.mat.meta","655A2753605B1F8AE91AF7B1292BEA361151611E7252F9FE98B0CAF150C7616D"
"C:\Users\PC\Dragon_Tower\Assets\Eric VFX Studio\Resource\Materials\jb_ring_Builtin.mat","69DC8A7DEB734844176D05E255CC25385B4CB8DD3FF863D20D7A956F542FB922"
"C:\Users\PC\Dragon_Tower\Assets\Eric VFX Studio\Resource\Materials\jb_ring_Builtin.mat.meta","D856B6FCCA93BB85BB7B9B56AF24B75FEB5F8C59EA68931C42C8AFAA803A68FA"
"C:\Users\PC\Dragon_Tower\Assets\Eric VFX Studio\Resource\Materials\jb_ring.mat","4F755F09E1334FB9D4223308846DB3FFC60F93911D75CFDC7BA65670A926E685"
"C:\Users\PC\Dragon_Tower\Assets\Eric VFX Studio\Resource\Materials\jb_ring.mat.meta","9223B0077184F99126AA8DE9F2F6736E82962371EFA590FD36DAB9243E83CADA"
"C:\Users\PC\Dragon_Tower\Assets\Eric VFX Studio\Resource\Materials\kirino_C002_Builtin.mat","191869AFE1D465CA25A2375F16A89977BF888A516C0C78EAA5D55B4BEE3D2AF4"
"C:\Users\PC\Dragon_Tower\Assets\Eric VFX Studio\Resource\Materials\kirino_C002_Builtin.mat.meta","58425C535ED7F63015C27C37AEA4FCB5CAE592AD964DF0FE1C8ABDB374565C9D"
"C:\Users\PC\Dragon_Tower\Assets\Eric VFX Studio\Resource\Materials\kirino_C002.mat","EA6ACFFEE532ECFB8F9B22D5C98E15A2EA7005E30D761FC68765A03D489DBFBA"
"C:\Users\PC\Dragon_Tower\Assets\Eric VFX Studio\Resource\Materials\kirino_C002.mat.meta","2C708CC9CCE4FBABFCE34F2A9ED6CA87D2677A24C8C8B0E7E2CCDE03E07B1EDC"
"C:\Users\PC\Dragon_Tower\Assets\Eric VFX Studio\Resource\Materials\kirito_ball_02_L_Builtin.mat","473B7F3060C474EAC2698C3D96980676896CA95DB44D1C5766D8BE77630848A5"
"C:\Users\PC\Dragon_Tower\Assets\Eric VFX Studio\Resource\Materials\kirito_ball_02_L_Builtin.mat.meta","0153D8D7B002389216974A988FBABDFCB02B4F8AF0733A42B38D81FAE7DF46C0"
"C:\Users\PC\Dragon_Tower\Assets\Eric VFX Studio\Resource\Materials\kirito_ball_02_L.mat","CA90B2C189E6087B9E613DB6F1BDBD53E40AE604271D8C76501FB531AD53A211"
"C:\Users\PC\Dragon_Tower\Assets\Eric VFX Studio\Resource\Materials\kirito_ball_02_L.mat.meta","771DD66394660DD8CB7216E2FC6D185E5A186DD11CC25AF842E7F589AFA0C4D7"
"C:\Users\PC\Dragon_Tower\Assets\Eric VFX Studio\Resource\Materials\kirito_ball_02_orange_Builtin.mat","3AD931C46CD9F1E798BCF66A7D688088EFC6096E36E722BD84F98D82F35A327F"
"C:\Users\PC\Dragon_Tower\Assets\Eric VFX Studio\Resource\Materials\kirito_ball_02_orange_Builtin.mat.meta","BF5EE22AD06D4118C6B028AFC72A2D5FC4D59C951E7B815B0A1A590320BD311D"
"C:\Users\PC\Dragon_Tower\Assets\Eric VFX Studio\Resource\Materials\kirito_ball_02_orange.mat","E5BA826704952C778C07E17705C59A3B51A9483372815302553D7E1FF76F45FE"
"C:\Users\PC\Dragon_Tower\Assets\Eric VFX Studio\Resource\Materials\kirito_ball_02_orange.mat.meta","9A390E9B18FF1453A1A3B04557586BC20CF2D9AD65AE820951FC119865EB07B2"
"C:\Users\PC\Dragon_Tower\Assets\Eric VFX Studio\Resource\Materials\lb_02c_Builtin.mat","85920CD2B95693BB0003E15CAFE31ACEC1B450491DD14AC342030F21FFE2E0BB"
"C:\Users\PC\Dragon_Tower\Assets\Eric VFX Studio\Resource\Materials\lb_02c_Builtin.mat.meta","FB783C7A5F14A8EADE5BE4A5E028604049D46FAFA1851DE111CA38370627DA47"
"C:\Users\PC\Dragon_Tower\Assets\Eric VFX Studio\Resource\Materials\lb_02c.mat","868276BDAB8BDCEC83D85803BF27188271CA06D9FD525D6C6475AC071ED3208B"
"C:\Users\PC\Dragon_Tower\Assets\Eric VFX Studio\Resource\Materials\lb_02c.mat.meta","809028E8F2540E9A826C3F5359040D4AB22EB5BED300779D33EA596C2CEC3E62"
"C:\Users\PC\Dragon_Tower\Assets\Eric VFX Studio\Resource\Materials\lb_20f 2_Builtin.mat","AE3300CBC199CAE8444B6F6FE672A8B3225EC3B0C304AD53BB1C55A734450E60"
"C:\Users\PC\Dragon_Tower\Assets\Eric VFX Studio\Resource\Materials\lb_20f 2_Builtin.mat.meta","54AECDDD8FD9D524E8F3D3699DB5E386F6381184F12EC7A214512F074B734F23"
"C:\Users\PC\Dragon_Tower\Assets\Eric VFX Studio\Resource\Materials\lb_20f 2.mat","B25691BC26BCC417C8185868239B2F33D3EF0002AC1382FBC5D092C3C975929B"
"C:\Users\PC\Dragon_Tower\Assets\Eric VFX Studio\Resource\Materials\lb_20f 2.mat.meta","76667815255802096F72413F80649A18AD11AE076057C6F59E874D91F6F5221F"
"C:\Users\PC\Dragon_Tower\Assets\Eric VFX Studio\Resource\Materials\lb_20f_r 10_Builtin.mat","91C4022683236FC14DBD39E757CF12AC1BC0EE15551998A9F1C2AA98193D2376"
"C:\Users\PC\Dragon_Tower\Assets\Eric VFX Studio\Resource\Materials\lb_20f_r 10_Builtin.mat.meta","23269236AB96C7685318D04C768ADCA17C9F2DABBDD06EF6ACA2285AFECA6F9F"
"C:\Users\PC\Dragon_Tower\Assets\Eric VFX Studio\Resource\Materials\lb_20f_r 10.mat","CEB8A3E90A6323205E6C4A0B14A2178E5DFC69563ED9075D63F44EABC0F8F556"
"C:\Users\PC\Dragon_Tower\Assets\Eric VFX Studio\Resource\Materials\lb_20f_r 10.mat.meta","8F15C38264219FADF10B2736B73F47B433A857870B3B373AFFCC35DD7D101E56"
"C:\Users\PC\Dragon_Tower\Assets\Eric VFX Studio\Resource\Materials\lb_20f_r 14_Builtin.mat","284D2E71BEB48F9D4F64C7654AA92A45C75A4975E5E6CDB3857DE1C03072D943"
"C:\Users\PC\Dragon_Tower\Assets\Eric VFX Studio\Resource\Materials\lb_20f_r 14_Builtin.mat.meta","83B03E6848E9F2D98F1A7B746261A367512A7E97C5FBD3471135194EC32EAF79"
"C:\Users\PC\Dragon_Tower\Assets\Eric VFX Studio\Resource\Materials\lb_20f_r 14.mat","52FC1B78A3A56D42A84EE2EEF41C378B4334635BD8A0B026044255AF9F48C80B"
"C:\Users\PC\Dragon_Tower\Assets\Eric VFX Studio\Resource\Materials\lb_20f_r 14.mat.meta","E6146EA0D69CE155EAA6805DC68A5945F29B8D2B8F019992C43263F1DBD6CE3B"
"C:\Users\PC\Dragon_Tower\Assets\Eric VFX Studio\Resource\Materials\lb_20f_r 2_Builtin.mat","E3D8FF7F7BB89908E0E5D36076A9A6DB1216DFB622EE99DFAF8C82010AD313E8"
"C:\Users\PC\Dragon_Tower\Assets\Eric VFX Studio\Resource\Materials\lb_20f_r 2_Builtin.mat.meta","6855910A9E82822E9C8AF66C5B73215D90A822D3076A812B53EB4AC2B218B776"
"C:\Users\PC\Dragon_Tower\Assets\Eric VFX Studio\Resource\Materials\lb_20f_r 2.mat","D7A46927492C614F8A5D1DFCF1C800DCC0CE1F88C024C13B96CF88DF4CB85906"
"C:\Users\PC\Dragon_Tower\Assets\Eric VFX Studio\Resource\Materials\lb_20f_r 2.mat.meta","51F60413C271C45FDCDC764F498FDF753B5A2BCB6E0DBC9539860A36ABF7F629"
"C:\Users\PC\Dragon_Tower\Assets\Eric VFX Studio\Resource\Materials\lb_20f_r 5_Builtin.mat","8905252A074A83EF573A11CE230BA1AD32FA3A80B4A70694EC13DBB9BF1FC61E"
"C:\Users\PC\Dragon_Tower\Assets\Eric VFX Studio\Resource\Materials\lb_20f_r 5_Builtin.mat.meta","6883DE92B9269CFBB724B792FEA51B5545DFDB27E4033EFE4FEB410A5EE886F1"
"C:\Users\PC\Dragon_Tower\Assets\Eric VFX Studio\Resource\Materials\lb_20f_r 5.mat","F64596589A7C969C69BBF62CB6AA04EAD2FE5D550279B8EBEBB476501A5D9CA9"
"C:\Users\PC\Dragon_Tower\Assets\Eric VFX Studio\Resource\Materials\lb_20f_r 5.mat.meta","43F76FB137D50AA8106788FB2385E18CE05046477B86715AB7B869D3BA78EBA1"
"C:\Users\PC\Dragon_Tower\Assets\Eric VFX Studio\Resource\Materials\lb_20f_r 8_Builtin.mat","32829E64F5275B949A4189F7230005BB2D0B086C955ADBA69C3176146D8F1A16"
"C:\Users\PC\Dragon_Tower\Assets\Eric VFX Studio\Resource\Materials\lb_20f_r 8_Builtin.mat.meta","8BDFDB47C24BDA86C37AD420F1BA11EF80AA4A9BC1590693A64A11FACE4B93B3"
"C:\Users\PC\Dragon_Tower\Assets\Eric VFX Studio\Resource\Materials\lb_20f_r 8.mat","12EDDDAAF2744B31BE3C36676035A77BDF31FE3B5088E6EAEFD54DC711E49ED9"
"C:\Users\PC\Dragon_Tower\Assets\Eric VFX Studio\Resource\Materials\lb_20f_r 8.mat.meta","4A171558174199D8920FAF1A8963F13671541FE2CD266E80906EE6890AD29815"
"C:\Users\PC\Dragon_Tower\Assets\Eric VFX Studio\Resource\Materials\lb_20f_r 9_Builtin.mat","F12A01F05B9B6CB29AB6B173DB137AD909A557286195A2378614F1E226A99CC1"
"C:\Users\PC\Dragon_Tower\Assets\Eric VFX Studio\Resource\Materials\lb_20f_r 9_Builtin.mat.meta","D768B862549850EF69973FD701233A93CBD3672B975952D93466ACE912DD1535"
"C:\Users\PC\Dragon_Tower\Assets\Eric VFX Studio\Resource\Materials\lb_20f_r 9.mat","EC918A85688101386E9D28AA43A749A461957DC63C16F8BF691FC6C97AD2D23B"
"C:\Users\PC\Dragon_Tower\Assets\Eric VFX Studio\Resource\Materials\lb_20f_r 9.mat.meta","B199462343CE58E2F6C5F62CD61643316A0B947BF485E99B846AA20DC5619E35"
"C:\Users\PC\Dragon_Tower\Assets\Eric VFX Studio\Resource\Materials\lb_20f_r 9b 1_Builtin.mat","50F931ECD17A00E8C9B1803495662316C19DAF826792A92E27F832AA9EA542B4"
"C:\Users\PC\Dragon_Tower\Assets\Eric VFX Studio\Resource\Materials\lb_20f_r 9b 1_Builtin.mat.meta","2B2A381B16B3F538FCB0D83B3B1DD2F6D64C52CBA8194BF0E333F7A5485CBF07"
"C:\Users\PC\Dragon_Tower\Assets\Eric VFX Studio\Resource\Materials\lb_20f_r 9b 1.mat","15987A83CB6318C543AD63167B2DC785BF2085DC54D947FC69C84FFFA091C539"
"C:\Users\PC\Dragon_Tower\Assets\Eric VFX Studio\Resource\Materials\lb_20f_r 9b 1.mat.meta","743F97C4980B3F68BF92CC1585BCA1996BAD2F49AD181E7CDAE50002951E2D30"
"C:\Users\PC\Dragon_Tower\Assets\Eric VFX Studio\Resource\Materials\lb_20f_r 9b 2_Builtin.mat","178944281365DA8E3CB722E3144B50B81F7D957A871A7311E2659014DFB2DBC1"
"C:\Users\PC\Dragon_Tower\Assets\Eric VFX Studio\Resource\Materials\lb_20f_r 9b 2_Builtin.mat.meta","FB132141A6F5BA1BCAB305D9DF4F3A5A27B7667A56CA6BEF333A5494F7FF3D4B"
"C:\Users\PC\Dragon_Tower\Assets\Eric VFX Studio\Resource\Materials\lb_20f_r 9b 2.mat","B46FB7136D567F0481FEE0651624879E04542393CDFD4C1A4CD9404B946C92E1"
"C:\Users\PC\Dragon_Tower\Assets\Eric VFX Studio\Resource\Materials\lb_20f_r 9b 2.mat.meta","C92F4867A4D05F724CE8C4E3BDA967FD92E306C5DA654AD4F14D523CD0921E03"
"C:\Users\PC\Dragon_Tower\Assets\Eric VFX Studio\Resource\Materials\lb_20f_r 9b_Builtin.mat","716F5CA182CBC3414048981EA3EECD3BA4DC006BE76091CA40F45501D35C382C"
"C:\Users\PC\Dragon_Tower\Assets\Eric VFX Studio\Resource\Materials\lb_20f_r 9b_Builtin.mat.meta","B67BDBD6F5A5F1DD5E53EED1CBEC43AC0CB91E957CA05B7338D323BE31333432"
"C:\Users\PC\Dragon_Tower\Assets\Eric VFX Studio\Resource\Materials\lb_20f_r 9b.mat","AD6C6D10177D39BD973E7D85EC69F1A9BDA4F03AEB30B43D44429EADACC52B38"
"C:\Users\PC\Dragon_Tower\Assets\Eric VFX Studio\Resource\Materials\lb_20f_r 9b.mat.meta","95E226BE30029136F525C919DFD01637788A2ADEB11D0A9507D5AD9F678C44E4"
"C:\Users\PC\Dragon_Tower\Assets\Eric VFX Studio\Resource\Materials\lb_20f_r2x_Builtin.mat","659136EC1D5683694F564840CDD93D1D4D3D20E7D56EC6C7A1CCB57F72D5EACA"
"C:\Users\PC\Dragon_Tower\Assets\Eric VFX Studio\Resource\Materials\lb_20f_r2x_Builtin.mat.meta","69DA2B45059AC2E8D8B8BED03CA95170045BF8FB5DE54588F6F624B5699096BD"
"C:\Users\PC\Dragon_Tower\Assets\Eric VFX Studio\Resource\Materials\lb_20f_r2x.mat","EBB57496BD51A75F17B4116C3BAF5C7344C9A1E796786ADCCB2E96B8AE776F70"
"C:\Users\PC\Dragon_Tower\Assets\Eric VFX Studio\Resource\Materials\lb_20f_r2x.mat.meta","8373210D99A944BC1571EB4E98F80845F73B6073AC6E662B8F04CBDE2080F507"
"C:\Users\PC\Dragon_Tower\Assets\Eric VFX Studio\Resource\Materials\lb_20f_W01_Builtin.mat","F19013FFFA4F8D50F3E634A1107C5233659D59FB00CB2F59D0507A186BFE5576"
"C:\Users\PC\Dragon_Tower\Assets\Eric VFX Studio\Resource\Materials\lb_20f_W01_Builtin.mat.meta","FA8341424C6F265C35B8A375DBF000B84E193CFD90A7AAD53D88D1209A6C7AA4"
"C:\Users\PC\Dragon_Tower\Assets\Eric VFX Studio\Resource\Materials\lb_20f_W01.mat","2EE3D16BDFBEAAE6D3B687E59E65C7B29161F2E28AD94B10F9E5EBA3FF13FA4F"
"C:\Users\PC\Dragon_Tower\Assets\Eric VFX Studio\Resource\Materials\lb_20f_W01.mat.meta","E6C8466B705712FE1173D8B08B7F89EFA8A6F2B2D5CA41F507F649CA3659B000"
"C:\Users\PC\Dragon_Tower\Assets\Eric VFX Studio\Resource\Materials\lb_sheet_01_Builtin.mat","1BD51BC4DA20A6A8559B5040D868C156A1F94E88CD3767B468509C7DD37C7853"
"C:\Users\PC\Dragon_Tower\Assets\Eric VFX Studio\Resource\Materials\lb_sheet_01_Builtin.mat.meta","5DACC84107D81F50000AC2AC2E2E1649EE47A1DC4ECD8AA5F32C859845D81F25"
"C:\Users\PC\Dragon_Tower\Assets\Eric VFX Studio\Resource\Materials\lb_sheet_01.mat","E1368BDC7A6A23DBA87A481EC108C577A4F7B004BAA70BA5C9352DAAD1815D13"
"C:\Users\PC\Dragon_Tower\Assets\Eric VFX Studio\Resource\Materials\lb_sheet_01.mat.meta","C2BB6A967285E2F8A190560E2BF294983CD803D91F982CB753A25B57F77F57C1"
"C:\Users\PC\Dragon_Tower\Assets\Eric VFX Studio\Resource\Materials\lb_sheet_02_Builtin.mat","EC8D4074EEE0EC8BF31F49D319E36A959AC901C4DE51B9454CDCE208DEE154ED"
"C:\Users\PC\Dragon_Tower\Assets\Eric VFX Studio\Resource\Materials\lb_sheet_02_Builtin.mat.meta","2C8BAC70173AEF035C7F4B59436417AEB7AA5E1C21000E911FBBFB3DD5206F5A"
"C:\Users\PC\Dragon_Tower\Assets\Eric VFX Studio\Resource\Materials\lb_sheet_02.mat","AAE0F109AB1C5AAEECC30784E8842D3F20B29B3676CA36A23B26217D8F986E00"
"C:\Users\PC\Dragon_Tower\Assets\Eric VFX Studio\Resource\Materials\lb_sheet_02.mat.meta","7510317576C641620AEAC4F03D16F6F0E1E83AD915E0CB563398927C02A4BB83"
"C:\Users\PC\Dragon_Tower\Assets\Eric VFX Studio\Resource\Materials\lb-03_6_Builtin.mat","E35A5DA7B5DEA8E54C38F9EBB900B1C07BEAA9834357F04F3D10787D4CB4F411"
"C:\Users\PC\Dragon_Tower\Assets\Eric VFX Studio\Resource\Materials\lb-03_6_Builtin.mat.meta","8A9E3787F29499F226A7BBE82C04F945CC99B5A8AB80523F6D980E26E4AC20C6"
"C:\Users\PC\Dragon_Tower\Assets\Eric VFX Studio\Resource\Materials\lb-03_6.mat","61A5C5BE6DDEF889EBE139450A6074FD46BFE8534B3D4AF615C9F7BC3FDF3FF2"
"C:\Users\PC\Dragon_Tower\Assets\Eric VFX Studio\Resource\Materials\lb-03_6.mat.meta","1AC9A87C869617D46F6475814A9CFACBF3E7A03EE7C15E4DB9E5FB9C3B8E948D"
"C:\Users\PC\Dragon_Tower\Assets\Eric VFX Studio\Resource\Materials\lg _09_Builtin.mat","4AE57F47759286BDC16932F61DD2A812742DAD4C36DFDB0CD4A72984CD556944"
"C:\Users\PC\Dragon_Tower\Assets\Eric VFX Studio\Resource\Materials\lg _09_Builtin.mat.meta","EBA5E62CBE9956314475D37B08F8CFC3E06529E26A84630AFCE25ED9DAC86838"
"C:\Users\PC\Dragon_Tower\Assets\Eric VFX Studio\Resource\Materials\lg _09.mat","18EED2C921CB14EF95458BCD75D7CF87FC294992F53FCEBA3B1CF1B6E9A61229"
"C:\Users\PC\Dragon_Tower\Assets\Eric VFX Studio\Resource\Materials\lg _09.mat.meta","C4286617B3FDC177EBFF957F21C6E5FF7758B47F779E265E59A7607C2A577263"
"C:\Users\PC\Dragon_Tower\Assets\Eric VFX Studio\Resource\Materials\Light_Add_Builtin.mat","54DF7808E184715CD7F72C9973B4A6AE1E6EB619859E8CD09219263FC710FEC7"
"C:\Users\PC\Dragon_Tower\Assets\Eric VFX Studio\Resource\Materials\Light_Add_Builtin.mat.meta","FF985D117644589E170E4719865080E154B7330EBCB195D9390E521F141309C3"
"C:\Users\PC\Dragon_Tower\Assets\Eric VFX Studio\Resource\Materials\Light_Add.mat","798ABB25BE5CAFC1AB722EDF6CBAFE1BA4F4003FB0C35F49F75BFD96ABCC4C71"
"C:\Users\PC\Dragon_Tower\Assets\Eric VFX Studio\Resource\Materials\Light_Add.mat.meta","693E44F8BFA3B7426926F1DE6BA1AA9CBB60ACCBA8280175B3938E13287EDBA7"
"C:\Users\PC\Dragon_Tower\Assets\Eric VFX Studio\Resource\Materials\Light_Decal_b_W01_Builtin.mat","8022920B7012FB00BE986695006F854499703548FDDAAC36D9181149F400441F"
"C:\Users\PC\Dragon_Tower\Assets\Eric VFX Studio\Resource\Materials\Light_Decal_b_W01_Builtin.mat.meta","0E082C14717C4472BA4D778000DB625D4D9F619F538C897703B0BC3669C68715"
"C:\Users\PC\Dragon_Tower\Assets\Eric VFX Studio\Resource\Materials\Light_Decal_b_W01.mat","B5D3BDAA83692382FCC06C71B813E9FDB4D54CF9B66C4331FD8245ADAB8BB5F7"
"C:\Users\PC\Dragon_Tower\Assets\Eric VFX Studio\Resource\Materials\Light_Decal_b_W01.mat.meta","EAC41F147A07C6C7CDE9E5C2A5AD0283FA92CDB2A3161B8BA5C7103BEF29487B"
"C:\Users\PC\Dragon_Tower\Assets\Eric VFX Studio\Resource\Materials\Light_Decal_Builtin.mat","BAD395F766924811459594F40D74CF83D9275CB836CBED63253CCA0BF63A7F1E"
"C:\Users\PC\Dragon_Tower\Assets\Eric VFX Studio\Resource\Materials\Light_Decal_Builtin.mat.meta","B4BE0B846844C62FB7BD920C00F8B0B959EB60D606446F4F79D481E6F5454354"
"C:\Users\PC\Dragon_Tower\Assets\Eric VFX Studio\Resource\Materials\Light_Decal.mat","37BD1F9F0429B309C7AEDBD095B9D52B49CC4AF47789DFDA580F109900D95EDD"
"C:\Users\PC\Dragon_Tower\Assets\Eric VFX Studio\Resource\Materials\Light_Decal.mat.meta","5039B22D03E1630D2258555B714499D75213BE58BA36A1FEFF770597179B8760"
"C:\Users\PC\Dragon_Tower\Assets\Eric VFX Studio\Resource\Materials\light_Y_Builtin.mat","48C7B51450818CE04373F7DB02440BB1B7C935F2D58A95662205C792C337C626"
"C:\Users\PC\Dragon_Tower\Assets\Eric VFX Studio\Resource\Materials\light_Y_Builtin.mat.meta","7A80072B50E9C527C0BC40CFA1A580D569FC19FAB5F9CD978B80CC337CCF30CD"
"C:\Users\PC\Dragon_Tower\Assets\Eric VFX Studio\Resource\Materials\light_Y.mat","A3A6D4E2010C8FBCE4CB41E2AD62262C9DF5F79977DF61BCC1DC6AA5B774F14F"
"C:\Users\PC\Dragon_Tower\Assets\Eric VFX Studio\Resource\Materials\light_Y.mat.meta","BC967F0CE982D40AAF020DC1604344BDF14DEB7AD7E1AD34CAFBF4B3DD6C9100"
"C:\Users\PC\Dragon_Tower\Assets\Eric VFX Studio\Resource\Materials\lighting_015_wx_Builtin.mat","1FF190D0AE02F1FE8264659740B4F2A853724C387C1566192F6893E7605C844D"
"C:\Users\PC\Dragon_Tower\Assets\Eric VFX Studio\Resource\Materials\lighting_015_wx_Builtin.mat.meta","5D7F46B668797439242CD8D02A5E38CE68E64F2A21EB85FC8687885BB14C8BF6"
"C:\Users\PC\Dragon_Tower\Assets\Eric VFX Studio\Resource\Materials\lighting_015_wx.mat","F32609EFA9D54EE63E85DDE973330D428A74609E7C444CF2ADB2476FD494A1D7"
"C:\Users\PC\Dragon_Tower\Assets\Eric VFX Studio\Resource\Materials\lighting_015_wx.mat.meta","E77D97DA6E46C489C16F22B3D309D66AA8B759554F671B478522606043CCDDDB"
"C:\Users\PC\Dragon_Tower\Assets\Eric VFX Studio\Resource\Materials\lighting_3005_Builtin.mat","829D5FAB4FBFD618AE68DEBCE7E21470D896427921D7C8FE601CCF04278EFA53"
"C:\Users\PC\Dragon_Tower\Assets\Eric VFX Studio\Resource\Materials\lighting_3005_Builtin.mat.meta","CB7918BA0401A761209C63A79F1242197AEAEB718C05AB5C3DE6D997DD5BF8E2"
"C:\Users\PC\Dragon_Tower\Assets\Eric VFX Studio\Resource\Materials\lighting_3005.mat","595D1A1386D6ABF44AD32D8E8B1AF468319BD64356DC5E62379FBACD29421967"
"C:\Users\PC\Dragon_Tower\Assets\Eric VFX Studio\Resource\Materials\lighting_3005.mat.meta","CF84C8DBC529EFF33B5D5267B487794D95906057EF53754B9F71311A42E52341"
"C:\Users\PC\Dragon_Tower\Assets\Eric VFX Studio\Resource\Materials\lightning_blue_Builtin.mat","117A60566A8AC730FB94A7E6CCA64C08B9A94F8F62190C2F115DA41E22A1599F"
"C:\Users\PC\Dragon_Tower\Assets\Eric VFX Studio\Resource\Materials\lightning_blue_Builtin.mat.meta","1529224C7046F27D7336E74B512243BD7167A0E5B678510EAF739A917EC608FF"
"C:\Users\PC\Dragon_Tower\Assets\Eric VFX Studio\Resource\Materials\lightning_blue.mat","F4C407E2A82019A5259333C4D5AD0A571FEBB5A67B94675C551ADFF9AB4429E3"
"C:\Users\PC\Dragon_Tower\Assets\Eric VFX Studio\Resource\Materials\lightning_blue.mat.meta","0C32BF00437B64E14A2FFB83CEB7C4BB389A0E4A2DF1C7981E7EF90251C23BEE"
"C:\Users\PC\Dragon_Tower\Assets\Eric VFX Studio\Resource\Materials\lightning_p_Builtin.mat","AF2B25B32BED60455CDC18597000AA844C8FE4AE60897D4E0415FF839AC7A069"
"C:\Users\PC\Dragon_Tower\Assets\Eric VFX Studio\Resource\Materials\lightning_p_Builtin.mat.meta","BA70BF4F64DB16B445AE8C4E8ECDA6B51A5A3F042168640BD0B2F60D6F781E7F"
"C:\Users\PC\Dragon_Tower\Assets\Eric VFX Studio\Resource\Materials\lightning_p_W01_Builtin.mat","91AA0E37FD5A238833E73B0EAF7DB6161D7FADE507CB5E14CCC60C673FCE40C7"
"C:\Users\PC\Dragon_Tower\Assets\Eric VFX Studio\Resource\Materials\lightning_p_W01_Builtin.mat.meta","0CFE50E189752F1103140F284E1D5F49236E67F29B35BACF327EC87A50CF8FDD"
"C:\Users\PC\Dragon_Tower\Assets\Eric VFX Studio\Resource\Materials\lightning_p_W01.mat","30EFDA01E038CFC7459F1CB655137CD47A55E1FF03A1BF372E19E225D7B893FE"
"C:\Users\PC\Dragon_Tower\Assets\Eric VFX Studio\Resource\Materials\lightning_p_W01.mat.meta","C9805C08B7B90754EA639CFDDEFBC37FDC2800751476B35B8703BC03C93DAAD8"
"C:\Users\PC\Dragon_Tower\Assets\Eric VFX Studio\Resource\Materials\lightning_p.mat","7951302B3E7DD3908D342763B84A416AFD901894992B0F435256856E893DB2CC"
"C:\Users\PC\Dragon_Tower\Assets\Eric VFX Studio\Resource\Materials\lightning_p.mat.meta","9C50B119CB61C522D598C563F815ED3F75D04B636B14D6A374822516797D5FF1"
"C:\Users\PC\Dragon_Tower\Assets\Eric VFX Studio\Resource\Materials\lightning_sheet_p01_Builtin.mat","B7AECBDBF7E533D21C7B821031DFAAFA583AF9D051A2FF11C6655E6D36562D2F"
"C:\Users\PC\Dragon_Tower\Assets\Eric VFX Studio\Resource\Materials\lightning_sheet_p01_Builtin.mat.meta","E2F8842E2CDBAEC62E5A71AB143FF2E495D22EAC8B0ACB00F6DC6B7D3EB55E59"
"C:\Users\PC\Dragon_Tower\Assets\Eric VFX Studio\Resource\Materials\lightning_sheet_p01.mat","A7906BAEF28CE7A64014861D2A72A2D90ACEA0BD80118C8D33F4A51C3DC38F7F"
"C:\Users\PC\Dragon_Tower\Assets\Eric VFX Studio\Resource\Materials\lightning_sheet_p01.mat.meta","FA3C4A8A2D3E72AA0226CFF86D14961B0E77C9527658B505628F96E20DDD0D80"
"C:\Users\PC\Dragon_Tower\Assets\Eric VFX Studio\Resource\Materials\line_00017_2_Builtin.mat","8127C5F25D6159EB38D2E3C256FE833185C8BC37B152BEE6D98A0F8F5E484E07"
"C:\Users\PC\Dragon_Tower\Assets\Eric VFX Studio\Resource\Materials\line_00017_2_Builtin.mat.meta","36E9CD758DA01987146707A809885E8803D6CDF627D554174896686FAF265D60"
"C:\Users\PC\Dragon_Tower\Assets\Eric VFX Studio\Resource\Materials\line_00017_2.mat","8FD287C1D182B7A7E5135228E3C7919F92FCBA52489C7F4A9C82D85BE7F40830"
"C:\Users\PC\Dragon_Tower\Assets\Eric VFX Studio\Resource\Materials\line_00017_2.mat.meta","41E86115563116C5349DD703580763A493D3204F4ACFFB061520D2C7E2D4E07D"
"C:\Users\PC\Dragon_Tower\Assets\Eric VFX Studio\Resource\Materials\line_02_Builtin.mat","E3611B977A923E5AD8438A95F5D348D3C8D91620575D108416070512759D1DEA"
"C:\Users\PC\Dragon_Tower\Assets\Eric VFX Studio\Resource\Materials\line_02_Builtin.mat.meta","931B52C2EEE0DEA0CCEC2CD6E3C52CE4C99002B1B3661240FAD17BB3094E55F9"
"C:\Users\PC\Dragon_Tower\Assets\Eric VFX Studio\Resource\Materials\line_02.mat","136E8F0141EA489C5FA91225EBA0E8CB7AB492301C8D8CDA37073FDA618627F5"
"C:\Users\PC\Dragon_Tower\Assets\Eric VFX Studio\Resource\Materials\line_02.mat.meta","607064A401623EA03BE604FD877807A0AA86BF71967F8DAB802AE24E6CAF92B9"
"C:\Users\PC\Dragon_Tower\Assets\Eric VFX Studio\Resource\Materials\Line_Sheet_01_Builtin.mat","DFBACD29DA6BA1030F9FD519F9018CD6EC264E0AC409AA36ACB705D532406B31"
"C:\Users\PC\Dragon_Tower\Assets\Eric VFX Studio\Resource\Materials\Line_Sheet_01_Builtin.mat.meta","4F30F97BDE6D6B20F49F31898081FDA2D00297C8963D7C9BD62E1FC524B7D532"
"C:\Users\PC\Dragon_Tower\Assets\Eric VFX Studio\Resource\Materials\Line_Sheet_01.mat","C8F7362D2894B723840498617191F0E04A17A584D458C8BE923E56D0828C8EE0"
"C:\Users\PC\Dragon_Tower\Assets\Eric VFX Studio\Resource\Materials\Line_Sheet_01.mat.meta","635C437BAF18660C7DFA24B13883E7D1C332B258B7C240011F8C4E855E36044D"
"C:\Users\PC\Dragon_Tower\Assets\Eric VFX Studio\Resource\Materials\lms-g03-0_orange_Builtin.mat","C224B685090A6F35F0E6A21926E66B83235EA909B0902F77B517F273A0C7FDF4"
"C:\Users\PC\Dragon_Tower\Assets\Eric VFX Studio\Resource\Materials\lms-g03-0_orange_Builtin.mat.meta","EBF777CCEDB21ACA1FAAB1080C6834F06446B19EBBD0291FCC8785A52166FCA7"
"C:\Users\PC\Dragon_Tower\Assets\Eric VFX Studio\Resource\Materials\lms-g03-0_orange.mat","EBE08809C40F71663FC0F0E426C5413F226595E904A0DA851712C06C7A72B3B8"
"C:\Users\PC\Dragon_Tower\Assets\Eric VFX Studio\Resource\Materials\lms-g03-0_orange.mat.meta","19ED4E67EE24CBBA605904DE6FE534EA724A274FA0669B61C9C569A24D350AFB"
"C:\Users\PC\Dragon_Tower\Assets\Eric VFX Studio\Resource\Materials\lms-g03-02-blue 1_Builtin.mat","E01468BF2296CA46E986C082FD22F24AD9BF2E7ACC7AF3AAD09295E3B4E51F96"
"C:\Users\PC\Dragon_Tower\Assets\Eric VFX Studio\Resource\Materials\lms-g03-02-blue 1_Builtin.mat.meta","8F91A79782E1706050539C77B09C58A86A91A7CB0639B91CB06EAB2CFA022562"
"C:\Users\PC\Dragon_Tower\Assets\Eric VFX Studio\Resource\Materials\lms-g03-02-blue 1.mat","275BC11B4BFE87A014E0D3D4B4E01E86D8445CD91C3257605DC08683234D611C"
"C:\Users\PC\Dragon_Tower\Assets\Eric VFX Studio\Resource\Materials\lms-g03-02-blue 1.mat.meta","B16745F993DCA839810B9F269EAAC26B5AC315A97300CDD7F5410AC57CE01D83"
"C:\Users\PC\Dragon_Tower\Assets\Eric VFX Studio\Resource\Materials\lp-g06b 1_Builtin.mat","4CC3B910BDE76E6BDEB6D6EA191881552422C9D72B7BC4267434756AD1718344"
"C:\Users\PC\Dragon_Tower\Assets\Eric VFX Studio\Resource\Materials\lp-g06b 1_Builtin.mat.meta","BBBAB67777065D992A11E2CC24A580FE93482ABB3928A93A24847B0457F34BA1"
"C:\Users\PC\Dragon_Tower\Assets\Eric VFX Studio\Resource\Materials\lp-g06b 1.mat","D4FA4A7537151EBF9EBA0924E1B6857CD32B9921AB21587654F9255288FEA7E9"
"C:\Users\PC\Dragon_Tower\Assets\Eric VFX Studio\Resource\Materials\lp-g06b 1.mat.meta","5B1916F0F46631ECE8A3F1530B8B44EAC6BBF0BB6A6F237297677C06E8ED7DEA"
"C:\Users\PC\Dragon_Tower\Assets\Eric VFX Studio\Resource\Materials\M_2D_Explode_01_Builtin.mat","4F40B4ABF8D058DE72492EF36CFE2A521711286D07FDAC8AB9D3FE01A3269E6A"
"C:\Users\PC\Dragon_Tower\Assets\Eric VFX Studio\Resource\Materials\M_2D_Explode_01_Builtin.mat.meta","BD24842BFCA5A81504583C0925CE0A8AF5EE1DA6A8EC431AFBAD635A0E9B9A89"
"C:\Users\PC\Dragon_Tower\Assets\Eric VFX Studio\Resource\Materials\M_2D_Explode_01.mat","2DC3F629A29145D79D4AC32A5032A60D50965681D3CDE3B5EC495B90B5FCDA9A"
"C:\Users\PC\Dragon_Tower\Assets\Eric VFX Studio\Resource\Materials\M_2D_Explode_01.mat.meta","690B0A1F1264D56FF80F20ED67740121641C33709745CD4FAFF8F9C7F67FC81F"
"C:\Users\PC\Dragon_Tower\Assets\Eric VFX Studio\Resource\Materials\M_2D_Ray_01_Builtin.mat","FB33730D428CCCE0DEF8DD126198E3DD3FE1A3B716993B99EF5E275EB7628059"
"C:\Users\PC\Dragon_Tower\Assets\Eric VFX Studio\Resource\Materials\M_2D_Ray_01_Builtin.mat.meta","B8BFB4B00A7A7335E2E2F11CAC26DC91DFBC23EAC1C0A898393E446007C56E7A"
"C:\Users\PC\Dragon_Tower\Assets\Eric VFX Studio\Resource\Materials\M_2D_Ray_01.mat","E9796471B4EBBD0C62F4A03DCCB2E2584310D5933762CBB49ED387DAFF2D1FA2"
"C:\Users\PC\Dragon_Tower\Assets\Eric VFX Studio\Resource\Materials\M_2D_Ray_01.mat.meta","B53A223653EC33C10CED2597B96FDBDA361778358DB2EAD8031C9673F4E95BBA"
"C:\Users\PC\Dragon_Tower\Assets\Eric VFX Studio\Resource\Materials\M_2D_Ray_03_Builtin.mat","036CFE2862063C2B368D3BDB880C5DDB645834D7801C74A4F2ABA710F74C1A12"
"C:\Users\PC\Dragon_Tower\Assets\Eric VFX Studio\Resource\Materials\M_2D_Ray_03_Builtin.mat.meta","0E9B06138AAC81472BFD60231FB89DAB08C591167B588F98923D9E937BDB2F1F"
"C:\Users\PC\Dragon_Tower\Assets\Eric VFX Studio\Resource\Materials\M_2D_Ray_03.mat","102EB4651C3BEEFA5DD94F5905172258D595348C306B07040C8450E416681DF4"
"C:\Users\PC\Dragon_Tower\Assets\Eric VFX Studio\Resource\Materials\M_2D_Ray_03.mat.meta","883266570581167DD778ED31CB703E44DB12E223EE0CE2B7EFCF5917EE658B45"
"C:\Users\PC\Dragon_Tower\Assets\Eric VFX Studio\Resource\Materials\M_2D_Smoke_01_Builtin.mat","C3C6BBDC0943C1FBC8D7742D24DB3BF0307805409C2E9267C76925381D0704AB"
"C:\Users\PC\Dragon_Tower\Assets\Eric VFX Studio\Resource\Materials\M_2D_Smoke_01_Builtin.mat.meta","EE91541DB05262A50000AB1FFCA1F0B6F4380D765EDDDEA46BF2BA7816A49C87"
"C:\Users\PC\Dragon_Tower\Assets\Eric VFX Studio\Resource\Materials\M_2D_Smoke_01.mat","2F2CD4058D3754E66427567A160A66C0E80A10822F5AF130DCFB6C191CCFB341"
"C:\Users\PC\Dragon_Tower\Assets\Eric VFX Studio\Resource\Materials\M_2D_Smoke_01.mat.meta","267B39016B93B3BA47D19359C1EC98DC299222B5A28F8D05A8A4F228EECF02CD"
"C:\Users\PC\Dragon_Tower\Assets\Eric VFX Studio\Resource\Materials\M_2D_Sparkles_01_Builtin.mat","4C9A7C46C382F73FE3552B17C43D85A9803DEF3ABB6AE53430F45DEC2B9F48BD"
"C:\Users\PC\Dragon_Tower\Assets\Eric VFX Studio\Resource\Materials\M_2D_Sparkles_01_Builtin.mat.meta","2E555D6B9EA814BD9A61B8A3E9A4D3F253A49B5B9DA25E41B3D843BDEA792518"
"C:\Users\PC\Dragon_Tower\Assets\Eric VFX Studio\Resource\Materials\M_2D_Sparkles_01.mat","F790C5F18D821A478E1B81D49C169DB5F1FB8C181D4761420730D5567E63E8EE"
"C:\Users\PC\Dragon_Tower\Assets\Eric VFX Studio\Resource\Materials\M_2D_Sparkles_01.mat.meta","35B563AAAA82CE3F29529022FD9047AEDCCEA594B40A3EC0A235E09CC306EEC7"
"C:\Users\PC\Dragon_Tower\Assets\Eric VFX Studio\Resource\Materials\M_2D_Status_Sleep_01_Builtin.mat","A9B72AF5F2BB6BB278B84E7EA97D2661A90907F38442814A0BC9364702D8913E"
"C:\Users\PC\Dragon_Tower\Assets\Eric VFX Studio\Resource\Materials\M_2D_Status_Sleep_01_Builtin.mat.meta","7A6314AE33817FCF175EE052988C23DB516CCB89BF6EA7829B79B8CC36E7AB5C"
"C:\Users\PC\Dragon_Tower\Assets\Eric VFX Studio\Resource\Materials\M_2D_Status_Sleep_01.mat","68F9160BA34A48C4FF00289F75E09F70F6356E2AE39E7B56B3068D932F819F21"
"C:\Users\PC\Dragon_Tower\Assets\Eric VFX Studio\Resource\Materials\M_2D_Status_Sleep_01.mat.meta","214992197D25ABEAFA3C4AA2AB46C4600FA14802E40568898EE63EA14B8A2EB0"
"C:\Users\PC\Dragon_Tower\Assets\Eric VFX Studio\Resource\Materials\M_Glow_01A_Builtin.mat","2B64920987CE0BAB21FF67CD89BB0F2B0FA9719C59280130E0CFC5BFB2C5B8C8"
"C:\Users\PC\Dragon_Tower\Assets\Eric VFX Studio\Resource\Materials\M_Glow_01A_Builtin.mat.meta","AA1136CECD7FD3616CD978FB5383A8981C328F15160CC4CE0F25E25A79C1DD03"
"C:\Users\PC\Dragon_Tower\Assets\Eric VFX Studio\Resource\Materials\M_Glow_01A.mat","F459976C72695D3E6E5CDF4B6C006F56D5A1FF8899E088C399A5E67877D21D83"
"C:\Users\PC\Dragon_Tower\Assets\Eric VFX Studio\Resource\Materials\M_Glow_01A.mat.meta","EC7792BE73AB760CCA4D82B36675F541F4AB911E7B53097B6C0DF255DCF7B6F1"
"C:\Users\PC\Dragon_Tower\Assets\Eric VFX Studio\Resource\Materials\M_Glow_01C_Builtin.mat","B71B65861A0EABF323084170AD4FBC80FDA8F2717C7B83EAFD880D224FC28DCC"
"C:\Users\PC\Dragon_Tower\Assets\Eric VFX Studio\Resource\Materials\M_Glow_01C_Builtin.mat.meta","2BCE9A616B922D7A4C7A2CC0A7265C6A3B3986726D1199BAB67BDE8FF80F1E87"
"C:\Users\PC\Dragon_Tower\Assets\Eric VFX Studio\Resource\Materials\M_Glow_01C.mat","C27343025CD09D7F809DFF60ADFFDF77D053C5CB5D796D7E0031BCD46B71EEC5"
"C:\Users\PC\Dragon_Tower\Assets\Eric VFX Studio\Resource\Materials\M_Glow_01C.mat.meta","1DD59CADD6D2DE65E46C6B172FC17E035551ADE5A1A3E2E423B8AD122B5836AC"
"C:\Users\PC\Dragon_Tower\Assets\Eric VFX Studio\Resource\Materials\mask_25_Builtin.mat","425A9488A0F67633DAE6A4E68212250C78460925F3EA3F5E6C6995A2DA5C80E7"
"C:\Users\PC\Dragon_Tower\Assets\Eric VFX Studio\Resource\Materials\mask_25_Builtin.mat.meta","AA72FDA44021CA1EDCB7F2969AACFB7BB967E7B440A411F3D4B958A4B16F8CA9"
"C:\Users\PC\Dragon_Tower\Assets\Eric VFX Studio\Resource\Materials\mask_25.mat","108273E6C098E144EBA2FDB9AF6F39D2F21B1DD0715EB92031565F40BEB06F3F"
"C:\Users\PC\Dragon_Tower\Assets\Eric VFX Studio\Resource\Materials\mask_25.mat.meta","22E7382576D6C7CFFE0858D5C65350DF78E94C9755C19974274625EF6B92ED2F"
"C:\Users\PC\Dragon_Tower\Assets\Eric VFX Studio\Resource\Materials\mask_white_Builtin.mat","7A61EB3A0D0B4DCCFED1E65A4E422EAA77BB54DC8D08E70EDA5B710AAD4AC3A8"
"C:\Users\PC\Dragon_Tower\Assets\Eric VFX Studio\Resource\Materials\mask_white_Builtin.mat.meta","AC5A0EFDBA7C9C3D4D5F6F7534DE1BE9E0DD633DCDFD1C92B177C4A7E8605F75"
"C:\Users\PC\Dragon_Tower\Assets\Eric VFX Studio\Resource\Materials\mask_white.mat","E5E68A7419BC929676CFA8C7F96952AAA58E685102D8A8CC313D542A68C875D3"
"C:\Users\PC\Dragon_Tower\Assets\Eric VFX Studio\Resource\Materials\mask_white.mat.meta","4AD151FFDABA0AC84719557176E6F65C3C6BC92179EDB272EE29BE878ADFD5C2"
"C:\Users\PC\Dragon_Tower\Assets\Eric VFX Studio\Resource\Materials\mat_vfx-ult_particle_02_Builtin.mat","C5483A6C73E9EA031F651DA52AA4984EF35507CD5185ED0BD2FB0FC3378BCD4C"
"C:\Users\PC\Dragon_Tower\Assets\Eric VFX Studio\Resource\Materials\mat_vfx-ult_particle_02_Builtin.mat.meta","F175968798EB363A5A7B2BEADFFDBACD6652C6D11B0D057187F8C33A2D96EABE"
"C:\Users\PC\Dragon_Tower\Assets\Eric VFX Studio\Resource\Materials\mat_vfx-ult_particle_02.mat","7E77B5B05321B9A2169D1C80D492BDD27057F0B482369A397205249DD0417FE3"
"C:\Users\PC\Dragon_Tower\Assets\Eric VFX Studio\Resource\Materials\mat_vfx-ult_particle_02.mat.meta","06BC5AD8AD1BFD6A880A2DA78CCFC441A7A7FA33D37E39A7F73C3E58C2F293BE"
"C:\Users\PC\Dragon_Tower\Assets\Eric VFX Studio\Resource\Materials\orange_uvnoise_Builtin.mat","A9119E582183982D66A502130B9B198B1696BDE12EF6298EBAFB732DABF8A314"
"C:\Users\PC\Dragon_Tower\Assets\Eric VFX Studio\Resource\Materials\orange_uvnoise_Builtin.mat.meta","43ECC6BB06C8D2E02B29087AC1E5A121291D5D5C9E8EE4DD722C4939912C7A23"
"C:\Users\PC\Dragon_Tower\Assets\Eric VFX Studio\Resource\Materials\orange_uvnoise_W02_Builtin.mat","1D1B3654A9FAEE753E234567621A301479AA0C57E6F10DC7E91636486A4B4975"
"C:\Users\PC\Dragon_Tower\Assets\Eric VFX Studio\Resource\Materials\orange_uvnoise_W02_Builtin.mat.meta","8BC10610FBC09403B72B8D064AF217102F8CF4A54658C261F5E0EA07F38B8B0D"
"C:\Users\PC\Dragon_Tower\Assets\Eric VFX Studio\Resource\Materials\orange_uvnoise_W02.mat","DE07108D1386B65C0312E1EDDA741216B75ED483B6130F28E5268B2ADE78E0A9"
"C:\Users\PC\Dragon_Tower\Assets\Eric VFX Studio\Resource\Materials\orange_uvnoise_W02.mat.meta","72E74250DD40A5B9B15C58F8DDCEE23404FCD93F9D54B1817C50A84C7970F524"
"C:\Users\PC\Dragon_Tower\Assets\Eric VFX Studio\Resource\Materials\orange_uvnoise_W03_Builtin.mat","9685E3B4919F66F31B826F68598B5806DA88F7E22F6436C96062DB837D226D2D"
"C:\Users\PC\Dragon_Tower\Assets\Eric VFX Studio\Resource\Materials\orange_uvnoise_W03_Builtin.mat.meta","78EB1CE8CB3EB142AB6076B6D9BBDDFA966239B3730FC529A3DB17B329ED7E0A"
"C:\Users\PC\Dragon_Tower\Assets\Eric VFX Studio\Resource\Materials\orange_uvnoise_W03.mat","C9A81B1AB6A7F2F929390D2EDE5A58BCD96EDC18B9DC111DA384A1F5936EF7B3"
"C:\Users\PC\Dragon_Tower\Assets\Eric VFX Studio\Resource\Materials\orange_uvnoise_W03.mat.meta","E833F456329EEF329F554179248B02EE86A9549A7774D6739FDE8CF7BC46DEE2"
"C:\Users\PC\Dragon_Tower\Assets\Eric VFX Studio\Resource\Materials\orange_uvnoise.mat","185710748596D60E57E4ECD00EDB6490177DC6B2635E9A7AA28DBE094D3534EE"
"C:\Users\PC\Dragon_Tower\Assets\Eric VFX Studio\Resource\Materials\orange_uvnoise.mat.meta","9A617C9EF98A1BF14DE2D96D35E9B20D44D37ECAF5D66E577096FA3E458F1853"
"C:\Users\PC\Dragon_Tower\Assets\Eric VFX Studio\Resource\Materials\parry_new_d_sheet_2_Builtin.mat","1CCCFD7C14E51B5938736FEE7DE34542B44965FF85722C0757450C34F70739A4"
"C:\Users\PC\Dragon_Tower\Assets\Eric VFX Studio\Resource\Materials\parry_new_d_sheet_2_Builtin.mat.meta","47EDAABA946FDDBC3F7837A3F43F84B79BA1D087634E8949E994C8935FD54C33"
"C:\Users\PC\Dragon_Tower\Assets\Eric VFX Studio\Resource\Materials\parry_new_d_sheet_2_orange_Builtin.mat","6212CEB23F08AC0B93FF2069F2575E8480E8BDE3C35D9E623F820C44AB669C44"
"C:\Users\PC\Dragon_Tower\Assets\Eric VFX Studio\Resource\Materials\parry_new_d_sheet_2_orange_Builtin.mat.meta","FE2A5578D1474E38B653A08CE47E59D4431F14B6959C196166B16D45E38F13E4"
"C:\Users\PC\Dragon_Tower\Assets\Eric VFX Studio\Resource\Materials\parry_new_d_sheet_2_orange.mat","B38B2E50CFCD9D3019B51DD2C74FDAA58E5ABDEFB4F7CB143ACF2954DA7E6940"
"C:\Users\PC\Dragon_Tower\Assets\Eric VFX Studio\Resource\Materials\parry_new_d_sheet_2_orange.mat.meta","A044BBFD55CA1A1DBAAE9BE7D8C48EF213333F97A027D09FEB52918314BF3543"
"C:\Users\PC\Dragon_Tower\Assets\Eric VFX Studio\Resource\Materials\parry_new_d_sheet_2.mat","86590CDB827F8FFC69B7F3913EC52C9FE2F0A34A4B4B0E8D06AD30C425D106C7"
"C:\Users\PC\Dragon_Tower\Assets\Eric VFX Studio\Resource\Materials\parry_new_d_sheet_2.mat.meta","38554CD75302C49CE23EB6AA99ADEBBDDB27E253B3C36D93F47AE017663DF102"
"C:\Users\PC\Dragon_Tower\Assets\Eric VFX Studio\Resource\Materials\partcile_01_Builtin.mat","65FD6DAE64825ACFA665D33C30F26E1CAE77C1E34F016A9C82F67C98F5176602"
"C:\Users\PC\Dragon_Tower\Assets\Eric VFX Studio\Resource\Materials\partcile_01_Builtin.mat.meta","53A3341F722BEA2FCEA756052B1785399DD062BA5B2FFC62831BD1AED4931216"
"C:\Users\PC\Dragon_Tower\Assets\Eric VFX Studio\Resource\Materials\partcile_01.mat","906A07D419C412019479413EA2BFE7A17F4BC1CB572C1C4D26908FD141311D75"
"C:\Users\PC\Dragon_Tower\Assets\Eric VFX Studio\Resource\Materials\partcile_01.mat.meta","216F083269CA49B7D6B7900E1B797B6EB938024BB572FFD77BB07A9FDE3C50D1"
"C:\Users\PC\Dragon_Tower\Assets\Eric VFX Studio\Resource\Materials\Particle_Circle_17x_Builtin.mat","7B9A2EE90086EBA29152B0CE3DA6B639367F68EEC908A086978774539E075602"
"C:\Users\PC\Dragon_Tower\Assets\Eric VFX Studio\Resource\Materials\Particle_Circle_17x_Builtin.mat.meta","E6473ADE9797E08E5E5865B21D72793DF037CEBBDD4ABE6221BA86C9624B57EF"
"C:\Users\PC\Dragon_Tower\Assets\Eric VFX Studio\Resource\Materials\Particle_Circle_17x.mat","29BD8063C14B9B9360E09C3FD0AD69F23C7A3E0C27032DCC69C79BE4958F7FEA"
"C:\Users\PC\Dragon_Tower\Assets\Eric VFX Studio\Resource\Materials\Particle_Circle_17x.mat.meta","90A41B1991EAC0734F9A3E98FD8644347F3EC0E6854D7ECC3C88AEAE5B104DB0"
"C:\Users\PC\Dragon_Tower\Assets\Eric VFX Studio\Resource\Materials\particle_sprite_01_Builtin.mat","2D6AF5C47189456F6C911E56107E50A662195D705AD81BB94D76402BDD2D7764"
"C:\Users\PC\Dragon_Tower\Assets\Eric VFX Studio\Resource\Materials\particle_sprite_01_Builtin.mat.meta","ECDE76ED136A2D87DCAE4E4ADBD212CAD671D9CF9247A484542EB7510CFC8AA2"
"C:\Users\PC\Dragon_Tower\Assets\Eric VFX Studio\Resource\Materials\particle_sprite_01.mat","B1208B1FDBA88F6CD01FE2B77336FC3091B6A53C5EA2C8641077BF6DEC206531"
"C:\Users\PC\Dragon_Tower\Assets\Eric VFX Studio\Resource\Materials\particle_sprite_01.mat.meta","A3C2A9860B9E3A716C1340DA1CDB2E94AA588B7C2EFD9358953B0F3CB4907F6F"
"C:\Users\PC\Dragon_Tower\Assets\Eric VFX Studio\Resource\Materials\point_03_Builtin.mat","EFAF10AC00303B2F2BA937DBCC9241D8D583D27C3D1848CAE70C515C9A2379EA"
"C:\Users\PC\Dragon_Tower\Assets\Eric VFX Studio\Resource\Materials\point_03_Builtin.mat.meta","1FC717D9D24BFCBF1D3908AF55A343201808308252E08A23405E9A8504E2EC4A"
"C:\Users\PC\Dragon_Tower\Assets\Eric VFX Studio\Resource\Materials\point_03.mat","B962504723DBFE12B01AE0BBE404D38BBDC6F7B8EBF9F5F65F0C9962D1292018"
"C:\Users\PC\Dragon_Tower\Assets\Eric VFX Studio\Resource\Materials\point_03.mat.meta","9CCF6EE7D73BD63341142717BAE14BF6BFED75B4C58880EE7B81D342E52D481B"
"C:\Users\PC\Dragon_Tower\Assets\Eric VFX Studio\Resource\Materials\point_04_Builtin.mat","2F79003E5204ADF4FA631271928E7DEEFF0301E171B01602630252BC5D3FD284"
"C:\Users\PC\Dragon_Tower\Assets\Eric VFX Studio\Resource\Materials\point_04_Builtin.mat.meta","DC8F3788338493DBFDE7E89B142BD14DD7BE4C1E8C94C3F9C07889491EF40DF8"
"C:\Users\PC\Dragon_Tower\Assets\Eric VFX Studio\Resource\Materials\point_04.mat","8DBA4297EFB1F05D39775EEA07D5945F6BC0B8226055CC0E8E1DC43AAED23CF9"
"C:\Users\PC\Dragon_Tower\Assets\Eric VFX Studio\Resource\Materials\point_04.mat.meta","1A7D7E5BAD9C882C4842F87F0F9449051F8FF07E07D888BF3D609BC7801E46CB"
"C:\Users\PC\Dragon_Tower\Assets\Eric VFX Studio\Resource\Materials\point_11_x_Builtin.mat","64952460664CD8DCF058ACBAAF1FDB3FC1EB613DE03816EB51716C3FDC96A7AD"
"C:\Users\PC\Dragon_Tower\Assets\Eric VFX Studio\Resource\Materials\point_11_x_Builtin.mat.meta","619E879B4DBC0B8459592BAA2BCD260528020FD5B41E3D31211306101D304DB4"
"C:\Users\PC\Dragon_Tower\Assets\Eric VFX Studio\Resource\Materials\point_11_x.mat","587724BE48609CC2D66EAB43EB7D55390CEBA45F69B76321E3434F755AB3666B"
"C:\Users\PC\Dragon_Tower\Assets\Eric VFX Studio\Resource\Materials\point_11_x.mat.meta","B2EAF8BA1DFE7DDA7063FC3DBC3B73A3BAA427EFECF99F84EA16E111CEFD1A83"
"C:\Users\PC\Dragon_Tower\Assets\Eric VFX Studio\Resource\Materials\poison_dot_purple_sheet_Builtin.mat","6A33303FCEEDB2E79C753C8728E99EEB082C36DB8FF4A05642142FA6B5BF016E"
"C:\Users\PC\Dragon_Tower\Assets\Eric VFX Studio\Resource\Materials\poison_dot_purple_sheet_Builtin.mat.meta","659DFF7D4567FCF901F610E35FC909C8EFEA72C4522AB153A012B96577486CA6"
"C:\Users\PC\Dragon_Tower\Assets\Eric VFX Studio\Resource\Materials\poison_dot_purple_sheet.mat","60D5A760140486FBB5DEBE11DEE6AADDF3AF9ED9D155DB8D2E95A27A54E150ED"
"C:\Users\PC\Dragon_Tower\Assets\Eric VFX Studio\Resource\Materials\poison_dot_purple_sheet.mat.meta","57E28CAACD1DD7F3D6EDBE5135779BBC89C6369B680FAAA44D5EB28E07A0FFB3"
"C:\Users\PC\Dragon_Tower\Assets\Eric VFX Studio\Resource\Materials\public_smoke_03_D_Builtin.mat","E4D10F148187C057A81E82697C27E7BC32EA0AC4438255290D0340E4C8DC5BBB"
"C:\Users\PC\Dragon_Tower\Assets\Eric VFX Studio\Resource\Materials\public_smoke_03_D_Builtin.mat.meta","6F7FA642C2CAD7B838540F259909A9E6ED7D4255CEAF2EB2AE933987EBF53C52"
"C:\Users\PC\Dragon_Tower\Assets\Eric VFX Studio\Resource\Materials\public_smoke_03_D.mat","BD87F9FEED1B6948BEC2834A9E49F1706883B1F14542E25F03EDE35BFBF6DC58"
"C:\Users\PC\Dragon_Tower\Assets\Eric VFX Studio\Resource\Materials\public_smoke_03_D.mat.meta","E115875921389C092BEE79BFDCAEAD4F64306DBDFEB729CA22D614E087FD32CA"
"C:\Users\PC\Dragon_Tower\Assets\Eric VFX Studio\Resource\Materials\Pulse_Smoke 3_Builtin.mat","F7EB2D4DD863C53D309368548E2B93204903FB7E8563E6D4B032E0D2A17535C6"
"C:\Users\PC\Dragon_Tower\Assets\Eric VFX Studio\Resource\Materials\Pulse_Smoke 3_Builtin.mat.meta","9F9FAA5B7CC67992FD03C737084A96B398F295C8F3C4EFA1F581A164D56D2266"
"C:\Users\PC\Dragon_Tower\Assets\Eric VFX Studio\Resource\Materials\Pulse_Smoke 3.mat","80D6D5A086656BB2565BD93626AC2A2CC0F8A5299D68EA91D9A2B919437E00C7"
"C:\Users\PC\Dragon_Tower\Assets\Eric VFX Studio\Resource\Materials\Pulse_Smoke 3.mat.meta","50FF38ACD12954A09AA8EE6E0814D7DC46B9CCF7B72F82C7E403236866975148"
"C:\Users\PC\Dragon_Tower\Assets\Eric VFX Studio\Resource\Materials\punch_flash_sheet 1_Builtin.mat","FFD563DE78754D39C03390FA295F40D81207E4D4121B196EE606E4111BA37B93"
"C:\Users\PC\Dragon_Tower\Assets\Eric VFX Studio\Resource\Materials\punch_flash_sheet 1_Builtin.mat.meta","91D6A0E9B027D89B10F1F5BDD1FB3D31D131AE3F04689B6C1E6D42B52BA5ABFC"
"C:\Users\PC\Dragon_Tower\Assets\Eric VFX Studio\Resource\Materials\punch_flash_sheet 1.mat","65B4BB8D353EFC36401A4FFC30B83A3FF9D57C7039D26E90DFB6DC2A977ED1F2"
"C:\Users\PC\Dragon_Tower\Assets\Eric VFX Studio\Resource\Materials\punch_flash_sheet 1.mat.meta","60B584CFAF14F8C3B348C5611197FF7792A73AECE1C1490686BBA50A6A47D22A"
"C:\Users\PC\Dragon_Tower\Assets\Eric VFX Studio\Resource\Materials\purple_flash_W01_Builtin.mat","0E1FF2E6784B2EFEA82BD121A0AC5A8F32B304D63B1BF341CFBF3B2703BB863D"
"C:\Users\PC\Dragon_Tower\Assets\Eric VFX Studio\Resource\Materials\purple_flash_W01_Builtin.mat.meta","4FAC3D03707BAE3D4FDEA218DF735F49B5BDB1F38684AF0BB01F66D422C26D92"
"C:\Users\PC\Dragon_Tower\Assets\Eric VFX Studio\Resource\Materials\purple_flash_W01.mat","D030C84306AB17F6595D2E5847502C9256C29C99F6E26245BD147E241A4E07D9"
"C:\Users\PC\Dragon_Tower\Assets\Eric VFX Studio\Resource\Materials\purple_flash_W01.mat.meta","33231A40A7858F849C8B2CBE11F13595D49E4C6FDCCC1661BE2016522197B6B1"
"C:\Users\PC\Dragon_Tower\Assets\Eric VFX Studio\Resource\Materials\qiliu 2_Builtin.mat","535ED1269C74E23B501D0380002979ACD75556B6E767CFB1177EE49AEBF5B3C1"
"C:\Users\PC\Dragon_Tower\Assets\Eric VFX Studio\Resource\Materials\qiliu 2_Builtin.mat.meta","433DA639F1A5A6C5D9239E6BF157EF2391DFC74F6E2E0E0688362BFEA14EFC20"
"C:\Users\PC\Dragon_Tower\Assets\Eric VFX Studio\Resource\Materials\qiliu 2.mat","D36C83AF34180E35098953930A719C542011853DFBE71BFF1DCAE541955FDD5B"
"C:\Users\PC\Dragon_Tower\Assets\Eric VFX Studio\Resource\Materials\qiliu 2.mat.meta","1349AE5ABEBA48BFC8E0543876F47BE47785F31AAC5BE5D3F2BB4DE7627ECE68"
"C:\Users\PC\Dragon_Tower\Assets\Eric VFX Studio\Resource\Materials\rainbow_Builtin.mat","1C5A9DF3A254DD0FB1D34CC637CB546CA4898BBAAA4A7DCA8F47D146F604D289"
"C:\Users\PC\Dragon_Tower\Assets\Eric VFX Studio\Resource\Materials\rainbow_Builtin.mat.meta","F8CF843DE18CB4C313383713BFCFF7CE8F74A958FD4B833E9FE9E2CC430D221D"
"C:\Users\PC\Dragon_Tower\Assets\Eric VFX Studio\Resource\Materials\rainbow.mat","7D449FF55C2CF00867914979F77CF038E6197EB45F5C70315F7D0AAA145EBAE7"
"C:\Users\PC\Dragon_Tower\Assets\Eric VFX Studio\Resource\Materials\rainbow.mat.meta","B48DFB151E13401306FDF7B9D31705A1B7CDDB2F46760E1F3F475DA9B3E2610B"
"C:\Users\PC\Dragon_Tower\Assets\Eric VFX Studio\Resource\Materials\ray_01_Builtin.mat","8C85CCEAFC7440B84B153CA4C60C5B8B25CF9C370B1AF9F1725CE4154DFEAD6D"
"C:\Users\PC\Dragon_Tower\Assets\Eric VFX Studio\Resource\Materials\ray_01_Builtin.mat.meta","AEFBFD2E354324DF69E4806B90D12339D676CDDDE80D0FF69E0F3DEF2A188B0C"
"C:\Users\PC\Dragon_Tower\Assets\Eric VFX Studio\Resource\Materials\ray_01.mat","72B788F8098D2E8A87B8A4787F20587CC9EAEB266711DFFD1A21CC06DA5B2294"
"C:\Users\PC\Dragon_Tower\Assets\Eric VFX Studio\Resource\Materials\ray_01.mat.meta","6EFBA1D60A6DC10A6E7BCF4CE330A165721DEBEF9920213EE6C3B9DE351E9471"
"C:\Users\PC\Dragon_Tower\Assets\Eric VFX Studio\Resource\Materials\Rays_02_Builtin.mat","351AC98D5B6474F681244AE9F24E0ACF085AB4C6E0B761C6AE49C8E7CDDAEB9A"
"C:\Users\PC\Dragon_Tower\Assets\Eric VFX Studio\Resource\Materials\Rays_02_Builtin.mat.meta","8F3C90A201603200EA763AF5293A6C3203010A0C70DC46E927D45DF5A2908D7A"
"C:\Users\PC\Dragon_Tower\Assets\Eric VFX Studio\Resource\Materials\Rays_02.mat","F0B98BCDA54E21EFE0A8BBBC6F50C91F5828508A934B9D38C38E2501532178C4"
"C:\Users\PC\Dragon_Tower\Assets\Eric VFX Studio\Resource\Materials\Rays_02.mat.meta","1652669CDF6BED581EDEAE9708F4787CFEB35A5CFBB7DF0158CD5627FE2B5A66"
"C:\Users\PC\Dragon_Tower\Assets\Eric VFX Studio\Resource\Materials\ressurection_lines_sheet_blue_Builtin.mat","6A5AFF792D07D939AE425D60BD4DDA94E2B7F791FF729698FFBB693E3B46E931"
"C:\Users\PC\Dragon_Tower\Assets\Eric VFX Studio\Resource\Materials\ressurection_lines_sheet_blue_Builtin.mat.meta","0FCB795EF6D83E3996C06A9D234E6A27A504C71826D80F644C4B56773D07638A"
"C:\Users\PC\Dragon_Tower\Assets\Eric VFX Studio\Resource\Materials\ressurection_lines_sheet_blue.mat","EE55D693308174FFF43DE6345BF4AB7EF8A2A487B994F16265B3FA8FF6537246"
"C:\Users\PC\Dragon_Tower\Assets\Eric VFX Studio\Resource\Materials\ressurection_lines_sheet_blue.mat.meta","C346CB0698BB7D4F9EF2F9F73C9F36D44F5C0AB32392406C8B50A98287C1BF08"
"C:\Users\PC\Dragon_Tower\Assets\Eric VFX Studio\Resource\Materials\ressurection_lines_sheet_Builtin.mat","EC97AAEECFFBEB72EA5D750782DC3F6334423F01B7EB0D9FE7B8AAB75182A9C6"
"C:\Users\PC\Dragon_Tower\Assets\Eric VFX Studio\Resource\Materials\ressurection_lines_sheet_Builtin.mat.meta","78FE698B4578231DC36449EA7BDADFDCD17D7B827E89A47CADCF92D4148F6F83"
"C:\Users\PC\Dragon_Tower\Assets\Eric VFX Studio\Resource\Materials\ressurection_lines_sheet.mat","17441F9FB4B76EB7BBD817B91F05DEABD0CE16C2DD67DFB980ED51E43F6C6D0C"
"C:\Users\PC\Dragon_Tower\Assets\Eric VFX Studio\Resource\Materials\ressurection_lines_sheet.mat.meta","96F246FB2B9BA76975212618A6E66FDAFFF8E3A231105404E9CF8C4A4B6F6247"
"C:\Users\PC\Dragon_Tower\Assets\Eric VFX Studio\Resource\Materials\ring_03_Builtin.mat","03CFBAFB111DFD03DF3BA9516A9259DEEB40DF0D45D1A7619D2CE5C14285CB4A"
"C:\Users\PC\Dragon_Tower\Assets\Eric VFX Studio\Resource\Materials\ring_03_Builtin.mat.meta","4B2CCCFAE89DAE1F7E8EFDE1D61CD4D25273773750F82E3FE9333C471DAB079E"
"C:\Users\PC\Dragon_Tower\Assets\Eric VFX Studio\Resource\Materials\ring_03.mat","D8C899253AA626517B56A95A073FC2DF77A1FFEA4E51F90B24EEFDE9B9E3EE4A"
"C:\Users\PC\Dragon_Tower\Assets\Eric VFX Studio\Resource\Materials\ring_03.mat.meta","3BF9B10E7DCF3E78249F5F7CE193876858EE273EF986A1856608B3CA2F053ADE"
"C:\Users\PC\Dragon_Tower\Assets\Eric VFX Studio\Resource\Materials\ring_04_Builtin.mat","D229446CD076B768C0FBD7264BE341B3CBDA4CF550866E2D2694F9F6C9C9599B"
"C:\Users\PC\Dragon_Tower\Assets\Eric VFX Studio\Resource\Materials\ring_04_Builtin.mat.meta","536638F2AB37A5EF9D2ABAA8491F1C0BCDCEA90C7B4E1ABFA64CAB12304C9B94"
"C:\Users\PC\Dragon_Tower\Assets\Eric VFX Studio\Resource\Materials\ring_04.mat","3A7500FEA54A260B53AD081210489BEB9B81BF91C4887A081D9F997D63C41414"
"C:\Users\PC\Dragon_Tower\Assets\Eric VFX Studio\Resource\Materials\ring_04.mat.meta","986D9048CB2C248F7979F5874862ACC33948E17A85B93A9BB23F4519C8A431A4"
"C:\Users\PC\Dragon_Tower\Assets\Eric VFX Studio\Resource\Materials\ring_07_Builtin.mat","EFE8E828FCFEF8DAA08F7884851C8FDDB9F077287E005EEEEE7802C1CEAA2A7A"
"C:\Users\PC\Dragon_Tower\Assets\Eric VFX Studio\Resource\Materials\ring_07_Builtin.mat.meta","FC82213ECB51C1946E4C91BECAFD38132B532BBA233512FFB7878F1C7FA97587"
"C:\Users\PC\Dragon_Tower\Assets\Eric VFX Studio\Resource\Materials\ring_07.mat","2D48B95B789C38E62DBB7DF8AAFFFB72231A1146D96A34A7B6DDDE16E774017D"
"C:\Users\PC\Dragon_Tower\Assets\Eric VFX Studio\Resource\Materials\ring_07.mat.meta","10E1E964D688F6F298AFE95493D5B28493A3A8ADC5B24CB9C1A850C33AB42F64"
"C:\Users\PC\Dragon_Tower\Assets\Eric VFX Studio\Resource\Materials\ring_10_Builtin.mat","B980ECF16472636E420A648F90EB0DF57C67247AAEF71BB43F544B74E5FB4E81"
"C:\Users\PC\Dragon_Tower\Assets\Eric VFX Studio\Resource\Materials\ring_10_Builtin.mat.meta","A534C8FC6F3AB4B666FBDC340C7EA97155B7421175D847E95567147A53396455"
"C:\Users\PC\Dragon_Tower\Assets\Eric VFX Studio\Resource\Materials\ring_10.mat","7BFC04B0EC5734264F7EBC5E91EC6F1D3ADAF2BFDCF81049EB3CF90AE12210BC"
"C:\Users\PC\Dragon_Tower\Assets\Eric VFX Studio\Resource\Materials\ring_10.mat.meta","DB4296623601E636E2D7A863F923DD1C835376A9B37BB672862F0C6B0C92B7D0"
"C:\Users\PC\Dragon_Tower\Assets\Eric VFX Studio\Resource\Materials\ring_14b_W01_Builtin.mat","6059D0B5ECE51FAA3E660B36F82271F31A3840A68AEA65037747B89D494785D0"
"C:\Users\PC\Dragon_Tower\Assets\Eric VFX Studio\Resource\Materials\ring_14b_W01_Builtin.mat.meta","21A90ED805F6BF26D135093A749456025486623A7687D222894EBC3B0B271699"
"C:\Users\PC\Dragon_Tower\Assets\Eric VFX Studio\Resource\Materials\ring_14b_W01.mat","7DACCB863A9352D9851CF050D6B6768FA1A5699A492338A2A10FBF07B313C056"
"C:\Users\PC\Dragon_Tower\Assets\Eric VFX Studio\Resource\Materials\ring_14b_W01.mat.meta","DF752A5EC23DCD5BC53213D3B3B6F12DEADE16092FC0E92E096E9AB20A605E5F"
"C:\Users\PC\Dragon_Tower\Assets\Eric VFX Studio\Resource\Materials\ring_19_Builtin.mat","96233DCDFD8C9B4D13851F6C93388BBD9F1A234AA97414CDABECA3490A2F00D3"
"C:\Users\PC\Dragon_Tower\Assets\Eric VFX Studio\Resource\Materials\ring_19_Builtin.mat.meta","D19657034D37F3C151082835ED79FE84C8AAEB6704CC7C1C60DC87E151D813D6"
"C:\Users\PC\Dragon_Tower\Assets\Eric VFX Studio\Resource\Materials\ring_19.mat","C484210911E952F8819C23CB9BC3542223BA343DACB44A88F9E05F75817C2859"
"C:\Users\PC\Dragon_Tower\Assets\Eric VFX Studio\Resource\Materials\ring_19.mat.meta","BC592D8B36FC3A6F692B90CA144C53B5679B2FABF56418B3F339B873F8890167"
"C:\Users\PC\Dragon_Tower\Assets\Eric VFX Studio\Resource\Materials\ring_38_Builtin.mat","11A71985862B1241699E3098CBD7AEE69B56A541582567DD6735449BA462C63A"
"C:\Users\PC\Dragon_Tower\Assets\Eric VFX Studio\Resource\Materials\ring_38_Builtin.mat.meta","6BD8AA3623712E5A74AE44B353E13158CBA847EB9C862A72A5A8A7FF6D6885CD"
"C:\Users\PC\Dragon_Tower\Assets\Eric VFX Studio\Resource\Materials\ring_38.mat","365ADBE19027B75D0F726F134C0B46A26A1E75849FAA471A7032C6805B3E370C"
"C:\Users\PC\Dragon_Tower\Assets\Eric VFX Studio\Resource\Materials\ring_38.mat.meta","2F42B1970FDE845CC644D5484377016A17E08FB6C3B0C1383C04C3C2173E1F2F"
"C:\Users\PC\Dragon_Tower\Assets\Eric VFX Studio\Resource\Materials\ring_40_y_Builtin.mat","FE3E1CFAD9B852F234033AEE0203FD08669176793E52411C56952FBB3EEBB4D0"
"C:\Users\PC\Dragon_Tower\Assets\Eric VFX Studio\Resource\Materials\ring_40_y_Builtin.mat.meta","F640304291DA59AD720F4623BB25D021DA625F4278FD36719EBE1DDD17FFAD75"
"C:\Users\PC\Dragon_Tower\Assets\Eric VFX Studio\Resource\Materials\ring_40_y.mat","689A8E7635DF0A092E3AF168FFED8431ED90BCE2B8B214EC3681047C64F940A0"
"C:\Users\PC\Dragon_Tower\Assets\Eric VFX Studio\Resource\Materials\ring_40_y.mat.meta","A475A32D01AA7056022473319B9F9891E4B6EB234488E0BF827880839BBD7DA6"
"C:\Users\PC\Dragon_Tower\Assets\Eric VFX Studio\Resource\Materials\ring_52_Builtin.mat","519A6434B407BDD166C39CE349FCC3B44065EE63B125311738D77D96DE76DAC2"
"C:\Users\PC\Dragon_Tower\Assets\Eric VFX Studio\Resource\Materials\ring_52_Builtin.mat.meta","150FA41F299F3C0476993C5E7F78EEAFFBEB590E21A8479430766450CBB81A1A"
"C:\Users\PC\Dragon_Tower\Assets\Eric VFX Studio\Resource\Materials\ring_52.mat","072FB1C25056C15505DD18A9D6D814E73DFAE76F4DC75DE36A81D0299E4AC447"
"C:\Users\PC\Dragon_Tower\Assets\Eric VFX Studio\Resource\Materials\ring_52.mat.meta","6D74D12AEF41ECD2F6AE07460EF768CE46367F65B27382556B880463684D2267"
"C:\Users\PC\Dragon_Tower\Assets\Eric VFX Studio\Resource\Materials\ring_60_Builtin.mat","DCAD411A610CF0B6A3EA5023F206FBC94F799DB1DA3C4693566D950B70E03897"
"C:\Users\PC\Dragon_Tower\Assets\Eric VFX Studio\Resource\Materials\ring_60_Builtin.mat.meta","CBA0B4E62891D5450BC5932801F7E3B51AF174C778501AD1F20B98C81B8CBBDA"
"C:\Users\PC\Dragon_Tower\Assets\Eric VFX Studio\Resource\Materials\ring_60.mat","4025692A31DACA974DE18BE97312E1BDCD943812B2C604C7AAAB338684AB7276"
"C:\Users\PC\Dragon_Tower\Assets\Eric VFX Studio\Resource\Materials\ring_60.mat.meta","EC0E2C5E0D8A67C59BF8BED53A42EB2CCC1731008BD782278CF84C65D06BA22F"
"C:\Users\PC\Dragon_Tower\Assets\Eric VFX Studio\Resource\Materials\ring_C001_Builtin.mat","90EF37E0884546128B3A30D19682FA00FD3B834566D05B0B59FC8BB116E358EE"
"C:\Users\PC\Dragon_Tower\Assets\Eric VFX Studio\Resource\Materials\ring_C001_Builtin.mat.meta","FDFC1C1D528EDB8EDF508E30F46EE519CCFC4F94DF656E57B2FEAACD3E43CB20"
"C:\Users\PC\Dragon_Tower\Assets\Eric VFX Studio\Resource\Materials\ring_C001.mat","31B4B2E75F676464CAC3712BD508DE3B28D8DC4BF136D8ED357C0C7F2B70174B"
"C:\Users\PC\Dragon_Tower\Assets\Eric VFX Studio\Resource\Materials\ring_C001.mat.meta","3EC1817F0BBB2839CD56B5CAE43B57D409BBCC36A54BA2037AB4534CC0DA8DB6"
"C:\Users\PC\Dragon_Tower\Assets\Eric VFX Studio\Resource\Materials\ring_green 1_Builtin.mat","F9321BBF4DA78EF47137043402EED4ED0306BA3D3EA2582C27D2736011D6F0F0"
"C:\Users\PC\Dragon_Tower\Assets\Eric VFX Studio\Resource\Materials\ring_green 1_Builtin.mat.meta","A1B1C1532AA11949A8F6466F73C86F4F4B97768B10D90E94A70ADAC01C60010E"
"C:\Users\PC\Dragon_Tower\Assets\Eric VFX Studio\Resource\Materials\ring_green 1.mat","C2DCCAC24802BF858DC0F17A45B77E4B6C24A8FE487610BBAA048A2A2643648F"
"C:\Users\PC\Dragon_Tower\Assets\Eric VFX Studio\Resource\Materials\ring_green 1.mat.meta","D2D7EE8F4A68B3682AEA616E92735707B5DC790797E3D553276DC8C5C2A58334"
"C:\Users\PC\Dragon_Tower\Assets\Eric VFX Studio\Resource\Materials\ring_xz_Builtin.mat","975ECD0F41D3B897CEF4D983EF6225C3DB9C8BB6964833DCB40C953A59FA615C"
"C:\Users\PC\Dragon_Tower\Assets\Eric VFX Studio\Resource\Materials\ring_xz_Builtin.mat.meta","26F9203F7129D4442C55BE2EBEEA13904A166561C09DE63D196AA37C3407708D"
"C:\Users\PC\Dragon_Tower\Assets\Eric VFX Studio\Resource\Materials\ring_xz.mat","D8EB55CFFD83990CD1BE55B62BAD3AFDBB2F67044DD83CD06DCE5E87E331DEB4"
"C:\Users\PC\Dragon_Tower\Assets\Eric VFX Studio\Resource\Materials\ring_xz.mat.meta","8A95BFA0E5E510FD723153746061F73C94EC2B484E13022A7F305C8EAA7E747B"
"C:\Users\PC\Dragon_Tower\Assets\Eric VFX Studio\Resource\Materials\ring01_09_Builtin.mat","5ABB281991337C6822375747449EEFE5EECAA09192D1E3ECB415F5E393019F7E"
"C:\Users\PC\Dragon_Tower\Assets\Eric VFX Studio\Resource\Materials\ring01_09_Builtin.mat.meta","3C39170DC4F10040207D4C9B75832D9178900A917ED2F307776D5F75C4DDB20C"
"C:\Users\PC\Dragon_Tower\Assets\Eric VFX Studio\Resource\Materials\ring01_09.mat","E640C0FADEBE7DA4E10D8C8906A35DF5016FE54EAD85241227BBB272256E47B2"
"C:\Users\PC\Dragon_Tower\Assets\Eric VFX Studio\Resource\Materials\ring01_09.mat.meta","D2D6233C48AB3D3B73F8498ED2B94C6E77D9E14931A7C08F604443E34473C408"
"C:\Users\PC\Dragon_Tower\Assets\Eric VFX Studio\Resource\Materials\ring02_00_2_Builtin.mat","117D568B570306725E1F89EEBE4E4433E49AC826A2180689B5D80CF985E76455"
"C:\Users\PC\Dragon_Tower\Assets\Eric VFX Studio\Resource\Materials\ring02_00_2_Builtin.mat.meta","0F93E220BA94BB61F801BD148D189A2E45D9522BA6BC0AFDCB88A56D24751F67"
"C:\Users\PC\Dragon_Tower\Assets\Eric VFX Studio\Resource\Materials\ring02_00_2.mat","9CA4747D15B15710C01981BC6578A04C7A42309BAE69EB53B5DD44B0140A78FB"
"C:\Users\PC\Dragon_Tower\Assets\Eric VFX Studio\Resource\Materials\ring02_00_2.mat.meta","EC60099B14B72691DE51C8134974E2EE8F976F83520780D89271E3A632EFA940"
"C:\Users\PC\Dragon_Tower\Assets\Eric VFX Studio\Resource\Materials\rock02_Builtin.mat","FB13BA177335C55A0E331F07F692ECE0F9B1DDEB9B777A219DED75B1A6D01397"
"C:\Users\PC\Dragon_Tower\Assets\Eric VFX Studio\Resource\Materials\rock02_Builtin.mat.meta","27BAA7BFAA71D1B15C080AD57837020DB6C5A88FD9BA2A6BF7C23491E952636B"
"C:\Users\PC\Dragon_Tower\Assets\Eric VFX Studio\Resource\Materials\rock02.mat","D7843B25CBEE93D12A130B44FC9BE0DBB3A6D7ED05914A058CEA3FA362C9CE53"
"C:\Users\PC\Dragon_Tower\Assets\Eric VFX Studio\Resource\Materials\rock02.mat.meta","AC5CAD4BD7656102FD1499825143B890720FA889FFE7A187149C6C52CB37D14C"
"C:\Users\PC\Dragon_Tower\Assets\Eric VFX Studio\Resource\Materials\Rune_L_Builtin.mat","E1340C3547EFD6B102A0169C493EA13BD1E8863613EAA1F944E95297C50FDD87"
"C:\Users\PC\Dragon_Tower\Assets\Eric VFX Studio\Resource\Materials\Rune_L_Builtin.mat.meta","1319CAF07E5D5FCBEA8DE6E524702477A32A4C5C8B1BE21EEA0FAE605C824FD5"
"C:\Users\PC\Dragon_Tower\Assets\Eric VFX Studio\Resource\Materials\Rune_L.mat","CBEEE8A774FD65C7E094181443AC4656243ADE7CC909FDE633BC611D51F997C2"
"C:\Users\PC\Dragon_Tower\Assets\Eric VFX Studio\Resource\Materials\Rune_L.mat.meta","16F4BAFDF64F3B6BD7814A79BA9F8D0C215C1FCA2793ECC1A53DD6AC9B803475"
"C:\Users\PC\Dragon_Tower\Assets\Eric VFX Studio\Resource\Materials\Rune_L2_Builtin.mat","69D15774A1643F2103DB76E3D8326FB08BE45D7829B9BFB9B32F18319D16E860"
"C:\Users\PC\Dragon_Tower\Assets\Eric VFX Studio\Resource\Materials\Rune_L2_Builtin.mat.meta","297149B1CDD5917BDC4BCEFF789FE49F5E27E530571AD3E6A31DC53646876B16"
"C:\Users\PC\Dragon_Tower\Assets\Eric VFX Studio\Resource\Materials\Rune_L2.mat","FB9C5AD871645BC0E69C147A54E6E6FAAA59122D083F9209B1DF550DF80BBD81"
"C:\Users\PC\Dragon_Tower\Assets\Eric VFX Studio\Resource\Materials\Rune_L2.mat.meta","9FB9A60153204D5BD619809A41C8B44DB0E2DC5AC53597AFC4FA7CB433DDB06E"
"C:\Users\PC\Dragon_Tower\Assets\Eric VFX Studio\Resource\Materials\sd_21a 1_Builtin.mat","878CBF82DD3C2D1CA85830D6AE11B0B33E4FC0AB7C1B8B960331645564D3C81F"
"C:\Users\PC\Dragon_Tower\Assets\Eric VFX Studio\Resource\Materials\sd_21a 1_Builtin.mat.meta","590B219B9C240B65C9ED1D5AB0029C2423479BB34F4D16D78FFEEEE7CF61F557"
"C:\Users\PC\Dragon_Tower\Assets\Eric VFX Studio\Resource\Materials\sd_21a 1.mat","CAB74F8798D91E742E71D026261EE30A1E6B42574E89B0C5DD686E52073C6BA9"
"C:\Users\PC\Dragon_Tower\Assets\Eric VFX Studio\Resource\Materials\sd_21a 1.mat.meta","D5465417D6979363F80A6D8A8827226E9508FB74A042006E92293AE30128861E"
"C:\Users\PC\Dragon_Tower\Assets\Eric VFX Studio\Resource\Materials\selvaria_skill2_02_Builtin.mat","04A99F99642EFF1BB8791ECEA97EE7C09A88EB265C2C2BD1ACE649D18A0420DF"
"C:\Users\PC\Dragon_Tower\Assets\Eric VFX Studio\Resource\Materials\selvaria_skill2_02_Builtin.mat.meta","729E0131D53C96BD427181621CD1B9C98F6F4572904300789EDCE547739545B9"
"C:\Users\PC\Dragon_Tower\Assets\Eric VFX Studio\Resource\Materials\selvaria_skill2_02.mat","1B1786BFF837FB7223D3F7E053B4F382DA0943FA9D65DB2E784D17867658D510"
"C:\Users\PC\Dragon_Tower\Assets\Eric VFX Studio\Resource\Materials\selvaria_skill2_02.mat.meta","C823D8A1A6DD6EAD63B47ED6F1EC20D0367B58FB8AC75548D7980CEF7AB9E1DB"
"C:\Users\PC\Dragon_Tower\Assets\Eric VFX Studio\Resource\Materials\sheep_Builtin.mat","1165B4C52E52AC2D11C416DE3B640F05DA7259146EDC9796D536BF522C9D9046"
"C:\Users\PC\Dragon_Tower\Assets\Eric VFX Studio\Resource\Materials\sheep_Builtin.mat.meta","0BA6632040D49120E3ADFA38E17FCECDF8894AB5981B1B1FB5B59088EB36DAC2"
"C:\Users\PC\Dragon_Tower\Assets\Eric VFX Studio\Resource\Materials\sheep.mat","F879A5F5E1B4923363291C5D858722646FC85538B0A014C91BF6807AEE0DA3A2"
"C:\Users\PC\Dragon_Tower\Assets\Eric VFX Studio\Resource\Materials\sheep.mat.meta","B7E8FBF32646FA88A2BBCC6EF237612441E0D2EF99B84E92AE56F6B30A052842"
"C:\Users\PC\Dragon_Tower\Assets\Eric VFX Studio\Resource\Materials\Sheet_purple_W01_Builtin.mat","0F6D42D795635C01C8C21F69B3A8FC67938AB72BBD36B895CF6DC28774D7BB7E"
"C:\Users\PC\Dragon_Tower\Assets\Eric VFX Studio\Resource\Materials\Sheet_purple_W01_Builtin.mat.meta","A1E61FA6E3F10D8B2FD2BFD9A0AAD35A700F82DA9786582784A7AA0E26EC286F"
"C:\Users\PC\Dragon_Tower\Assets\Eric VFX Studio\Resource\Materials\Sheet_purple_W01.mat","B9FDCEB4711C23F48515E0666D193ED312C06C4F32C10F8E6B393A3865E0A6FE"
"C:\Users\PC\Dragon_Tower\Assets\Eric VFX Studio\Resource\Materials\Sheet_purple_W01.mat.meta","237B0691787B8D997B06197D654095C9A3D38EDD8CBD018CFFC48E3BB623C229"
"C:\Users\PC\Dragon_Tower\Assets\Eric VFX Studio\Resource\Materials\shock_0001_Builtin.mat","669D7C3CC16CE7F7B144D17C6583E014328B3007FD4C1D7B10EF2192C9504B08"
"C:\Users\PC\Dragon_Tower\Assets\Eric VFX Studio\Resource\Materials\shock_0001_Builtin.mat.meta","7558F548D9E2A8BEE94E2D91144012016654003A143229117EC0AB05A4644AAC"
"C:\Users\PC\Dragon_Tower\Assets\Eric VFX Studio\Resource\Materials\shock_0001.mat","C409FF9968B047A56307F2E18536A7364692E84CD7D52790055BC2FF18CF0A30"
"C:\Users\PC\Dragon_Tower\Assets\Eric VFX Studio\Resource\Materials\shock_0001.mat.meta","91B22595A592DC6B36607CCDE6DFB3821B6D1FA282AC9FC8A02F951C1482AFDF"
"C:\Users\PC\Dragon_Tower\Assets\Eric VFX Studio\Resource\Materials\shockwave01_B_Builtin.mat","069FF96F5BC87CE5DBC62990D7ECAE2A7E98358BDDCC7DF13222B3922B136311"
"C:\Users\PC\Dragon_Tower\Assets\Eric VFX Studio\Resource\Materials\shockwave01_B_Builtin.mat.meta","7D121772536F73271A61A3D0BB2114DB596DE36E24267C66E5114B70707C0C24"
"C:\Users\PC\Dragon_Tower\Assets\Eric VFX Studio\Resource\Materials\shockwave01_B.mat","CD54E6191FCF33A988CDF4C63EBAC31DCC227697721DA2028437697ABA026504"
"C:\Users\PC\Dragon_Tower\Assets\Eric VFX Studio\Resource\Materials\shockwave01_B.mat.meta","A547B369E7E0E522CCFFE1BB32A5192F54A6CC2F4F0969F64EE40D6D4886F374"
"C:\Users\PC\Dragon_Tower\Assets\Eric VFX Studio\Resource\Materials\shockwave02_01_Builtin.mat","F8D2E32C5601C4303E7FFE66AA98996566095174E271BDA7E13AF3C5C5A52B12"
"C:\Users\PC\Dragon_Tower\Assets\Eric VFX Studio\Resource\Materials\shockwave02_01_Builtin.mat.meta","E90C4A3D2E5950089B5D3E3593E5D0E1F741BBB5F38A80DFD5363F0AF4D9F461"
"C:\Users\PC\Dragon_Tower\Assets\Eric VFX Studio\Resource\Materials\shockwave02_01.mat","B7A579ACD89F9A26CB78D5B5F0160F11B16F6CA58F17E94C9D583D5E1DA3A412"
"C:\Users\PC\Dragon_Tower\Assets\Eric VFX Studio\Resource\Materials\shockwave02_01.mat.meta","C6A627643377C53C5771A52003C1DA7CF50A808584FE16C714A4A2725007BA56"
"C:\Users\PC\Dragon_Tower\Assets\Eric VFX Studio\Resource\Materials\show_wind1_Builtin.mat","16C147FB9D09F9A60649018AE53DEDDC28136562B1C8A9F3918D948D8F1C1FB8"
"C:\Users\PC\Dragon_Tower\Assets\Eric VFX Studio\Resource\Materials\show_wind1_Builtin.mat.meta","A731502754FE00B1DC9D86C8859DE94A676D27CC3CF4EDCAE8E4107649EE3054"
"C:\Users\PC\Dragon_Tower\Assets\Eric VFX Studio\Resource\Materials\show_wind1.mat","83A469EE15169D601E2F21F4506F6E4960B83A7CE1C1EE7C2E36555DB7BCDB56"
"C:\Users\PC\Dragon_Tower\Assets\Eric VFX Studio\Resource\Materials\show_wind1.mat.meta","8885706E619A24717CD7E4EA0A60AFB79C58A2D4F3A8DF4AE0566212F5C77399"
"C:\Users\PC\Dragon_Tower\Assets\Eric VFX Studio\Resource\Materials\sl-g01g3_Builtin.mat","90A600C11C5F23FF0B701BF6657B286163C8CF9D72B2442EB671142EF6C2C37A"
"C:\Users\PC\Dragon_Tower\Assets\Eric VFX Studio\Resource\Materials\sl-g01g3_Builtin.mat.meta","C9026E8D6DC46C73B0409D0177302F4B44C6D8A1D9F7473F0D7202E1BD9F97E5"
"C:\Users\PC\Dragon_Tower\Assets\Eric VFX Studio\Resource\Materials\sl-g01g3.mat","A6145EE93F2A03AC9ED43F5BB52EC5651F0DF5F1EF3E42B3FB88C744DEAC63AF"
"C:\Users\PC\Dragon_Tower\Assets\Eric VFX Studio\Resource\Materials\sl-g01g3.mat.meta","804B07E979DC8D2660E90732FC3D0306034E809EFC189D56B101C6F19ADAF2C3"
"C:\Users\PC\Dragon_Tower\Assets\Eric VFX Studio\Resource\Materials\sl-g09_Builtin.mat","243A85120380BCBEB05BB11F8CCB451C54CE5DDC2B870CD6E26E26B4E2D431DF"
"C:\Users\PC\Dragon_Tower\Assets\Eric VFX Studio\Resource\Materials\sl-g09_Builtin.mat.meta","EAC7984FA2FA7B472F55332274B1FCDAF137B5C5115CA7B29D9E70A9E0292158"
"C:\Users\PC\Dragon_Tower\Assets\Eric VFX Studio\Resource\Materials\sl-g09.mat","F61CC67CE648453CEE17EF58445E9F214AC55E686C31B708BE41DA2D6AAD109B"
"C:\Users\PC\Dragon_Tower\Assets\Eric VFX Studio\Resource\Materials\sl-g09.mat.meta","F60EDB98FDE075C3EA88D8DD40C174AA203CCE0018DD35D5A0C64CF28E3EE0AE"
"C:\Users\PC\Dragon_Tower\Assets\Eric VFX Studio\Resource\Materials\slash_08_Builtin.mat","EB02ADEFBDC2378A1B2547041DEFDB19B838B15D964E3D14DA2D940A43E0F88F"
"C:\Users\PC\Dragon_Tower\Assets\Eric VFX Studio\Resource\Materials\slash_08_Builtin.mat.meta","C05B10C0F54519DFA787D01F65166EEFFE15D70BFB6FFAA442F4D39242501EBE"
"C:\Users\PC\Dragon_Tower\Assets\Eric VFX Studio\Resource\Materials\slash_08.mat","535DD06359E8D0FD2547DFA81E6E74DB61478194B7A1911E89E4BF6CBCB62BFD"
"C:\Users\PC\Dragon_Tower\Assets\Eric VFX Studio\Resource\Materials\slash_08.mat.meta","6854625F9CCB38AD8917A84120848CEB7FE3B42FA0EA5A082467536A48511125"
"C:\Users\PC\Dragon_Tower\Assets\Eric VFX Studio\Resource\Materials\slash_09_Builtin.mat","F1E92E781ED0C308088A47458696CB5650B3025C71AAE902E52FF3F12D1D27F7"
"C:\Users\PC\Dragon_Tower\Assets\Eric VFX Studio\Resource\Materials\slash_09_Builtin.mat.meta","F32A17C43DD85C8C8354C6F7E5FD28A1D1C514B3C698268B904878E5657F3EF0"
"C:\Users\PC\Dragon_Tower\Assets\Eric VFX Studio\Resource\Materials\slash_09.mat","0C7E8243E939F0972B9114DCB8BCC464128BDCA3EF86AFDDBE67E1088294E542"
"C:\Users\PC\Dragon_Tower\Assets\Eric VFX Studio\Resource\Materials\slash_09.mat.meta","B75E84FC9C2477D363E335B5D62B3771AD0D744773B2A53EA464D8B0F420CE9D"
"C:\Users\PC\Dragon_Tower\Assets\Eric VFX Studio\Resource\Materials\slash_12_W_Builtin.mat","133BA5296CF4E42C888993AB2C2FA7C8FE4B6144702F29DF3D6DC74EC45D54BD"
"C:\Users\PC\Dragon_Tower\Assets\Eric VFX Studio\Resource\Materials\slash_12_W_Builtin.mat.meta","02C608B1AA6914EEBCA5C4C901AF6AA98DE047BCDA073575B9C7E6B1F75AF543"
"C:\Users\PC\Dragon_Tower\Assets\Eric VFX Studio\Resource\Materials\slash_12_W.mat","F39DB884C9D9F8C0962460130EE6A5D625EFAE665A3CD2CE8A80F70B83B203AA"
"C:\Users\PC\Dragon_Tower\Assets\Eric VFX Studio\Resource\Materials\slash_12_W.mat.meta","3F1FEBA3C32A6541B4597D01C152B9DA0405970E5CF99BD9465ADFD8C8949BC4"
"C:\Users\PC\Dragon_Tower\Assets\Eric VFX Studio\Resource\Materials\slash_13_Builtin.mat","71F88984C243F14A565F3A822296CC862ECBF65B32479710B1DA5C591BE396B7"
"C:\Users\PC\Dragon_Tower\Assets\Eric VFX Studio\Resource\Materials\slash_13_Builtin.mat.meta","238D640F90CAC1157DF998A5FEC3D65ADF6BC71510C10E7E184E972F69AE2068"
"C:\Users\PC\Dragon_Tower\Assets\Eric VFX Studio\Resource\Materials\slash_13.mat","ACB3B60E402E4D9AE82A9256BD0DFEF360A79092FE24737CB3CBB78C9810588F"
"C:\Users\PC\Dragon_Tower\Assets\Eric VFX Studio\Resource\Materials\slash_13.mat.meta","10DE2316592B30FE00D84B2184D6E7A95948189B59516003581EF35C0E8D0919"
"C:\Users\PC\Dragon_Tower\Assets\Eric VFX Studio\Resource\Materials\slash_C001_Builtin.mat","53C11C4C9764ED9E7253D36ADA2F3D4689D97DDE531F5E1C4CB76E6CA8823ACE"
"C:\Users\PC\Dragon_Tower\Assets\Eric VFX Studio\Resource\Materials\slash_C001_Builtin.mat.meta","8053470627EEB640A4C22273DB6C5974FE1B7CE0D37EC9306B342BA72568BEF6"
"C:\Users\PC\Dragon_Tower\Assets\Eric VFX Studio\Resource\Materials\slash_C001.mat","8B6F514B05C9EA6C759E6F87C54393BEEAFE88D29BDC5BEB0765EA3B3EB1D93D"
"C:\Users\PC\Dragon_Tower\Assets\Eric VFX Studio\Resource\Materials\slash_C001.mat.meta","5D4FAE305EAAA5C126F0CEA2F8F627BEAF3FB35FF5688A48E5D3A4AD55C1AC3D"
"C:\Users\PC\Dragon_Tower\Assets\Eric VFX Studio\Resource\Materials\slash_C002_Builtin.mat","2A01F8FB7590E8A7DB0A38D89F587512EF54E70EE9573B44F15571CF04E95915"
"C:\Users\PC\Dragon_Tower\Assets\Eric VFX Studio\Resource\Materials\slash_C002_Builtin.mat.meta","7AA7E3C4F029A28E96B31BC269F2F1580C484E325773117E97708FB51712038C"
"C:\Users\PC\Dragon_Tower\Assets\Eric VFX Studio\Resource\Materials\slash_C002.mat","FC0DC1391AB634F89E93C302D4E962A694132389AA30F6CCBBA603C3DDC70E9F"
"C:\Users\PC\Dragon_Tower\Assets\Eric VFX Studio\Resource\Materials\slash_C002.mat.meta","C3170889A526060763420FAAC9CA777C85A81F2B0E8CC13F594F210419F08867"
"C:\Users\PC\Dragon_Tower\Assets\Eric VFX Studio\Resource\Materials\slash_C003_Builtin.mat","53379AFD701BC3EFBE22F95659A502CFA633C90A4C0878BF2A5A44F4271E7C1B"
"C:\Users\PC\Dragon_Tower\Assets\Eric VFX Studio\Resource\Materials\slash_C003_Builtin.mat.meta","87403622732D0F781490D67A7CE2174B6FBEE5BC8E342897023F8F208F1EC82C"
"C:\Users\PC\Dragon_Tower\Assets\Eric VFX Studio\Resource\Materials\slash_C003.mat","DB39C427C5449D5D288F51277ED74519341A74B4FA9763E0CB3AF89DA35D4B21"
"C:\Users\PC\Dragon_Tower\Assets\Eric VFX Studio\Resource\Materials\slash_C003.mat.meta","70C63C0F177E2557016F2B2AC801DF8059270804F6A2146B680F5307BC4876DE"
"C:\Users\PC\Dragon_Tower\Assets\Eric VFX Studio\Resource\Materials\Slash_Red_sheet_Builtin.mat","1FAD4999867716A311AAE5F546F8F3C84791E8CF9A7DA1DF8103F46D87115AF8"
"C:\Users\PC\Dragon_Tower\Assets\Eric VFX Studio\Resource\Materials\Slash_Red_sheet_Builtin.mat.meta","AEDAEADE18DF516B8FF502E81D145B466CB32FD52C3AB9DC6551E14F53738C98"
"C:\Users\PC\Dragon_Tower\Assets\Eric VFX Studio\Resource\Materials\Slash_Red_sheet.mat","E13F5F920B4134A1E77FC344386E7487DE81493E0AD3D744A3A7C67C9AA0CD30"
"C:\Users\PC\Dragon_Tower\Assets\Eric VFX Studio\Resource\Materials\Slash_Red_sheet.mat.meta","2776F3C7E2FE6C6711729EC554EB73F539D6E13D9A758C9D5B116A1547A373E7"
"C:\Users\PC\Dragon_Tower\Assets\Eric VFX Studio\Resource\Materials\slash_white_02B_Builtin.mat","52500E72B0C625056305513DF5D0E61B19174F5DEFD0D59241414F78E5C85E69"
"C:\Users\PC\Dragon_Tower\Assets\Eric VFX Studio\Resource\Materials\slash_white_02B_Builtin.mat.meta","052C2425FB0A46C8A9360FFF848C54C54203B478AE265AFA13E4D453FC091539"
"C:\Users\PC\Dragon_Tower\Assets\Eric VFX Studio\Resource\Materials\slash_white_02B.mat","769234A65520B080DF8ABFADFE5E93FACC65BF36179E113AE5D8097886E4810D"
"C:\Users\PC\Dragon_Tower\Assets\Eric VFX Studio\Resource\Materials\slash_white_02B.mat.meta","B5900952310DC6996406FFBE7AB3A2CEFD239F1901D9B3BA6251D5F778B9CA7C"
"C:\Users\PC\Dragon_Tower\Assets\Eric VFX Studio\Resource\Materials\slash04_Builtin.mat","DFF31AB11FFA3D3446AB75F39B004C789E1990476FFD97B9503EECD132B044E7"
"C:\Users\PC\Dragon_Tower\Assets\Eric VFX Studio\Resource\Materials\slash04_Builtin.mat.meta","B4C44769C6E5398111199F89CCBC254CB10B08208F8EEE3168C212686F47A522"
"C:\Users\PC\Dragon_Tower\Assets\Eric VFX Studio\Resource\Materials\slash04.mat","D049EAD15C996C1EA0E3DF9D052FD812BED5BB67FB3D86CEFAB2643983543E69"
"C:\Users\PC\Dragon_Tower\Assets\Eric VFX Studio\Resource\Materials\slash04.mat.meta","2CC82A47D565872C63C307592105EC455EE5FCCB11D2A374DBFDC4EBB30704C0"
"C:\Users\PC\Dragon_Tower\Assets\Eric VFX Studio\Resource\Materials\Smoke_01_bl_Builtin.mat","0057D05337ADEBBFB199FA341CC18E13180F26AA17F208F8EB8ED263E62A234F"
"C:\Users\PC\Dragon_Tower\Assets\Eric VFX Studio\Resource\Materials\Smoke_01_bl_Builtin.mat.meta","AEC1E67143AF0EB4ABC62A073941AF57047BC5B01C4EE076FF5EDF43844AA6DA"
"C:\Users\PC\Dragon_Tower\Assets\Eric VFX Studio\Resource\Materials\Smoke_01_bl.mat","2D615B529061995A9E7CDB309F3C9ECD72023D4C0739B8CB030B0C54FD478A12"
"C:\Users\PC\Dragon_Tower\Assets\Eric VFX Studio\Resource\Materials\Smoke_01_bl.mat.meta","5180C68DA22BE6CD6688E243EA43E8A17BF08845542F052CDBD29E7C66F8F444"
"C:\Users\PC\Dragon_Tower\Assets\Eric VFX Studio\Resource\Materials\Smoke_01_D 1_Builtin.mat","B01F03CF371C2775A0A25913A4229101F314E967F2E013A2E82140C69193C4B6"
"C:\Users\PC\Dragon_Tower\Assets\Eric VFX Studio\Resource\Materials\Smoke_01_D 1_Builtin.mat.meta","D3E5849FE00C61851388D1B5F6DAFA54264488A1FF78761DE277C690671D4556"
"C:\Users\PC\Dragon_Tower\Assets\Eric VFX Studio\Resource\Materials\Smoke_01_D 1.mat","357C745C0AB477915673332135C9DC441B9955B17C7CF0485D131B54D228EFA9"
"C:\Users\PC\Dragon_Tower\Assets\Eric VFX Studio\Resource\Materials\Smoke_01_D 1.mat.meta","AAFF05F40F8AA1B2867B43A5B59B6FBCE1145244108B15160C20CAC8C0B68F23"
"C:\Users\PC\Dragon_Tower\Assets\Eric VFX Studio\Resource\Materials\smoke_02_Builtin.mat","16888ADB686818D373D1C91DC11E07705BA22546C3E76E6860FD26B567BF5DB1"
"C:\Users\PC\Dragon_Tower\Assets\Eric VFX Studio\Resource\Materials\smoke_02_Builtin.mat.meta","D41EE57E449415230F789F6211BB18E2FC8BA5B7D41F8AC7E3A4350623CA8827"
"C:\Users\PC\Dragon_Tower\Assets\Eric VFX Studio\Resource\Materials\smoke_02.mat","5C16F15C929A4D098E7A5CE916593B428BDF62B5BF69FB67326B31DDE24A0B83"
"C:\Users\PC\Dragon_Tower\Assets\Eric VFX Studio\Resource\Materials\smoke_02.mat.meta","157F9F662971BD5DC251A9B86C2D931E7FAD384E34E79671AE06414B434D0EFA"
"C:\Users\PC\Dragon_Tower\Assets\Eric VFX Studio\Resource\Materials\smoke_04_C001_Builtin.mat","811DC22DC3ADF3A7E8DD45ED6ED755ED4D3244DEA8A7E842EC945C3829537F52"
"C:\Users\PC\Dragon_Tower\Assets\Eric VFX Studio\Resource\Materials\smoke_04_C001_Builtin.mat.meta","175CCAC99626DF14FB1AF27D20068EC9BFF1D42295FCBE46D6AA355FA525AD88"
"C:\Users\PC\Dragon_Tower\Assets\Eric VFX Studio\Resource\Materials\smoke_04_C001.mat","860EA02CD7A03A10E89A3FF0C06AFA7CAF0685DAD63BF69CE61817E8334FD65E"
"C:\Users\PC\Dragon_Tower\Assets\Eric VFX Studio\Resource\Materials\smoke_04_C001.mat.meta","82E6D245234DD85BD4EA22DD6FF5233837C72C055925AACF955CABA87B748100"
"C:\Users\PC\Dragon_Tower\Assets\Eric VFX Studio\Resource\Materials\smoke_04_x_Builtin.mat","076ACAF6B38953D0CF39CDF3804E130AF99D55F8C14BBA128D99A12F900F0CD0"
"C:\Users\PC\Dragon_Tower\Assets\Eric VFX Studio\Resource\Materials\smoke_04_x_Builtin.mat.meta","D93D0EC7C8B0841076E1F7EEE79FE1E4485C0DC6036B143CCB7B0724B77CEB48"
"C:\Users\PC\Dragon_Tower\Assets\Eric VFX Studio\Resource\Materials\smoke_04_x.mat","9B42A63F4676BADCE87E586560A80126A35EA4DEC78DE926E8359B799DEBD586"
"C:\Users\PC\Dragon_Tower\Assets\Eric VFX Studio\Resource\Materials\smoke_04_x.mat.meta","8FBBC838F4F654C3C758EEB54222875466E05D7210DCF06E5DEF74A70246E2CC"
"C:\Users\PC\Dragon_Tower\Assets\Eric VFX Studio\Resource\Materials\smoke_05_x_Builtin.mat","7477C8394D082907F874136D784F681C6ECB7AFA688D32EA65D4333F77F1B27B"
"C:\Users\PC\Dragon_Tower\Assets\Eric VFX Studio\Resource\Materials\smoke_05_x_Builtin.mat.meta","FFBE7D4C61263ECCBEFBD10BF0933DFE466066499A1C1A80D11CE59F10C4B31A"
"C:\Users\PC\Dragon_Tower\Assets\Eric VFX Studio\Resource\Materials\smoke_05_x.mat","886332897484BFAE0D03FFE7C9F36DB19AEF89B3E2F86EBF9E9125F674DB946A"
"C:\Users\PC\Dragon_Tower\Assets\Eric VFX Studio\Resource\Materials\smoke_05_x.mat.meta","E223E440534C4A9A64937586F1527528C8E73F5D5AB329FD0B07E6C7E9E17F7A"
"C:\Users\PC\Dragon_Tower\Assets\Eric VFX Studio\Resource\Materials\smoke_15_Builtin.mat","A8A90A7D1988E59595FEE7F2B85BDAE3DFA33C22C4EF97423E60D926CB68D4EA"
"C:\Users\PC\Dragon_Tower\Assets\Eric VFX Studio\Resource\Materials\smoke_15_Builtin.mat.meta","04B0F69535D32B62AE9A75FCFDBE4314734DA6AC1D7B659AC5EAD2925B771447"
"C:\Users\PC\Dragon_Tower\Assets\Eric VFX Studio\Resource\Materials\smoke_15.mat","7880E82FE70A9BE43E920F274F278C2790097352AEEA5B128079BD54591C132C"
"C:\Users\PC\Dragon_Tower\Assets\Eric VFX Studio\Resource\Materials\smoke_15.mat.meta","3B4403BF4BAA6183BEDAD1DCCF1148F22669D36F9E9B46C54F95A364ECBEF00A"
"C:\Users\PC\Dragon_Tower\Assets\Eric VFX Studio\Resource\Materials\Smoke_a_Builtin.mat","E865FC6834D6D8A52FA8FAB6BA36B722E69FA9484D7107157A8ECDDF7AB13344"
"C:\Users\PC\Dragon_Tower\Assets\Eric VFX Studio\Resource\Materials\Smoke_a_Builtin.mat.meta","67CE8001C940D1D126D39B735F4AC308EB177F0662A8488E43FE9E10BC1BB4CF"
"C:\Users\PC\Dragon_Tower\Assets\Eric VFX Studio\Resource\Materials\Smoke_a.mat","09A06CFA9DF0E4910DE1C349FBC2060D98A0C66ED89386DFF20CBADF8E07ED5A"
"C:\Users\PC\Dragon_Tower\Assets\Eric VFX Studio\Resource\Materials\Smoke_a.mat.meta","30A6DA279E85B1C17675F61351632B822EE4A65775739EFB44BB3B7CBE121BC4"
"C:\Users\PC\Dragon_Tower\Assets\Eric VFX Studio\Resource\Materials\Smoke_b_Builtin.mat","D809B356F5BC074E9BBF9400C5E3EA646DBE8AC967754697E125B8BEF65C03CD"
"C:\Users\PC\Dragon_Tower\Assets\Eric VFX Studio\Resource\Materials\Smoke_b_Builtin.mat.meta","523306C2ADBA666F1FD77094CF4D22C2E6FB5C38FDB056DFB317AC3DC66A3C42"
"C:\Users\PC\Dragon_Tower\Assets\Eric VFX Studio\Resource\Materials\Smoke_b.mat","2F1076CF3DF7FA4A57F93228D13DEB1561EDE3A6D6EAE8970BE557ABD662DEC0"
"C:\Users\PC\Dragon_Tower\Assets\Eric VFX Studio\Resource\Materials\Smoke_b.mat.meta","725F23B62A2C22608292FFAA04305CFB30E8F40A3668E83FA20A8436A459A33C"
"C:\Users\PC\Dragon_Tower\Assets\Eric VFX Studio\Resource\Materials\sonic_impact_white_sheet_Builtin.mat","60155154DDA950933CF8AC30CE9F8E0D7B9A139F5EDC2BFF2C57C1502CB05CBA"
"C:\Users\PC\Dragon_Tower\Assets\Eric VFX Studio\Resource\Materials\sonic_impact_white_sheet_Builtin.mat.meta","7B85C0283C42B1CCAAEA079799AD6894F8898E889C7CD201AEDFC4F0548AFACE"
"C:\Users\PC\Dragon_Tower\Assets\Eric VFX Studio\Resource\Materials\sonic_impact_white_sheet.mat","D50B286EBF3A2DD3E4E74AB6A2545830509B91185A8E1ED868F5EBCCCBF66016"
"C:\Users\PC\Dragon_Tower\Assets\Eric VFX Studio\Resource\Materials\sonic_impact_white_sheet.mat.meta","9D33A973BB8424DA872A0C3FDC2D3F0C72457AE3FBE95BAFA3BBDDA73921B272"
"C:\Users\PC\Dragon_Tower\Assets\Eric VFX Studio\Resource\Materials\Spark_03_x_Builtin.mat","EF5B064524BF11C709CD63CF095EBAADD75AE66E5A5BBB0A790C4FAB9BE87AAC"
"C:\Users\PC\Dragon_Tower\Assets\Eric VFX Studio\Resource\Materials\Spark_03_x_Builtin.mat.meta","312F1B076CCE7F5F9E872C73C75E621CE09BAC247B55CF76DBFDBEAA006E0309"
"C:\Users\PC\Dragon_Tower\Assets\Eric VFX Studio\Resource\Materials\Spark_03_x.mat","2372EB6948CCC14DB9BDC426C9EAC181B8805996CB16E9E894E035C069DB4CC8"
"C:\Users\PC\Dragon_Tower\Assets\Eric VFX Studio\Resource\Materials\Spark_03_x.mat.meta","DA57A1C7D5DB19ACDFC7030DAC0FF9F3D7D9A5160027D188B1CE270852A77F54"
"C:\Users\PC\Dragon_Tower\Assets\Eric VFX Studio\Resource\Materials\Spark_b_Builtin.mat","30578A7F05F1387E8B116B18F84ED0738DDE95AFBEEDBCCA5C082409D14287AB"
"C:\Users\PC\Dragon_Tower\Assets\Eric VFX Studio\Resource\Materials\Spark_b_Builtin.mat.meta","5C843DEFAED6123D36E34B98FA7C39C8BFC4EABA089706BF0B0CEDE5F293221B"
"C:\Users\PC\Dragon_Tower\Assets\Eric VFX Studio\Resource\Materials\Spark_b.mat","1FEAD617BC23E6DA8C9567D3B204CE4B7F157693C7DC199DCE9FFCDA10D70252"
"C:\Users\PC\Dragon_Tower\Assets\Eric VFX Studio\Resource\Materials\Spark_b.mat.meta","5A07F17991E298DAF8EB17387C82E31CC177C7DE41AFBEDCB307B21739F14DA6"
"C:\Users\PC\Dragon_Tower\Assets\Eric VFX Studio\Resource\Materials\Spark_Builtin.mat","E15AA43D8681232A10DBF82C5B6C730A7536BE6EB639A9C239CE0E74AB9F78BB"
"C:\Users\PC\Dragon_Tower\Assets\Eric VFX Studio\Resource\Materials\Spark_Builtin.mat.meta","0E3A9AF7DBFD3F9EB94AFC9AA48F88AD5626E4A75A6627D6B290B9464A5D3ADD"
"C:\Users\PC\Dragon_Tower\Assets\Eric VFX Studio\Resource\Materials\Spark.mat","CA342F1860C481677F054E02A93033859D86590D2D24AA9E64C8BF977E61B58D"
"C:\Users\PC\Dragon_Tower\Assets\Eric VFX Studio\Resource\Materials\Spark.mat.meta","E8ED0FAD633D1AEBD5CB22AE2E962E915B3BF3262A13125C1CC1C79A99091742"
"C:\Users\PC\Dragon_Tower\Assets\Eric VFX Studio\Resource\Materials\spot_001_b 3_Builtin.mat","658A83655927C12294C844C2B1480CF29D1AC78580D39CC8A167FE644AF11DBB"
"C:\Users\PC\Dragon_Tower\Assets\Eric VFX Studio\Resource\Materials\spot_001_b 3_Builtin.mat.meta","263396D1D99E40167FAD0698DF008CDA580EFB7730CBCB10D2C32660D3469A0C"
"C:\Users\PC\Dragon_Tower\Assets\Eric VFX Studio\Resource\Materials\spot_001_b 3.mat","05964821AE2A50AEECDA05A8FCF8CA0034B6906B52C43621C99B746B018D5E98"
"C:\Users\PC\Dragon_Tower\Assets\Eric VFX Studio\Resource\Materials\spot_001_b 3.mat.meta","81BC4EB53A28AE541CB5411C27B3E03493EDBC2B7B8BF1789F49DD2E40728567"
"C:\Users\PC\Dragon_Tower\Assets\Eric VFX Studio\Resource\Materials\spot_009_Builtin.mat","B9A9F5D0013CECE73F2F7DAD0D3124BB9BAE7D340C3C77BC41704B6FA68FE7CA"
"C:\Users\PC\Dragon_Tower\Assets\Eric VFX Studio\Resource\Materials\spot_009_Builtin.mat.meta","45B6C9B9C75C2292414EB1FE71C6787DCAF1305274D8AC6CB0DAD080856CB381"
"C:\Users\PC\Dragon_Tower\Assets\Eric VFX Studio\Resource\Materials\spot_009.mat","AD8320DFF72DAA87F856178F89E53BBB992CDAF2733A950A33321D8902D05F58"
"C:\Users\PC\Dragon_Tower\Assets\Eric VFX Studio\Resource\Materials\spot_009.mat.meta","CD5399D8E96CF98C6634CDC9DB46141BCF7D7BED1876A51722E6EEBB6BDAFACE"
"C:\Users\PC\Dragon_Tower\Assets\Eric VFX Studio\Resource\Materials\spot_019_Builtin.mat","F2C801CAF019643E44929E2727B55E021EBBDE3CA558764989DB352E4BA3AACE"
"C:\Users\PC\Dragon_Tower\Assets\Eric VFX Studio\Resource\Materials\spot_019_Builtin.mat.meta","E68106BFA427F19DB030064734532C7B6AFBD6E048F01CA6B249846917B0A168"
"C:\Users\PC\Dragon_Tower\Assets\Eric VFX Studio\Resource\Materials\spot_019.mat","847A5B2A9C309A41B54733A06244A28FEB331802811CAE13128710D1EEAC6F7D"
"C:\Users\PC\Dragon_Tower\Assets\Eric VFX Studio\Resource\Materials\spot_019.mat.meta","7A242093958662220562A6E44AE3FF437A3D79AF9ACA9AA6582454570832F7A7"
"C:\Users\PC\Dragon_Tower\Assets\Eric VFX Studio\Resource\Materials\spot_021_Builtin.mat","958BAED542C81E178B80C09EA221162CEBDC3EF09F0DA93BE03A4934A824ECB8"
"C:\Users\PC\Dragon_Tower\Assets\Eric VFX Studio\Resource\Materials\spot_021_Builtin.mat.meta","6A8D853B50F93404C2EF761A2D1A95E5DA923ACC3EF9025DF525DC351CAB6927"
"C:\Users\PC\Dragon_Tower\Assets\Eric VFX Studio\Resource\Materials\spot_021.mat","C4FE9AC192C82C52478CCE96495F8930CEEFD2C6CF3B67F4B678C7A72D8A9402"
"C:\Users\PC\Dragon_Tower\Assets\Eric VFX Studio\Resource\Materials\spot_021.mat.meta","AA23D39CCF3581291E83DD3F456B6D09F582FB624A273FF5FDD4EA52194933CE"
"C:\Users\PC\Dragon_Tower\Assets\Eric VFX Studio\Resource\Materials\spot_026_Builtin.mat","9F36447CA6BD66445DC17F308FEC13950D568338648F5BB168A1D69CE0C7AFB2"
"C:\Users\PC\Dragon_Tower\Assets\Eric VFX Studio\Resource\Materials\spot_026_Builtin.mat.meta","885D6C7BDDD760C2861F93104EFF4E56E4AF96F8C243C3A6D60E3D036C0E36D9"
"C:\Users\PC\Dragon_Tower\Assets\Eric VFX Studio\Resource\Materials\spot_026.mat","C12DC65B9917313C35D09E46132399F6028F1D3422A31CA13372718A38B4F09A"
"C:\Users\PC\Dragon_Tower\Assets\Eric VFX Studio\Resource\Materials\spot_026.mat.meta","165EAA8E762B2712F15F880DDCFF47DF1F372D55043E031BEE8081A16F42BC63"
"C:\Users\PC\Dragon_Tower\Assets\Eric VFX Studio\Resource\Materials\spot_027_Builtin.mat","55BFE460AA2D4A789713F924B6E714047FB28B1ACC06B1C7B57CE972D9F2AB4F"
"C:\Users\PC\Dragon_Tower\Assets\Eric VFX Studio\Resource\Materials\spot_027_Builtin.mat.meta","2B8343179EE3BD03C40CDE74E3F4721D768D28BA1B6FCA473D61FA06E6F17F17"
"C:\Users\PC\Dragon_Tower\Assets\Eric VFX Studio\Resource\Materials\spot_027.mat","A1C68CCC9F586972B467D5B7B440CB80797E24389EC99DF907263AADD5B99D04"
"C:\Users\PC\Dragon_Tower\Assets\Eric VFX Studio\Resource\Materials\spot_027.mat.meta","2CAFAD437A9BD1E53B2D5FCAD393455FD9632D9FE4A2F3D7831D4C9640F62EF5"
"C:\Users\PC\Dragon_Tower\Assets\Eric VFX Studio\Resource\Materials\Spotlight_01_Builtin.mat","B3341AFC2193678665D1D6F5E4AACD511118B3EBF970A9237B26CF0239176018"
"C:\Users\PC\Dragon_Tower\Assets\Eric VFX Studio\Resource\Materials\Spotlight_01_Builtin.mat.meta","BFD24248EE5949A6FBB9EBC7A74FC62992DD2505EF17F3EF7ABD545CBFD75506"
"C:\Users\PC\Dragon_Tower\Assets\Eric VFX Studio\Resource\Materials\Spotlight_01.mat","5E3375944CED291C074D84CB757D7D0D94594111AE12CDABC688077F656A6B34"
"C:\Users\PC\Dragon_Tower\Assets\Eric VFX Studio\Resource\Materials\Spotlight_01.mat.meta","511802FCA74C63FC00BFF16D72D49A59BB269B99E76564D53689500F28FBFF92"
"C:\Users\PC\Dragon_Tower\Assets\Eric VFX Studio\Resource\Materials\Spur_yellow_C001_Builtin.mat","03B230D4A1763009106E044608DDB4B440AA0DC90BA246D40BAB301B7EFF116F"
"C:\Users\PC\Dragon_Tower\Assets\Eric VFX Studio\Resource\Materials\Spur_yellow_C001_Builtin.mat.meta","280EFEFD54329406E59546D26A33EEB13160F1D1760BA9439158976693F59D03"
"C:\Users\PC\Dragon_Tower\Assets\Eric VFX Studio\Resource\Materials\Spur_yellow_C001.mat","F54E3756A0AF4BE56682BB1F2F4CA0CA561AA6EE46A3445B15AAA745BA11A6BB"
"C:\Users\PC\Dragon_Tower\Assets\Eric VFX Studio\Resource\Materials\Spur_yellow_C001.mat.meta","7F75B72FA42B31A4F850C9B2F093BFF602C13027A482A7C810AA1DFAFA9B709A"
"C:\Users\PC\Dragon_Tower\Assets\Eric VFX Studio\Resource\Materials\star_05_Builtin.mat","6D236EE938C307EEF3F34263AB4F6C0DCF0AFAFA36D95206D60E12A30B935719"
"C:\Users\PC\Dragon_Tower\Assets\Eric VFX Studio\Resource\Materials\star_05_Builtin.mat.meta","FB592A0685317358AD56F9552494D5096A4D771D528E346AB95528EDE13DDC7B"
"C:\Users\PC\Dragon_Tower\Assets\Eric VFX Studio\Resource\Materials\star_05.mat","E0BB2A1B04EFC9B540A0C3663AAC4F6B69050F7C9348702DC8557459358DBF66"
"C:\Users\PC\Dragon_Tower\Assets\Eric VFX Studio\Resource\Materials\star_05.mat.meta","6B86FF0EA7C2F267E24447674637C2C02D24C3CE6A4A0E1D4F7E11932E67BF32"
"C:\Users\PC\Dragon_Tower\Assets\Eric VFX Studio\Resource\Materials\star_09_Builtin.mat","91C9C27CA1B0B07D985041E3C6DA3C2E280AE15B0B1A9DD808AD80206A4AA024"
"C:\Users\PC\Dragon_Tower\Assets\Eric VFX Studio\Resource\Materials\star_09_Builtin.mat.meta","AA33E8FAEC2A82D5C8715B2593ECF2991D5B59086288B503A404C9E53D9312F4"
"C:\Users\PC\Dragon_Tower\Assets\Eric VFX Studio\Resource\Materials\star_09.mat","1B6E56FAC45CD6BA9412FA8A81CC14DFA90A100E8952900B765E0FFF63B857CC"
"C:\Users\PC\Dragon_Tower\Assets\Eric VFX Studio\Resource\Materials\star_09.mat.meta","CD856E124E72E3AE2C7022D3339550087D1D90DC70DB6362F9EB2479B9186FB7"
"C:\Users\PC\Dragon_Tower\Assets\Eric VFX Studio\Resource\Materials\star_CPdr_wyy_006_alpha_01_Builtin.mat","135B1F607DACEB355C59B6E75FCEC7D42B1D58A54E7CF79F790FD4A03D21BCE5"
"C:\Users\PC\Dragon_Tower\Assets\Eric VFX Studio\Resource\Materials\star_CPdr_wyy_006_alpha_01_Builtin.mat.meta","F84AB6A55A55926334F1CCA7ECD62BE276BF20F7AF80E6925377A48D36E5B2BE"
"C:\Users\PC\Dragon_Tower\Assets\Eric VFX Studio\Resource\Materials\star_CPdr_wyy_006_alpha_01.mat","7AAF7598A1C1F1873E84ABED71BE7E6B8BC702696B3F498FFDD07E9E8B5CF2B6"
"C:\Users\PC\Dragon_Tower\Assets\Eric VFX Studio\Resource\Materials\star_CPdr_wyy_006_alpha_01.mat.meta","28FCCCCF330FF74C5CA849CA72102DDF04DB8EE8DBCDB3E148C5739B53568C45"
"C:\Users\PC\Dragon_Tower\Assets\Eric VFX Studio\Resource\Materials\star_light_Builtin.mat","1D9733AB348933CB8A60AB9CE7C86AF09370824F020ED18E0C5609B378638BA6"
"C:\Users\PC\Dragon_Tower\Assets\Eric VFX Studio\Resource\Materials\star_light_Builtin.mat.meta","CD20598E93B0ACE91D2F997D0A2B76247CEA7701B8451CB5F232A5CD236AED9C"
"C:\Users\PC\Dragon_Tower\Assets\Eric VFX Studio\Resource\Materials\star_light.mat","AAD95094022895441A22B8B88C9EA93DEA9B33DC47A024D389116EA7D07134F6"
"C:\Users\PC\Dragon_Tower\Assets\Eric VFX Studio\Resource\Materials\star_light.mat.meta","71B18375EE48CB2CE7C78806C6C0C96612DE25479BED90C14465C8D335D27D34"
"C:\Users\PC\Dragon_Tower\Assets\Eric VFX Studio\Resource\Materials\StartWave_Electro 2_Builtin.mat","AD9DE3149060FAC996F71A6CAF8603D71292394D4A2F578AE1C982C8EB5D0202"
"C:\Users\PC\Dragon_Tower\Assets\Eric VFX Studio\Resource\Materials\StartWave_Electro 2_Builtin.mat.meta","D05EAC2AE60591BE1A0DE1305DF57CDF77643BE305CEEBACAF965D78D210CA9B"
"C:\Users\PC\Dragon_Tower\Assets\Eric VFX Studio\Resource\Materials\StartWave_Electro 2.mat","FEE6451DEEBF15C92A303EBCDCF8A8FB0AD9302C95A8F95F2EFCC0987598C59B"
"C:\Users\PC\Dragon_Tower\Assets\Eric VFX Studio\Resource\Materials\StartWave_Electro 2.mat.meta","5C4F055BF525443D62B3A890E7A2C545879D1B0CB1C9294B7DA73C3624E96587"
"C:\Users\PC\Dragon_Tower\Assets\Eric VFX Studio\Resource\Materials\StartWave_Electro_C03_Builtin.mat","E0C17CC0B0B172407383508A1D1E30D7A3F2009EDC41837C14D66FC03D0E9855"
"C:\Users\PC\Dragon_Tower\Assets\Eric VFX Studio\Resource\Materials\StartWave_Electro_C03_Builtin.mat.meta","2ADA227B3598F278208F25517AA2F61955C1D8248F1B0FB4B0977D1B5F4D6C42"
"C:\Users\PC\Dragon_Tower\Assets\Eric VFX Studio\Resource\Materials\StartWave_Electro_C03.mat","EAE4799BF167687594BA3E16902F6C21B9D06717B6C7A5627BB44599956A3639"
"C:\Users\PC\Dragon_Tower\Assets\Eric VFX Studio\Resource\Materials\StartWave_Electro_C03.mat.meta","FD6F1CA8A20558701D279E5812C56D9C3BC6BEA775A2FF4B8C013A3BB9EA05D3"
"C:\Users\PC\Dragon_Tower\Assets\Eric VFX Studio\Resource\Materials\StartWave_Electro_red_Builtin.mat","A2FB0DC4A7E04EE1193919158C62ED980318AF120B5AFEFA260611EAB0FD5DA6"
"C:\Users\PC\Dragon_Tower\Assets\Eric VFX Studio\Resource\Materials\StartWave_Electro_red_Builtin.mat.meta","A65F7DD7B55257615226A355A8B9DC284108C967AD6DF073647EF02653947E5A"
"C:\Users\PC\Dragon_Tower\Assets\Eric VFX Studio\Resource\Materials\StartWave_Electro_red.mat","11391CF2F85EB094246874348424E073FAB5D789B55C39AB066C7CABC6C97156"
"C:\Users\PC\Dragon_Tower\Assets\Eric VFX Studio\Resource\Materials\StartWave_Electro_red.mat.meta","81700660B1BBD3AFF3AE79B0D6A650AA529D53733CA65CE6DAF36F626AD85865"
"C:\Users\PC\Dragon_Tower\Assets\Eric VFX Studio\Resource\Materials\stone02_Builtin.mat","2A70B41C73C313D0F99BE4E3EFE2E7C398DC75E54B81548E8E60EC33DB5D705D"
"C:\Users\PC\Dragon_Tower\Assets\Eric VFX Studio\Resource\Materials\stone02_Builtin.mat.meta","0335ED3DD2813AC311B1042206DAA324FA75EAACFC2FDCFE33D9938CA46B248A"
"C:\Users\PC\Dragon_Tower\Assets\Eric VFX Studio\Resource\Materials\stone02.mat","1671ABA4E00B24F32F8F7A521F7E294387A403DB373502E6B76884EAF295C901"
"C:\Users\PC\Dragon_Tower\Assets\Eric VFX Studio\Resource\Materials\stone02.mat.meta","B59AB69C5337B537535940D5F01CB57343F838752DB1C2A2635C734EF50D77A4"
"C:\Users\PC\Dragon_Tower\Assets\Eric VFX Studio\Resource\Materials\storm_wizard_01_Builtin.mat","159EBAC1D0BF09F640537B49055B1FA015CC30CFFA3EBEB5E6D844A13EC7DE4D"
"C:\Users\PC\Dragon_Tower\Assets\Eric VFX Studio\Resource\Materials\storm_wizard_01_Builtin.mat.meta","D7BC442333527348FD95536A3B151F78800EBB5D4307963E31DEFC67879A5B0F"
"C:\Users\PC\Dragon_Tower\Assets\Eric VFX Studio\Resource\Materials\storm_wizard_01.mat","64666D7BA7236FA438D8F1D24629DAF503E2D653278D722658D379E2ECD5D0B6"
"C:\Users\PC\Dragon_Tower\Assets\Eric VFX Studio\Resource\Materials\storm_wizard_01.mat.meta","1B2FBCD67E4686C6966057979C87FAA350A27CA1EB1122693BDD9EC224DBCAA3"
"C:\Users\PC\Dragon_Tower\Assets\Eric VFX Studio\Resource\Materials\tarl 1_b_Builtin.mat","72188D50BA4DD85EDC986095180C118B68D218FF6332D38E438A52D3D4216FC6"
"C:\Users\PC\Dragon_Tower\Assets\Eric VFX Studio\Resource\Materials\tarl 1_b_Builtin.mat.meta","631908D0BC308547926C61F4E0E13B4BC3647FD2B08E7A48D086F3D19610BB77"
"C:\Users\PC\Dragon_Tower\Assets\Eric VFX Studio\Resource\Materials\tarl 1_b.mat","0A3141A3BC3450C9644390D342DA639ECB1DD849FE61D00EEFDF4A1DACCA88DB"
"C:\Users\PC\Dragon_Tower\Assets\Eric VFX Studio\Resource\Materials\tarl 1_b.mat.meta","0817E0EF22902EB12CD9E18D3B5196564B11837BBCE228F682C166EFC77593BD"
"C:\Users\PC\Dragon_Tower\Assets\Eric VFX Studio\Resource\Materials\tarl_Builtin.mat","B97028890F1A7E19E83FAF8091EF332A21DEB07BE9DF704AB77D729748DB9422"
"C:\Users\PC\Dragon_Tower\Assets\Eric VFX Studio\Resource\Materials\tarl_Builtin.mat.meta","A046CEDD241BE622B93DA4E24A7BDBD64046622B9A650E11B18CA32EFF15E0A2"
"C:\Users\PC\Dragon_Tower\Assets\Eric VFX Studio\Resource\Materials\tarl.mat","7E82E43226833A09DF87FA01FE1498852996AB73A128B6D27055E230985B776C"
"C:\Users\PC\Dragon_Tower\Assets\Eric VFX Studio\Resource\Materials\tarl.mat.meta","547E9736EEE1A852E9166D4172CE9523BC40BA4A10B4B5CAD25BF6CD12DEA467"
"C:\Users\PC\Dragon_Tower\Assets\Eric VFX Studio\Resource\Materials\thorns_Builtin.mat","0D5174869CB74BCFF0948835E5D6270D3AEF8C19EAC78B5B4C01D2992E9269BE"
"C:\Users\PC\Dragon_Tower\Assets\Eric VFX Studio\Resource\Materials\thorns_Builtin.mat.meta","934194251D1B1653E9D222CFC60FC2E8F452A0214BB1507F5141E7EB5D4327BE"
"C:\Users\PC\Dragon_Tower\Assets\Eric VFX Studio\Resource\Materials\thorns.mat","EB7128ADC0419550A7E917E3841F15E81342B31A3E8D1E5328020632E3E6948B"
"C:\Users\PC\Dragon_Tower\Assets\Eric VFX Studio\Resource\Materials\thorns.mat.meta","3BE454E1BC5A165B69320DAF1C73DE72427C59613D314EE5E8EAA57E9BF7D720"
"C:\Users\PC\Dragon_Tower\Assets\Eric VFX Studio\Resource\Materials\tuowei_Builtin.mat","36676F82291161D13342C3E40B1043CD0777F5DEAE3BC2443B07D0FA27464D41"
"C:\Users\PC\Dragon_Tower\Assets\Eric VFX Studio\Resource\Materials\tuowei_Builtin.mat.meta","B493E4B9DAC1D95385F1FA52748D1AAEF42D1E9156679CE95D19476BD3D7B0F4"
"C:\Users\PC\Dragon_Tower\Assets\Eric VFX Studio\Resource\Materials\tuowei.mat","848D376CB90BF0A3D75172D399735AAC61E458EBA9E94AF2F9F4B636B942A4AA"
"C:\Users\PC\Dragon_Tower\Assets\Eric VFX Studio\Resource\Materials\tuowei.mat.meta","DF39FB64143EE28CC0C80311A9D86740FE67EADF90683ED8EAECEF3A7EF44274"
"C:\Users\PC\Dragon_Tower\Assets\Eric VFX Studio\Resource\Materials\twink_01_Builtin.mat","9594525794F7343970194421FB7F3C49DAAE59318C0AFFA21ADC17FC9F807248"
"C:\Users\PC\Dragon_Tower\Assets\Eric VFX Studio\Resource\Materials\twink_01_Builtin.mat.meta","5CC75FB84C9BFD1F8189B4FB9FCD85018EDCAB8DCB4771464184405EF45BD94B"
"C:\Users\PC\Dragon_Tower\Assets\Eric VFX Studio\Resource\Materials\twink_01.mat","81A87E0C1FCD9AD6D7B07446121E4C9D15F64CD02C9D71DF36FA96C45C354308"
"C:\Users\PC\Dragon_Tower\Assets\Eric VFX Studio\Resource\Materials\twink_01.mat.meta","D3358A9D41489A58F695E33040F6ECDEE63AAC43D6314D709CFA4CAB4CA63A70"
"C:\Users\PC\Dragon_Tower\Assets\Eric VFX Studio\Resource\Materials\vfx_particle_02_Builtin.mat","AF694863734EF161A898C000BF61BFC7B529D6AB22E36A49918C4EA9FFE437FE"
"C:\Users\PC\Dragon_Tower\Assets\Eric VFX Studio\Resource\Materials\vfx_particle_02_Builtin.mat.meta","5C83652FD86AC43DA0206FC4D121DB15AE4030633A7119B84E9159C66F94C46B"
"C:\Users\PC\Dragon_Tower\Assets\Eric VFX Studio\Resource\Materials\vfx_particle_02.mat","676336D5BFD197E61A638371E2A9C56AC5CDB71FA78D43D7CE756A55ACBB4069"
"C:\Users\PC\Dragon_Tower\Assets\Eric VFX Studio\Resource\Materials\vfx_particle_02.mat.meta","844D94E1EE1A22D3BA3C596777D11D0DB961864A718FCA4D448D405F8C38E4B1"
"C:\Users\PC\Dragon_Tower\Assets\Eric VFX Studio\Resource\Materials\vfx_particle_03b_Builtin.mat","08DFF246D1F4F90A3B491E6D7D436F6D1AE436E401C301AC31B939F45B5B0A79"
"C:\Users\PC\Dragon_Tower\Assets\Eric VFX Studio\Resource\Materials\vfx_particle_03b_Builtin.mat.meta","619AC153DEFF41E283374F8905C96D87079D179A7BA994F03A4929CAE2F4EFF6"
"C:\Users\PC\Dragon_Tower\Assets\Eric VFX Studio\Resource\Materials\vfx_particle_03b.mat","97745C6586C1E88C2E0EAC649608B3EB8AD2E12FB64E30F7EF06F6394B800485"
"C:\Users\PC\Dragon_Tower\Assets\Eric VFX Studio\Resource\Materials\vfx_particle_03b.mat.meta","E694721B3EC35293B7F73E28C039D3A98EAA7F674071AE6525F5FF9804889223"
"C:\Users\PC\Dragon_Tower\Assets\Eric VFX Studio\Resource\Materials\vfx_twinkle-add-02_Builtin.mat","13AD259FCBAE22A74E0862F5FA03939100C49FA70941649FFF6AFEE1AB29EA2F"
"C:\Users\PC\Dragon_Tower\Assets\Eric VFX Studio\Resource\Materials\vfx_twinkle-add-02_Builtin.mat.meta","FA32270D466C1E6DEA0E36B7F164EC171FE2FA0EEAB426FD9E91CBCD94CAF146"
"C:\Users\PC\Dragon_Tower\Assets\Eric VFX Studio\Resource\Materials\vfx_twinkle-add-02.mat","56C018319EF89A95D641C973BF28595001AE722920D0C9899C8B1ACFD4ECEA31"
"C:\Users\PC\Dragon_Tower\Assets\Eric VFX Studio\Resource\Materials\vfx_twinkle-add-02.mat.meta","339D89EEC57C37E777E4349B5068753C23FF6DD14A11FC3D590D958E5FCC974D"
"C:\Users\PC\Dragon_Tower\Assets\Eric VFX Studio\Resource\Materials\white_Slash_01_Builtin.mat","A70603FE0F213344E71F0A5AEF23C0B5A72920AAA13D2EA28AC66A9568CBAE36"
"C:\Users\PC\Dragon_Tower\Assets\Eric VFX Studio\Resource\Materials\white_Slash_01_Builtin.mat.meta","FA14BB800158F0AD6D7E4C966E3B058E9065D6D3392E792084AB653BB6BB39AC"
"C:\Users\PC\Dragon_Tower\Assets\Eric VFX Studio\Resource\Materials\white_Slash_01.mat","79826555714114FA8BAD16A22117AA06730CC0CCD082908486A4042DC27A1300"
"C:\Users\PC\Dragon_Tower\Assets\Eric VFX Studio\Resource\Materials\white_Slash_01.mat.meta","53EDF7C899A638AEFA61FFBE56DC69C58A901989A8CE84207190BBEA8C09C12D"
"C:\Users\PC\Dragon_Tower\Assets\Eric VFX Studio\Resource\Materials\wm-g01c_Builtin.mat","18C7944525C8EB27A7664B6E1FB7FAD58036535756462A087AAB988F4F682D48"
"C:\Users\PC\Dragon_Tower\Assets\Eric VFX Studio\Resource\Materials\wm-g01c_Builtin.mat.meta","0FA0D2BD600B4EEFD9222B2B3FF48E5C11E37E0FD9DB4DC651CC4425359E87AB"
"C:\Users\PC\Dragon_Tower\Assets\Eric VFX Studio\Resource\Materials\wm-g01c_purple_W03_Builtin.mat","C4D3E2B5E2E66932A3F8F0C3364690C011E90AAC49FBCB71F5B4A0D7DBC84DD6"
"C:\Users\PC\Dragon_Tower\Assets\Eric VFX Studio\Resource\Materials\wm-g01c_purple_W03_Builtin.mat.meta","DCCCE602E1DE25BF244B5D3C307F2F1DD59E41491340A0255B903FE9B9862A05"
"C:\Users\PC\Dragon_Tower\Assets\Eric VFX Studio\Resource\Materials\wm-g01c_purple_W03.mat","F699784CEFF3B527E395568B2964B4D7936BBA03798AA94571CA7D9BF7F51A92"
"C:\Users\PC\Dragon_Tower\Assets\Eric VFX Studio\Resource\Materials\wm-g01c_purple_W03.mat.meta","80B8F13C06467AB488D69637F4B31BFF51F2A4BB1317835FE876FF2E21566033"
"C:\Users\PC\Dragon_Tower\Assets\Eric VFX Studio\Resource\Materials\wm-g01c.mat","0B3DF2E4648637163CDB3A0EB94610844EAF0257B5D5D515AB630D20170D52C6"
"C:\Users\PC\Dragon_Tower\Assets\Eric VFX Studio\Resource\Materials\wm-g01c.mat.meta","36BDE2CCC00EE590282D21F5F7AB685EE3A0B6C0B630F4E60DBEC68D7CF49310"
"C:\Users\PC\Dragon_Tower\Assets\Eric VFX Studio\Resource\Materials\Yellow_flash_02_Builtin.mat","239DA30C9B98BBDBC8F01F04E3B98A82DE700B4EF50E5A7EC85CA377785A6079"
"C:\Users\PC\Dragon_Tower\Assets\Eric VFX Studio\Resource\Materials\Yellow_flash_02_Builtin.mat.meta","06FB146A559ED20D72E19DCA1C33973259196468D080791FE961A9130A0DF031"
"C:\Users\PC\Dragon_Tower\Assets\Eric VFX Studio\Resource\Materials\Yellow_flash_02.mat","66C1BFB0CA036AE9E066136AE7F662D85000C86FE1647E531672E8FE22FF1053"
"C:\Users\PC\Dragon_Tower\Assets\Eric VFX Studio\Resource\Materials\Yellow_flash_02.mat.meta","6332AF134666E44C4B0C63BACA3C094A443E5782AA60348A45FE1CB107481EB0"
"C:\Users\PC\Dragon_Tower\Assets\Eric VFX Studio\Resource\Materials\zxv effects_textures_Builtin.mat","FAE7C6E81D3500D6A2F7FEA99D0E659B8334842C2A2630E4E365B3FC2DD74C35"
"C:\Users\PC\Dragon_Tower\Assets\Eric VFX Studio\Resource\Materials\zxv effects_textures_Builtin.mat.meta","CD201F66CBBCFDC660C0C9CD2688A91C1E11C90A478CC485117D4BFFAFC88854"
"C:\Users\PC\Dragon_Tower\Assets\Eric VFX Studio\Resource\Materials\zxv effects_textures.mat","4235290872C7EF11FAA1095146C1A0DDE9E87FCE9680E75814A63378A0986BCB"
"C:\Users\PC\Dragon_Tower\Assets\Eric VFX Studio\Resource\Materials\zxv effects_textures.mat.meta","BBB91E998A56ABC8D1B99253F64DC11FF2844C4D342E2E85636A081536B2143E"
"C:\Users\PC\Dragon_Tower\Assets\Eric VFX Studio\Resource\Mesh\20002_Sphere.FBX","B6053F276A504B2F4FB4B5401B84D3465584CB6A727E149C4322F0CEE4FE8A71"
"C:\Users\PC\Dragon_Tower\Assets\Eric VFX Studio\Resource\Mesh\20002_Sphere.FBX.meta","FEA804CB6336A71787145D7283F7A94A5DA4B8AE4BF680A07EA579C30B4BCC78"
"C:\Users\PC\Dragon_Tower\Assets\Eric VFX Studio\Resource\Mesh\aura_01.FBX","1676F14FEAC18F09743E284744C20D0BA4866B5444264F972BD92E994E6DC532"
"C:\Users\PC\Dragon_Tower\Assets\Eric VFX Studio\Resource\Mesh\aura_01.FBX.meta","DE1497772B5EEDED15DBE612FFCB295BC8F5BD82C67E90262F15FDEDEC757C48"
"C:\Users\PC\Dragon_Tower\Assets\Eric VFX Studio\Resource\Mesh\aura_02.FBX","0456EED6B3FAC551352E6C1333200E4935F2486EFF720DE37AFB85A5ACBCBFB5"
"C:\Users\PC\Dragon_Tower\Assets\Eric VFX Studio\Resource\Mesh\aura_02.FBX.meta","ACE206908B8CFF89C59FC2390BB62429476F29751D8057F8E9415C8062886AF5"
"C:\Users\PC\Dragon_Tower\Assets\Eric VFX Studio\Resource\Mesh\cone_001.FBX","6F91FB1A01E239E1259E2961F54D93753A7EAA3CCF370EC5B1821EFE36C58393"
"C:\Users\PC\Dragon_Tower\Assets\Eric VFX Studio\Resource\Mesh\cone_001.FBX.meta","7A61C2EAF0A9D7770EA9546E6E81BBC3D43CFA1482AC7AF69B1B7968A56C7481"
"C:\Users\PC\Dragon_Tower\Assets\Eric VFX Studio\Resource\Mesh\cone02_20pl.fbx","DC3C5807D1B8F63F1D76A26E142E673F53E88438D68F864816A2861AE734DD59"
"C:\Users\PC\Dragon_Tower\Assets\Eric VFX Studio\Resource\Mesh\cone02_20pl.fbx.meta","0A9446DE6735C2080A508932B9B6D85FBAEAAF7A8A01CD6434E385A5518DBA56"
"C:\Users\PC\Dragon_Tower\Assets\Eric VFX Studio\Resource\Mesh\Cylinder_001.FBX","AC3051ED4E5C01A009F485C4D9523E49617BF2EF12A4EDE8509C18CE313C9869"
"C:\Users\PC\Dragon_Tower\Assets\Eric VFX Studio\Resource\Mesh\Cylinder_001.FBX.meta","27DF8F3A3C34D21E15D685AFE17FE9861EBCB6D21B1E511EACE7E6C8014B391A"
"C:\Users\PC\Dragon_Tower\Assets\Eric VFX Studio\Resource\Mesh\cylinder_alpha0.FBX","59EB9C16FA97F5D9F9CB42B51929464854DAF5A65FB9E4BD7A1EDC6D82395351"
"C:\Users\PC\Dragon_Tower\Assets\Eric VFX Studio\Resource\Mesh\cylinder_alpha0.FBX.meta","6E246452C0D68B289AAE315EA41C5AACC9412D252411E1CDF54DFA6775F5A5A7"
"C:\Users\PC\Dragon_Tower\Assets\Eric VFX Studio\Resource\Mesh\daodantou.FBX","7B5E5A5A01000928D7861B360EA8415B791BBB42308E68B4198FD0BCDC798BAA"
"C:\Users\PC\Dragon_Tower\Assets\Eric VFX Studio\Resource\Mesh\daodantou.FBX.meta","C265D7A3272A9C36281ADF568DADA26F08135189B18931BC0905BA90D11F417B"
"C:\Users\PC\Dragon_Tower\Assets\Eric VFX Studio\Resource\Mesh\dau_02.FBX","C8AC484394052BC31D96747FD5CDE6731BA68411C06393413ACA466800E9FCB5"
"C:\Users\PC\Dragon_Tower\Assets\Eric VFX Studio\Resource\Mesh\dau_02.FBX.meta","DA894D21CF3BA8BC2D0C91394927B60F40436A20A09F89B61525B9C8D4A8037A"
"C:\Users\PC\Dragon_Tower\Assets\Eric VFX Studio\Resource\Mesh\DownC_001.FBX","FFC51C04641672AB3DF80449393F8CC92CBA5C24006649FBFB3669BBF1C7D49A"
"C:\Users\PC\Dragon_Tower\Assets\Eric VFX Studio\Resource\Mesh\DownC_001.FBX.meta","058C102711C1EA76901D374118E88DF5EB25F44845FE5A1CFB652CF3545B545A"
"C:\Users\PC\Dragon_Tower\Assets\Eric VFX Studio\Resource\Mesh\Eric_SlashP01.FBX","CE09120585DF38D6FFB32A98C7F8FB61257D5B00515EAE881C4C2842DB1E9F49"
"C:\Users\PC\Dragon_Tower\Assets\Eric VFX Studio\Resource\Mesh\Eric_SlashP01.FBX.meta","7CEA85420DBF1A8A5EE163ECF05CFCB539AA4A05C79A91520327C81D40021526"
"C:\Users\PC\Dragon_Tower\Assets\Eric VFX Studio\Resource\Mesh\Fireball.fbx","4B8A0143BF05B233C1492538A9FF8F5D60ECF252E56E09424668532CEC02B459"
"C:\Users\PC\Dragon_Tower\Assets\Eric VFX Studio\Resource\Mesh\Fireball.fbx.meta","2FD60C83F953DE4306565DC4577CE56945AE0805CA433EE79F72537847FBE511"
"C:\Users\PC\Dragon_Tower\Assets\Eric VFX Studio\Resource\Mesh\floorbroke.FBX","8570CAB61DC321B75A09066F2A0F694BEEAB6E1C9718FDDED3CE751461F2371D"
"C:\Users\PC\Dragon_Tower\Assets\Eric VFX Studio\Resource\Mesh\floorbroke.FBX.meta","4AFA462A76B7C3F398FF4FCB08E2871CA112398B42E6CB8AC8058812677ADAB6"
"C:\Users\PC\Dragon_Tower\Assets\Eric VFX Studio\Resource\Mesh\HalfSphere01.FBX","A2A773DF459E3707A4B2197FC3E9FD9608BFC14B45B3F9DC6D143A261ADFC069"
"C:\Users\PC\Dragon_Tower\Assets\Eric VFX Studio\Resource\Mesh\HalfSphere01.FBX.meta","11D35832C2B0B14A48F9070F3C98CE14DA69B800FE8E21B0ECCAF7E4F355910A"
"C:\Users\PC\Dragon_Tower\Assets\Eric VFX Studio\Resource\Mesh\line_01.FBX","30D3E8A74731E3ED09A19C75D268D1C2CA6A1E18D6A6D104E17AA23C5F951CD9"
"C:\Users\PC\Dragon_Tower\Assets\Eric VFX Studio\Resource\Mesh\line_01.FBX.meta","9D4A8F63FE10FE1245DCBFEE194F58B892A38843E063654665CC3E8CBFC69238"
"C:\Users\PC\Dragon_Tower\Assets\Eric VFX Studio\Resource\Mesh\line_02.FBX","4A51DBCBEA10A31A517184291CD01D33A7A2FB8ED467E0826AB07175A3BFD3F3"
"C:\Users\PC\Dragon_Tower\Assets\Eric VFX Studio\Resource\Mesh\line_02.FBX.meta","FE4F2978AB3B3F7BE166A6BDAC2F7E384B8283920F52FCEEDE7C2468FC3195F3"
"C:\Users\PC\Dragon_Tower\Assets\Eric VFX Studio\Resource\Mesh\line_04.FBX","21E932455CEC794B4C9C128A3B0531DEBD65E20C5652D6CD9115EBD235FB4A33"
"C:\Users\PC\Dragon_Tower\Assets\Eric VFX Studio\Resource\Mesh\line_04.FBX.meta","EB5D09E4F95F830BB246D6B6DC09B3986A57CA4A546CEE5CE394075866070A6F"
"C:\Users\PC\Dragon_Tower\Assets\Eric VFX Studio\Resource\Mesh\Line_Center.FBX","E41E57B203E547D34929616202EF3825B3AF04CC10B872285F0BB4BD6879C47E"
"C:\Users\PC\Dragon_Tower\Assets\Eric VFX Studio\Resource\Mesh\Line_Center.FBX.meta","962E8780F871A1B332CADCFC889D44F4AD95490EECB4E75A154B175FD5842C8D"
"C:\Users\PC\Dragon_Tower\Assets\Eric VFX Studio\Resource\Mesh\plane_lighting1.FBX","1228657AD48F177705EB018D79D6E3A81BACE0F1262984C8120784FC5293B48D"
"C:\Users\PC\Dragon_Tower\Assets\Eric VFX Studio\Resource\Mesh\plane_lighting1.FBX.meta","BAA44684923B9B5FDB6D9D9935823BEC50D80B2FFDFE04F37B4BAA8B27503231"
"C:\Users\PC\Dragon_Tower\Assets\Eric VFX Studio\Resource\Mesh\Plane_Line_01.FBX","8F5D57D0F324661271E3FA7BD02EEBA927AB912199CA0D5F4D328B441F021896"
"C:\Users\PC\Dragon_Tower\Assets\Eric VFX Studio\Resource\Mesh\Plane_Line_01.FBX.meta","D40D101BFED90BB82B7D9824980090C06FA69DB3BC5D4491B9F9C2FB22927330"
"C:\Users\PC\Dragon_Tower\Assets\Eric VFX Studio\Resource\Mesh\PlaneDown_001.FBX","42381C8D64356DCC06241573DD8EF74CE6D5CF64FEB24D45A7D2753BDA76A3C1"
"C:\Users\PC\Dragon_Tower\Assets\Eric VFX Studio\Resource\Mesh\PlaneDown_001.FBX.meta","5AD0B75644D504ADD402C95F8FB9AB37C7752F19733410D5626BB5367455C904"
"C:\Users\PC\Dragon_Tower\Assets\Eric VFX Studio\Resource\Mesh\PlaneL.FBX","078108B2FE1B3AE8E068547622E88A2307F09645F50F3D82E7A45DD2FD8B43CC"
"C:\Users\PC\Dragon_Tower\Assets\Eric VFX Studio\Resource\Mesh\PlaneL.FBX.meta","14AD965C3568EC07A405400C86B75F13AE15665EB00059C2CD2D3668FE66344F"
"C:\Users\PC\Dragon_Tower\Assets\Eric VFX Studio\Resource\Mesh\pz_002.FBX","341DA15AC414B828780B3FDC44C95D35920F185F20DA978174C206EF1974BF41"
"C:\Users\PC\Dragon_Tower\Assets\Eric VFX Studio\Resource\Mesh\pz_002.FBX.meta","D1E53EFB10011EBFDF0A72C97D9AEADA4C298846FB46D91B2BFEA29E6BA6ABC4"
"C:\Users\PC\Dragon_Tower\Assets\Eric VFX Studio\Resource\Mesh\pzplane2.FBX","728E1B359A15C8216FDF6E915BD20FE476906BD3D0B0EE64510237DF2E944968"
"C:\Users\PC\Dragon_Tower\Assets\Eric VFX Studio\Resource\Mesh\pzplane2.FBX.meta","8A36A2A1A84FFA90C9671075A93CC49E63245B4C12E9250D410B610B9B1DB2DE"
"C:\Users\PC\Dragon_Tower\Assets\Eric VFX Studio\Resource\Mesh\rockplane_01.FBX","9C96977828224FA6EC0D34D9CF49575C58E11A103D45D0E9053EF5322493FE74"
"C:\Users\PC\Dragon_Tower\Assets\Eric VFX Studio\Resource\Mesh\rockplane_01.FBX.meta","9E8F8ADDAC03691BEA9507E64B97C37CC589E8BC731D27653DBD4A80D364D5C2"
"C:\Users\PC\Dragon_Tower\Assets\Eric VFX Studio\Resource\Mesh\rockplane_02.FBX","A6D04F94175E363A356E94AC5FD1E71C703A4E69A70D071B6DA3F6EAC51D60DC"
"C:\Users\PC\Dragon_Tower\Assets\Eric VFX Studio\Resource\Mesh\rockplane_02.FBX.meta","A7DD517563D4D9C43BAE48FA9F660292E318336A6A6652590F23E825C6F9C048"
"C:\Users\PC\Dragon_Tower\Assets\Eric VFX Studio\Resource\Mesh\Rotation_Line_001.FBX","4E73233EB5D4355C7A1A9B850BE4395AD1B4E3D3B4D4DDD6CAC44088A6BEA38C"
"C:\Users\PC\Dragon_Tower\Assets\Eric VFX Studio\Resource\Mesh\Rotation_Line_001.FBX.meta","07031E16101A3943422028440C5403428375C1EC603111C964AAE814F6E9DC53"
"C:\Users\PC\Dragon_Tower\Assets\Eric VFX Studio\Resource\Mesh\slash_mesh_002.FBX","37E74CE8C993EBE9DE405E872B5155ADB5AE0D521A0D7B7C1FE0243669D8E017"
"C:\Users\PC\Dragon_Tower\Assets\Eric VFX Studio\Resource\Mesh\slash_mesh_002.FBX.meta","37BCF5ED1580177C70E7784CBE80D8A881AD59AB2693545E2BF2808D28B76DA9"
"C:\Users\PC\Dragon_Tower\Assets\Eric VFX Studio\Resource\Mesh\slash_mesh_004.FBX","1D6DF8DEA8A1DB70DD62CFED174A614AF34FD2A8212A4069D87C05B95B504920"
"C:\Users\PC\Dragon_Tower\Assets\Eric VFX Studio\Resource\Mesh\slash_mesh_004.FBX.meta","AB85B4EB522CAD838A45362301A1B0D201E99CD05AD763E4B260EED807EAB8B9"
"C:\Users\PC\Dragon_Tower\Assets\Eric VFX Studio\Resource\Mesh\slash_mesh_005.FBX","D84B8B1B9BC7AAC62F88149734D4E7D522A995BC55CE620F7235230853AC7646"
"C:\Users\PC\Dragon_Tower\Assets\Eric VFX Studio\Resource\Mesh\slash_mesh_005.FBX.meta","629475612E1AF24AEB04F938E8A4DCE69F3A26B681865E5DC8CCD5574A9D1152"
"C:\Users\PC\Dragon_Tower\Assets\Eric VFX Studio\Resource\Mesh\slash_mesh_006.FBX","C9347FA3A6B7256C2251B64CB71E65AA1D2ACF00E3A1A8FA48D00A8E9BF88BE0"
"C:\Users\PC\Dragon_Tower\Assets\Eric VFX Studio\Resource\Mesh\slash_mesh_006.FBX.meta","B28E6AB300354C0A12217595F6E36723907EE7CF910352412EA5ADD6681D5709"
"C:\Users\PC\Dragon_Tower\Assets\Eric VFX Studio\Resource\Mesh\slash_mesh_007.FBX","7A759FA0D1175CA97F129C70512A32B29835F0C3F9D9B0199FC01F22EEC1AAEA"
"C:\Users\PC\Dragon_Tower\Assets\Eric VFX Studio\Resource\Mesh\slash_mesh_007.FBX.meta","3F318695B4F5EB97D88944094D45F25A45DA8AB231166AE5635F59434EE95C3A"
"C:\Users\PC\Dragon_Tower\Assets\Eric VFX Studio\Resource\Mesh\Slash_Mesh001.FBX","054747A558CB62EA8AF4041377B4F6C94730773A29C330AAE50895389193DB6F"
"C:\Users\PC\Dragon_Tower\Assets\Eric VFX Studio\Resource\Mesh\Slash_Mesh001.FBX.meta","EA78FAE18D5DC2ADF8766B3D71BC54893F5910B37B72A50328AC45F08BB05A1B"
"C:\Users\PC\Dragon_Tower\Assets\Eric VFX Studio\Resource\Mesh\Slash.FBX","DE227DBD3C772049F6328E967C1322B8128AFE3C835F55B99A00C53F5842BE54"
"C:\Users\PC\Dragon_Tower\Assets\Eric VFX Studio\Resource\Mesh\Slash.FBX.meta","C2015688E1E9E61D055E5D5B99667E7EB34339A6E5A7034E0A27C54BA6505E22"
"C:\Users\PC\Dragon_Tower\Assets\Eric VFX Studio\Resource\Mesh\Slashmesh_003.FBX","418170BB50D05453BEFE7AF327711E82C0EAAEB3D7E0C7BEE229FDE7471A6A4D"
"C:\Users\PC\Dragon_Tower\Assets\Eric VFX Studio\Resource\Mesh\Slashmesh_003.FBX.meta","7F50186E1FE65FA018C2312256F6D045266CD1E87EBA9A512635DE204294AB46"
"C:\Users\PC\Dragon_Tower\Assets\Eric VFX Studio\Resource\Mesh\SlashP01.FBX","014001037924B2B0621B834759DB30C4ABB1446527B056E4B4F8298E00DBDF65"
"C:\Users\PC\Dragon_Tower\Assets\Eric VFX Studio\Resource\Mesh\SlashP01.FBX.meta","E6C40753A025267521ECFCB3522967A074BC1C7B58BFFBA8FC234118EF7F43DB"
"C:\Users\PC\Dragon_Tower\Assets\Eric VFX Studio\Resource\Mesh\SlashP02.FBX","82909684AC1239D71314DFA97D45D8DFF6F33D95C61A21038213A1C6DB50F74B"
"C:\Users\PC\Dragon_Tower\Assets\Eric VFX Studio\Resource\Mesh\SlashP02.FBX.meta","60C061A9F3FD1AA255280D487536D4ED37D388F2D5833297D23AD1F4BB7D61E9"
"C:\Users\PC\Dragon_Tower\Assets\Eric VFX Studio\Resource\Mesh\sphere_12pl.fbx","AA380B3DB7410A521796A125317B2849955E0C195DB667F0489E1FA0E1CC14AB"
"C:\Users\PC\Dragon_Tower\Assets\Eric VFX Studio\Resource\Mesh\sphere_12pl.fbx.meta","A15CC187025A322D158A0D462761B0EB5390D262F43356355D6A0F9577964AE6"
"C:\Users\PC\Dragon_Tower\Assets\Eric VFX Studio\Resource\Mesh\sphere_8pl.fbx","2D2485655C6E921EB2C23117EE9187BA3F258DAF3BEBFF5E2CF2A137B78A2B0D"
"C:\Users\PC\Dragon_Tower\Assets\Eric VFX Studio\Resource\Mesh\sphere_8pl.fbx.meta","636D5A65FB80F214660D4255B8DD80AFB315F4C0CB7A9A50DC872DE964D1A3C7"
"C:\Users\PC\Dragon_Tower\Assets\Eric VFX Studio\Resource\Mesh\Summon_Cylinder01.FBX","721438115DFEA6B24EE9D333C0EE95A16BBCADB6907DC6B68865EEC1EB489E96"
"C:\Users\PC\Dragon_Tower\Assets\Eric VFX Studio\Resource\Mesh\Summon_Cylinder01.FBX.meta","38E99A86E07FCEECD867F8B940456F5CB5AE512FF13E096E3FDE2622A622547E"
"C:\Users\PC\Dragon_Tower\Assets\Eric VFX Studio\Resource\Mesh\Summon_Cylinder02.FBX","FBD43AA584D97A055A7CCBE30DACBC9C9D785901742B6E888C3E0C5A25B64B54"
"C:\Users\PC\Dragon_Tower\Assets\Eric VFX Studio\Resource\Mesh\Summon_Cylinder02.FBX.meta","B2E4BE3B92F4B6CB18D4CEED409E85189EBE06CD50D0D68563C63A5B0057FB1F"
"C:\Users\PC\Dragon_Tower\Assets\Eric VFX Studio\Resource\Mesh\VFXCurve10.obj","310698B3F2FF0DA8958DF05325F47906CD5C2790CA06F3C9A5D7F980425A83B2"
"C:\Users\PC\Dragon_Tower\Assets\Eric VFX Studio\Resource\Mesh\VFXCurve10.obj.meta","E226A70232D5B9BD23219C9030717FBB8919A77948E22B883F29194B469F8024"
"C:\Users\PC\Dragon_Tower\Assets\Eric VFX Studio\Resource\Mesh\VFXCurveMesh04.fbx","62258B8CFAD782ACDBD7E6702E3DA891635F5447AB1A9E09509F43DC1FE298A7"
"C:\Users\PC\Dragon_Tower\Assets\Eric VFX Studio\Resource\Mesh\VFXCurveMesh04.fbx.meta","4F2D0CCF151B35CEA70C224C6453BCF312F7929C163F381E22CF7EE0AF128B99"
"C:\Users\PC\Dragon_Tower\Assets\Eric VFX Studio\Resource\Mesh\xuanzhuan3.FBX","79CD7FB21A0E49AEDC0B903C614FCF17F7BB4963E6C464F0D46E5FC4CF523079"
"C:\Users\PC\Dragon_Tower\Assets\Eric VFX Studio\Resource\Mesh\xuanzhuan3.FBX.meta","8787D67F404FB7CFC7DFCC49CCCF18D252F0D405A89E8513F33142C3A6FFA71B"
"C:\Users\PC\Dragon_Tower\Assets\Eric VFX Studio\Resource\Mesh\yanhuan.FBX","0C02B2D1A332F7A5C1FAC027155D3F3C1EC80174AD67821AC20339D1F8F77904"
"C:\Users\PC\Dragon_Tower\Assets\Eric VFX Studio\Resource\Mesh\yanhuan.FBX.meta","D8EFD193C24AFC1FA3C7B494926123F942DBF6AE8AA770AC8FC0E063941C3103"
"C:\Users\PC\Dragon_Tower\Assets\Eric VFX Studio\Resource\Shader\AdditiveFlow.shader","403011568ABDE55D2FF0D42B216FA7A1917B0AE08CF1EF9841A5FCEFFF594C70"
"C:\Users\PC\Dragon_Tower\Assets\Eric VFX Studio\Resource\Shader\AdditiveFlow.shader.meta","FA8732D1C214C47BC4CEE6C4E75E08A17C3593C4935C91AD33C7F88D0CBB478F"
"C:\Users\PC\Dragon_Tower\Assets\Eric VFX Studio\Resource\Shader\AlphaBlendFlow.shader","793386D6718100EF591C12F3B55E8331CA4A3EF108DAF6D4BEC0BBE6A116896B"
"C:\Users\PC\Dragon_Tower\Assets\Eric VFX Studio\Resource\Shader\AlphaBlendFlow.shader.meta","110BA4A04857BE1A6BDF5BFFC1B5E768C6F992EB47484CE72A27B0E81619AC88"
"C:\Users\PC\Dragon_Tower\Assets\Eric VFX Studio\Resource\Shader\Builtin_AdditiveFlow.shader","5856DAB6EE01C37A8180185AF13A5A4AC33E0AFD21E268F18A9F664A9B0CEF4F"
"C:\Users\PC\Dragon_Tower\Assets\Eric VFX Studio\Resource\Shader\Builtin_AdditiveFlow.shader.meta","0A7B607DAD3C12B8DE528773CC7031C7FDFFF339C3005CBFA9E94C6249BBD89B"
"C:\Users\PC\Dragon_Tower\Assets\Eric VFX Studio\Resource\Shader\Builtin_AlphaBlendFlow.shader","55326B0D78D8702396E1A3AF4E190124AABCE4EFDCD73C66993C5F4B2F6D80FF"
"C:\Users\PC\Dragon_Tower\Assets\Eric VFX Studio\Resource\Shader\Builtin_AlphaBlendFlow.shader.meta","72218D5650F00284A871548BD6C028AC339758E7A58CBA2F011606F9322E0E39"
"C:\Users\PC\Dragon_Tower\Assets\Eric VFX Studio\Resource\Shader\URP~\AdditiveFlow.shader","09CF6FE34FF2895BA1E7D026919E9B95AC2CE082AB44B7A23554B4A04E7BAC71"
"C:\Users\PC\Dragon_Tower\Assets\Eric VFX Studio\Resource\Shader\URP~\AlphaBlendFlow.shader","B837E362EB7E4DBC9CF902D3A70A348C89F8B963B17B55F0DFFCFAEDFD2BD0B0"
"C:\Users\PC\Dragon_Tower\Assets\Eric VFX Studio\Resource\Textures\A35.png","C11182C90847C8EB5D56B2B6CA10C6B43036438C69587FAEC08C5B1F66A55B8C"
"C:\Users\PC\Dragon_Tower\Assets\Eric VFX Studio\Resource\Textures\A35.png.meta","3ED5C5B4458A6E0BA4E19D0D64A2BC710CEA25B67C3595E0BD3044D309B378DA"
"C:\Users\PC\Dragon_Tower\Assets\Eric VFX Studio\Resource\Textures\A36.png","2DE0D587C796224FACF31DE88D6CAAA373378F4F3868F05EC8D0ACC9CE8D50A2"
"C:\Users\PC\Dragon_Tower\Assets\Eric VFX Studio\Resource\Textures\A36.png.meta","3E0FE1455094AFA854863238174141D61D5C8C0D89996E2DA325A8769BDFCA1E"
"C:\Users\PC\Dragon_Tower\Assets\Eric VFX Studio\Resource\Textures\accelerator_smoke.png","A80260126235F1CEBF7430E0CA4AFB6904D9EBE52AD543141DE2FAF85622D880"
"C:\Users\PC\Dragon_Tower\Assets\Eric VFX Studio\Resource\Textures\accelerator_smoke.png.meta","51B1274166FB87B73DE55F742B70D6358277C6EC4FE17A46C42A27ECC8DF3402"
"C:\Users\PC\Dragon_Tower\Assets\Eric VFX Studio\Resource\Textures\Aim_01.png","A366E3667086DFA0DAB33951346BF121B4EF5F3094547C057CEEF0BE58DB0959"
"C:\Users\PC\Dragon_Tower\Assets\Eric VFX Studio\Resource\Textures\Aim_01.png.meta","28D5EDEB4FC072E7466A95AEBC357DA08EF56FE81E953F73BEC170E3FBE489D8"
"C:\Users\PC\Dragon_Tower\Assets\Eric VFX Studio\Resource\Textures\alpha_ball3.png","933AE09D65307EDD0DB883C3BC56B90476453C91679135C3ED8E9FFF96A1B73A"
"C:\Users\PC\Dragon_Tower\Assets\Eric VFX Studio\Resource\Textures\alpha_ball3.png.meta","90560B8EB0D273AC36535331CB745597E20EE35BB106DD1686A7F5BE98A9E53C"
"C:\Users\PC\Dragon_Tower\Assets\Eric VFX Studio\Resource\Textures\alpha_point.png","3FAF5077AEE3A5485714A63D25B6925ADF0DECFB13F9016422602F2145C4629E"
"C:\Users\PC\Dragon_Tower\Assets\Eric VFX Studio\Resource\Textures\alpha_point.png.meta","887BC0DAA6E7F4B0B5C9770DA81AE381240EDE7BD573CD3F57C41869227A9EE2"
"C:\Users\PC\Dragon_Tower\Assets\Eric VFX Studio\Resource\Textures\arcane_red_sheet.png","053EBA88F2BB7A633B4A04C38106758AD7AF6E058FD84D12BEA05B8A26A53894"
"C:\Users\PC\Dragon_Tower\Assets\Eric VFX Studio\Resource\Textures\arcane_red_sheet.png.meta","C5877F636BA1937D87CAA6959DD6EE04178C3EE4D7978794C5CA04BB6E7F62E4"
"C:\Users\PC\Dragon_Tower\Assets\Eric VFX Studio\Resource\Textures\Attack_closs01.png","58696DF39B2813226640C9B99B5B475EBFEF680EFE6BA42B2EC49C4AC3297291"
"C:\Users\PC\Dragon_Tower\Assets\Eric VFX Studio\Resource\Textures\Attack_closs01.png.meta","0F7E36E4B87031FCAE4EE9ABE82986B7F6D45FBB82484767EAFE56D30F8BEA12"
"C:\Users\PC\Dragon_Tower\Assets\Eric VFX Studio\Resource\Textures\Attack_closs02.png","A9A0A7AB468654FD8D74D7CDCFA53CC10ACC71A41FEB4F31DFF2E66A366FC3B8"
"C:\Users\PC\Dragon_Tower\Assets\Eric VFX Studio\Resource\Textures\Attack_closs02.png.meta","F277B81F0F574DB439199517F996559440F1622878A4DAABEE4CD42315B0C4EA"
"C:\Users\PC\Dragon_Tower\Assets\Eric VFX Studio\Resource\Textures\Attack_closs03.png","9F3A4A9EEAF7332C00DE2A0653A9CE14E6E76CC2061062EEE6CD3B45D4E12442"
"C:\Users\PC\Dragon_Tower\Assets\Eric VFX Studio\Resource\Textures\Attack_closs03.png.meta","6F3E7384D09F6BB37A41FBD6E1910534FADD5BE00A3C8F47138E4EE523DE587F"
"C:\Users\PC\Dragon_Tower\Assets\Eric VFX Studio\Resource\Textures\aura_C001.png","9754103DDAA6946808F990F1B8EF5230FC14C5A806D50C291EF70384313EB62B"
"C:\Users\PC\Dragon_Tower\Assets\Eric VFX Studio\Resource\Textures\aura_C001.png.meta","1CB674A473BCA6769ADFE9416400D7259131D32BE2234B8A84D4041C9C448E69"
"C:\Users\PC\Dragon_Tower\Assets\Eric VFX Studio\Resource\Textures\aura_C002.png","18140B8380A5041F2ACF13BD97D5A95375BD890F42141E9A3A3BACD6A54C55B8"
"C:\Users\PC\Dragon_Tower\Assets\Eric VFX Studio\Resource\Textures\aura_C002.png.meta","E815FFDF97C549BC226031C0C6AA54371C14194CF40A657C4D2F6CFEBF0437C6"
"C:\Users\PC\Dragon_Tower\Assets\Eric VFX Studio\Resource\Textures\aura_C004.png","F33B950FF25BCF211E17DE64114B7C5B4D8513F70A515713375D6DFE81B46CAB"
"C:\Users\PC\Dragon_Tower\Assets\Eric VFX Studio\Resource\Textures\aura_C004.png.meta","E013645E3A81B9C6E33DF1C5EDB1692F5355533CE358C53E78103CDBF6E06AC6"
"C:\Users\PC\Dragon_Tower\Assets\Eric VFX Studio\Resource\Textures\aura_C005.png","752A29C057FF278E46DF1C6961BBBC64C8D02EF15AFEAED8F90236CF6FE04C9C"
"C:\Users\PC\Dragon_Tower\Assets\Eric VFX Studio\Resource\Textures\aura_C005.png.meta","3C3DF120DCE2F2ACCAE6BD073BA8BA69CEB7576F8FB91FF1C72A558D4D16FBE1"
"C:\Users\PC\Dragon_Tower\Assets\Eric VFX Studio\Resource\Textures\Background_paticle_purple_W01.png","2BD8CB18613D0A52EE314E60FBE76C6DF7EF6AFC1895721444A9DB09DBE8CCA5"
"C:\Users\PC\Dragon_Tower\Assets\Eric VFX Studio\Resource\Textures\Background_paticle_purple_W01.png.meta","3E24782B85A43C3506C663CAA50534473EF09BE82739BDF3B68005B0A5D607F7"
"C:\Users\PC\Dragon_Tower\Assets\Eric VFX Studio\Resource\Textures\Background_paticle02.png","3F0F24A007A0CFB9654AE23ABA9270F4A9F02D46C7B50CEB3BD8B604FF483FCB"
"C:\Users\PC\Dragon_Tower\Assets\Eric VFX Studio\Resource\Textures\Background_paticle02.png.meta","0B52A783655416E8EBD21B594BCE446D8D9854EE288F26AD2904E2D86D57AB7B"
"C:\Users\PC\Dragon_Tower\Assets\Eric VFX Studio\Resource\Textures\Background_paticle07.png","4DE3A5DD745AD199443DF741C3F6C04B8607CCABB37193109D8D1B17C505FFA9"
"C:\Users\PC\Dragon_Tower\Assets\Eric VFX Studio\Resource\Textures\Background_paticle07.png.meta","4D6BB47998589F3DECF1B2A48ACE02138E8A44F9C40A354879B5679990911CE5"
"C:\Users\PC\Dragon_Tower\Assets\Eric VFX Studio\Resource\Textures\ball_o.png","26787F87E02EEE3D8DF7FCB3A5EB97BEB5D7CCF31411CE1BE8200C9D8A686068"
"C:\Users\PC\Dragon_Tower\Assets\Eric VFX Studio\Resource\Textures\ball_o.png.meta","868C5679FB499701D7AB3FBCE3CBA13554F84DE1B82ECA87BB5FBB9169B54B47"
"C:\Users\PC\Dragon_Tower\Assets\Eric VFX Studio\Resource\Textures\baoguang1.png","9E35C1C8429BC6F5B99AAA6B37E9671391B610BA362DC9BAC603316DB665D241"
"C:\Users\PC\Dragon_Tower\Assets\Eric VFX Studio\Resource\Textures\baoguang1.png.meta","1E6810380A03ADCBD2C6B117129F3E2F377619A8CB19E460D49047CF476DD8CF"
"C:\Users\PC\Dragon_Tower\Assets\Eric VFX Studio\Resource\Textures\bbc3eec0.png","6C6E53809BBDC120183F94BEE7015C125895B682A61F05C531C9FD66961294DD"
"C:\Users\PC\Dragon_Tower\Assets\Eric VFX Studio\Resource\Textures\bbc3eec0.png.meta","F948986DB1E39559C8D745D4067D6DF78D3D920C22D791D3070093021A9191B2"
"C:\Users\PC\Dragon_Tower\Assets\Eric VFX Studio\Resource\Textures\beam_core_bottom_a_sheet.png","DA255CBE779DE7BEFDC797A26867607B76C3DA3A7267C4C8596DB5C8B301081B"
"C:\Users\PC\Dragon_Tower\Assets\Eric VFX Studio\Resource\Textures\beam_core_bottom_a_sheet.png.meta","7A95216CF525BEA5EF3E0F5597F68654CB4674E073F347C84060558893980806"
"C:\Users\PC\Dragon_Tower\Assets\Eric VFX Studio\Resource\Textures\bl_02.png","A1985DE45F7639CE4D896800C68551EB4359089FE23EB33C728A0AEB75FAB4A3"
"C:\Users\PC\Dragon_Tower\Assets\Eric VFX Studio\Resource\Textures\bl_02.png.meta","7B4A6C3C8F289C6D4AD1F6B70089F2EE5A7F57494F89A2291E42E3AAD07D1232"
"C:\Users\PC\Dragon_Tower\Assets\Eric VFX Studio\Resource\Textures\bl_purple_W01.png","DAB1219E094B92461431DF85056E1E062EB14F114E22E1382E9A566669DF421A"
"C:\Users\PC\Dragon_Tower\Assets\Eric VFX Studio\Resource\Textures\bl_purple_W01.png.meta","9616D1C117EC120A600E760D27FD73A2D5ABAD2C7F192AC5C59B8624C731A218"
"C:\Users\PC\Dragon_Tower\Assets\Eric VFX Studio\Resource\Textures\Blood_Splat.png","CF128D31FD7953FD0571269D832B4C0C5ED437EF28EE0F970194F79B36E14199"
"C:\Users\PC\Dragon_Tower\Assets\Eric VFX Studio\Resource\Textures\Blood_Splat.png.meta","58D75EB0C020B3E630E4FE66873CA98BB0CDFD54E8DB5A431CAC884BD105E57C"
"C:\Users\PC\Dragon_Tower\Assets\Eric VFX Studio\Resource\Textures\blue_bottom_a_sheet.png","26E22FD2B4CA23A8400E3437DD6EC48CAB726682855D8DE3742E3B5E79D8A83E"
"C:\Users\PC\Dragon_Tower\Assets\Eric VFX Studio\Resource\Textures\blue_bottom_a_sheet.png.meta","386B826D94583369388C5AB7BE79D41CBC714280AD7A025864E425163AACF2A4"
"C:\Users\PC\Dragon_Tower\Assets\Eric VFX Studio\Resource\Textures\blue_flash_sheet 1.png","4EBE642AAB6142A079DE24794016491A7D0555A6ED1A2748CC069CC896883E80"
"C:\Users\PC\Dragon_Tower\Assets\Eric VFX Studio\Resource\Textures\blue_flash_sheet 1.png.meta","F3C2126A31BF85565123557FBB1AC3F35B32788F43E1AAC1625457CAC706469F"
"C:\Users\PC\Dragon_Tower\Assets\Eric VFX Studio\Resource\Textures\blue_flashSlice.png","7E441290EA8A7C72D8A4A1D87DF898D2AF1C67F9FF42F5876E0671958EBCC379"
"C:\Users\PC\Dragon_Tower\Assets\Eric VFX Studio\Resource\Textures\blue_flashSlice.png.meta","CD81CC82A8019EC494E476E11F7F3DB08BBC578DFBD049B3914C67A363769EA8"
"C:\Users\PC\Dragon_Tower\Assets\Eric VFX Studio\Resource\Textures\blue_lightning_3_sheet.png","E14D8735F1CD34172352F90856C6FA945114EAE4F17A6FE1B47CD897848D06FA"
"C:\Users\PC\Dragon_Tower\Assets\Eric VFX Studio\Resource\Textures\blue_lightning_3_sheet.png.meta","2568EFA2F0C4BB42502822747DF72602BB550C5FE8A68E387A57B062B5D598C7"
"C:\Users\PC\Dragon_Tower\Assets\Eric VFX Studio\Resource\Textures\Blue_Ring01.png","9F6BABDB96B8EB8DA63CBF58973712AF2548C281D50D59E8E708ED78D10E41F4"
"C:\Users\PC\Dragon_Tower\Assets\Eric VFX Studio\Resource\Textures\Blue_Ring01.png.meta","AB4A9FEADAD6351746875FC0A81D392B699E53C21AAE0146BF63260EBF736308"
"C:\Users\PC\Dragon_Tower\Assets\Eric VFX Studio\Resource\Textures\bluedust_sheet.png","96D807E6FD41D6E0AD7AE1740280D54DDB8F29134760C09F05FF6ADACF54A93C"
"C:\Users\PC\Dragon_Tower\Assets\Eric VFX Studio\Resource\Textures\bluedust_sheet.png.meta","C3E28A2FB6F978B2EB9BE5323B9D477B78E34789CBC15799D9A2C2B2770185EA"
"C:\Users\PC\Dragon_Tower\Assets\Eric VFX Studio\Resource\Textures\bomb_icon_01.png","5A4B3F59A43F72B3BE1FFDE8D4C1E8E0786547013376F72F880226A344B74857"
"C:\Users\PC\Dragon_Tower\Assets\Eric VFX Studio\Resource\Textures\bomb_icon_01.png.meta","A05F5E954D3A3EF9A93964C534D1A8E0C35D269FBAC7A75F8189796A457FB5B0"
"C:\Users\PC\Dragon_Tower\Assets\Eric VFX Studio\Resource\Textures\Bomb_W01.png","378788DFF255EB44A93C2A07198C69A9170FF90915098837C92588A2219C1592"
"C:\Users\PC\Dragon_Tower\Assets\Eric VFX Studio\Resource\Textures\Bomb_W01.png.meta","BE13E8F9C74B9248DA0498BAF5889FD17D1C5218DA3D2740A0D08E2B1C015E50"
"C:\Users\PC\Dragon_Tower\Assets\Eric VFX Studio\Resource\Textures\bullet_W01.png","076D8FDC2A93A095F80775257A97D224A3B6B3A229DB5794117CCE4E820FB3C9"
"C:\Users\PC\Dragon_Tower\Assets\Eric VFX Studio\Resource\Textures\bullet_W01.png.meta","880AB99E398E0C8D2DA9FEC819EE9B1EDE9AD09841B0D49947829883F9F85CB4"
"C:\Users\PC\Dragon_Tower\Assets\Eric VFX Studio\Resource\Textures\calibretto_flash_sheet 1.png","D408192DC65B1BC4C32CBB51F369D3F5F53DA8EB1B64833C2F2A2CCF45A19DCD"
"C:\Users\PC\Dragon_Tower\Assets\Eric VFX Studio\Resource\Textures\calibretto_flash_sheet 1.png.meta","D4ABECDB8E76F09929CE17873AB3E6816815385640F82D761A747898C7DD2368"
"C:\Users\PC\Dragon_Tower\Assets\Eric VFX Studio\Resource\Textures\CFXM3_T_HollowCircle.png","E13D1EA872AEC4363E499F28D79980D01AD39631B06275DCC81F27175E06808A"
"C:\Users\PC\Dragon_Tower\Assets\Eric VFX Studio\Resource\Textures\CFXM3_T_HollowCircle.png.meta","C2104476678ED2795DBA9A5F10FC338408F70DB8F8641B3D163702F2DBAAFFB7"
"C:\Users\PC\Dragon_Tower\Assets\Eric VFX Studio\Resource\Textures\circle_a_sheet_p.png","1DC53A50454496ACEA3721274F1B3DC822422E607497B9F0A52BF9D3CF02ED61"
"C:\Users\PC\Dragon_Tower\Assets\Eric VFX Studio\Resource\Textures\circle_a_sheet_p.png.meta","A2818C9D78DDC5A0B9BF08C8C043C3BD3B2481A450ED512ADB8832ADCE32DC6F"
"C:\Users\PC\Dragon_Tower\Assets\Eric VFX Studio\Resource\Textures\circle2.PNG","2362F015410A61BDE3134431272B730B24F8091EE875BB0633387C0A3C390E69"
"C:\Users\PC\Dragon_Tower\Assets\Eric VFX Studio\Resource\Textures\circle2.PNG.meta","65296CA6D5A1E670A37D95666F9EB655F495060A3DF2ADC2CA38863D43AB97A4"
"C:\Users\PC\Dragon_Tower\Assets\Eric VFX Studio\Resource\Textures\CircledStar.png","2A2CFFA83ADC87B7C05ED495D24E7CC8B39387A2691AE1EFF8CACA64118C9906"
"C:\Users\PC\Dragon_Tower\Assets\Eric VFX Studio\Resource\Textures\CircledStar.png.meta","04F3F7ADE8971E607E47C46E773143ECC85AF82A9AACCAC6797A1D60944FD3CD"
"C:\Users\PC\Dragon_Tower\Assets\Eric VFX Studio\Resource\Textures\cleave_impact_sheet 1.png","7953D3AD7AC437C82A036F6643731BB6653920C17D281E4794199589A8E05FFA"
"C:\Users\PC\Dragon_Tower\Assets\Eric VFX Studio\Resource\Textures\cleave_impact_sheet 1.png.meta","3A151E6D99AED6C6D53454FE4655D9025B8BF34F6E9B244E08CE268B2D12FD0F"
"C:\Users\PC\Dragon_Tower\Assets\Eric VFX Studio\Resource\Textures\cleave_trail_a_sheet_yellow.png","FF26445CAD9AF295053732768620B938250A4BF44BE84617DCDC2FC07F2FA58B"
"C:\Users\PC\Dragon_Tower\Assets\Eric VFX Studio\Resource\Textures\cleave_trail_a_sheet_yellow.png.meta","1D03C3C3CAF10F94AB8350452C8363737D875BEE899DD1605BA30C4E4BFDFC83"
"C:\Users\PC\Dragon_Tower\Assets\Eric VFX Studio\Resource\Textures\cleave_trail_n_sheet_blue.png","F99BA33DB2D62F93BDB62D74260340550241E0D2223A28E6AB7B2CA60F8661F9"
"C:\Users\PC\Dragon_Tower\Assets\Eric VFX Studio\Resource\Textures\cleave_trail_n_sheet_blue.png.meta","6110FA77B9840BD4249B0D50270062314C244C2882AE66988A5DC73D28E12683"
"C:\Users\PC\Dragon_Tower\Assets\Eric VFX Studio\Resource\Textures\cleave_trail_n_sheet_orange.png","611D060837831D7A4D0E24BC2C6C2ED5E65262E772196A5C4868BCC453B55534"
"C:\Users\PC\Dragon_Tower\Assets\Eric VFX Studio\Resource\Textures\cleave_trail_n_sheet_orange.png.meta","4DF09125FA9D3717B0935ED1C4F9C08F2597ACD212A517C842AF28642973D5A6"
"C:\Users\PC\Dragon_Tower\Assets\Eric VFX Studio\Resource\Textures\cleave_trail_n_sheet_orange2.png","FA663C75A6636E8EA29C02128C5BC13A408F7AF58686911C89F2C5DDCFEAF6E8"
"C:\Users\PC\Dragon_Tower\Assets\Eric VFX Studio\Resource\Textures\cleave_trail_n_sheet_orange2.png.meta","A5DE9D90680C7A4A385125C3139A4D0BD8BF0C4F37BEB4E2E9429A3CE996360A"
"C:\Users\PC\Dragon_Tower\Assets\Eric VFX Studio\Resource\Textures\dao_01-10-2.png","4C3E4DE8705A8212970181535DDE598F32DF023CAB064FC1C543056EB71BBCF0"
"C:\Users\PC\Dragon_Tower\Assets\Eric VFX Studio\Resource\Textures\dao_01-10-2.png.meta","70CBDA9E5785588A16AA5E331C4C44CC775EE1D292ABB2BA994D52D84633211B"
"C:\Users\PC\Dragon_Tower\Assets\Eric VFX Studio\Resource\Textures\DeadGold_star_P01.png","9283B0257320829E522C9DFFCBDD2288D7D391F5B5B91B0653B68181E48E09FF"
"C:\Users\PC\Dragon_Tower\Assets\Eric VFX Studio\Resource\Textures\DeadGold_star_P01.png.meta","5B90C67D1122B3640CD029AA31079BE7511E9DDCAA0F2F0A02A9EF494D37912A"
"C:\Users\PC\Dragon_Tower\Assets\Eric VFX Studio\Resource\Textures\DeadGold_star_P02.png","71C678A840F4D49528439BE04733D9E70F200582B35B85AC1362455E03C87E54"
"C:\Users\PC\Dragon_Tower\Assets\Eric VFX Studio\Resource\Textures\DeadGold_star_P02.png.meta","AFFDF6F502FD6372FA1F3D07AF5A1651E5E5B2A3C250FD1CD98297FB50FE6B8E"
"C:\Users\PC\Dragon_Tower\Assets\Eric VFX Studio\Resource\Textures\decal_03.png","D44D3EC62D57A0AEE3C629DB72BF8E748F061CDDB212A74A7604254158ACB8C2"
"C:\Users\PC\Dragon_Tower\Assets\Eric VFX Studio\Resource\Textures\decal_03.png.meta","B149C9CDE0D14376CCD6A719767B54EF31DD69366097DD7BE0B7B6D3713339CE"
"C:\Users\PC\Dragon_Tower\Assets\Eric VFX Studio\Resource\Textures\decal_dl.png","E06A01529200B94CD38B55A92034912B60183E2FC9CE6D70D7FFE8D76C823EFB"
"C:\Users\PC\Dragon_Tower\Assets\Eric VFX Studio\Resource\Textures\decal_dl.png.meta","CBF456E906B1A06051D14F9861A2EBB64716161D7D06A5B921BA88B09266CCE8"
"C:\Users\PC\Dragon_Tower\Assets\Eric VFX Studio\Resource\Textures\decal_fire2.png","FE2F1A73E58240A3920F09D2CF0C7940B0955F116C0CE73CFF2C3CB66B4CFC8F"
"C:\Users\PC\Dragon_Tower\Assets\Eric VFX Studio\Resource\Textures\decal_fire2.png.meta","E14507D54DC958F88094E25859038D0B35C021F624B47A28A48952793CC5C854"
"C:\Users\PC\Dragon_Tower\Assets\Eric VFX Studio\Resource\Textures\Default-Particle.png","739A31284EF873FC5D78932C3DB87A2D630CFD24C50336DA6B129BA814B3DA22"
"C:\Users\PC\Dragon_Tower\Assets\Eric VFX Studio\Resource\Textures\Default-Particle.png.meta","0F1C61D83AB0E4C15C0281E54ABF1396DAA425AE547CC05415CC6CD59D47DC20"
"C:\Users\PC\Dragon_Tower\Assets\Eric VFX Studio\Resource\Textures\Desbis_02.png","04FAE95CCDA0A2599C4DF7440FCC05AB39FFF0DE38FD1497705F5353B4E0879B"
"C:\Users\PC\Dragon_Tower\Assets\Eric VFX Studio\Resource\Textures\Desbis_02.png.meta","909B34837914868C07466DC6B866409F34B37614B3812E92797A544BA8F194B1"
"C:\Users\PC\Dragon_Tower\Assets\Eric VFX Studio\Resource\Textures\dg-04.tga","C8A7932B656149E59B8A84119C50C2AEC5AE22AC1634F3B9A60B33991E37DC51"
"C:\Users\PC\Dragon_Tower\Assets\Eric VFX Studio\Resource\Textures\dg-04.tga.meta","F87BDC1DE0E23F2227FD5E4DBD1A6C4A872603C6361142EAC52039AC55FB6D3E"
"C:\Users\PC\Dragon_Tower\Assets\Eric VFX Studio\Resource\Textures\DH_caltrops_runeB_slower_flashGround_1.png","406523B8A3DB5D2483B5B62455B681A5D9A1CBC641E947E74219315625FE6816"
"C:\Users\PC\Dragon_Tower\Assets\Eric VFX Studio\Resource\Textures\DH_caltrops_runeB_slower_flashGround_1.png.meta","2BBDDF5A557A5EBEF158280925D076DDEDA4DAD99B8DF27B18EC80BCF0CC41F0"
"C:\Users\PC\Dragon_Tower\Assets\Eric VFX Studio\Resource\Textures\DH_rapidFireRune_grenade_flashSlice.png","B57702BE1322B6B2C017952AE751FA4D71566CC2C67234F94209BDBD3356BDF1"
"C:\Users\PC\Dragon_Tower\Assets\Eric VFX Studio\Resource\Textures\DH_rapidFireRune_grenade_flashSlice.png.meta","748BE08C5F26DF103F0D993C711D3E3F07A187D574C4C89BB43B54BC870D04D1"
"C:\Users\PC\Dragon_Tower\Assets\Eric VFX Studio\Resource\Textures\dk_effect_008a.png","D0E8831E861D637F9033A5254568C0441CA2F870D0231CDE28A1998665FEA8B4"
"C:\Users\PC\Dragon_Tower\Assets\Eric VFX Studio\Resource\Textures\dk_effect_008a.png.meta","D99B87AC67B1800F134BB5DC831715CD3E7A58279E923A79B3B72022F8490027"
"C:\Users\PC\Dragon_Tower\Assets\Eric VFX Studio\Resource\Textures\dot_01.png","1AB306CB852521C49A8666FF459568340F442249712B7029DC1B0A92B21F29BB"
"C:\Users\PC\Dragon_Tower\Assets\Eric VFX Studio\Resource\Textures\dot_01.png.meta","68B76CD570555DFDAB7D9CCB1FCF8D4D9B92DBF35BDF7D6E5586942B5E31E29C"
"C:\Users\PC\Dragon_Tower\Assets\Eric VFX Studio\Resource\Textures\dust_puff_new_sheet 1.png","C91E428BCCD88FB484A65A8FD9C8A09226BF83C808D321AD1D86F2CE1D7EDACC"
"C:\Users\PC\Dragon_Tower\Assets\Eric VFX Studio\Resource\Textures\dust_puff_new_sheet 1.png.meta","33A48C6C550C4BE30F0D297814EB7134B2FEEC41196A7DEF4D7920A13C9ADA37"
"C:\Users\PC\Dragon_Tower\Assets\Eric VFX Studio\Resource\Textures\Electro_02.png","704C4A2AB07DACE0D5C50CE63D95C8AE95471E235829D8035B3302F09B8CBF9A"
"C:\Users\PC\Dragon_Tower\Assets\Eric VFX Studio\Resource\Textures\Electro_02.png.meta","B32B1DFFC800106F051CB0C6AC6C7BE0949C7D6E3585AB0C464FA0FA85F5716C"
"C:\Users\PC\Dragon_Tower\Assets\Eric VFX Studio\Resource\Textures\Electro_s4_P.png","AC9700DDA31A55E902FF6E7606E655D09ADE7006894FA295BCB30D25078A6B16"
"C:\Users\PC\Dragon_Tower\Assets\Eric VFX Studio\Resource\Textures\Electro_s4_P.png.meta","98753226C940C38CD719D7F60A7C945157EECA5B179D62B47CEB0CBD3F482CAE"
"C:\Users\PC\Dragon_Tower\Assets\Eric VFX Studio\Resource\Textures\Electro03_P.png","064E6BDDF8C99D91C9D54782B40E0D5C1E638097A3B16CAC3FE8BF9F658934E9"
"C:\Users\PC\Dragon_Tower\Assets\Eric VFX Studio\Resource\Textures\Electro03_P.png.meta","D5B6235DADB4E0FBCF0C2C5D098CC8F5CBD13A25FB00B928982BA034FBC09B7E"
"C:\Users\PC\Dragon_Tower\Assets\Eric VFX Studio\Resource\Textures\Electro03.png","203D1BC332EEDC03F8619AE23AD62D029F3859C1518A1432D0E2DC780A66AF30"
"C:\Users\PC\Dragon_Tower\Assets\Eric VFX Studio\Resource\Textures\Electro03.png.meta","64B173880C8085803AA8CD30003A5C98AB109AA3D92F44930DE7C5132E6CE7C5"
"C:\Users\PC\Dragon_Tower\Assets\Eric VFX Studio\Resource\Textures\Electro04.png","547642B851EEF73B856551D863567320A82489DCAACB9B6AE7BDAFEF8503571B"
"C:\Users\PC\Dragon_Tower\Assets\Eric VFX Studio\Resource\Textures\Electro04.png.meta","F4698EF34A01955CE6729CEE821F3931BA3A252EE847AB83A5F1CD971A48EDAF"
"C:\Users\PC\Dragon_Tower\Assets\Eric VFX Studio\Resource\Textures\elertic_4x4.png","6BFDB50DF32439E943CF955EF41663B089A2AAB865FC1C3A71757062D88614C8"
"C:\Users\PC\Dragon_Tower\Assets\Eric VFX Studio\Resource\Textures\elertic_4x4.png.meta","024FF104E790DB08FD670B80C35AF627A9230AE5E19D316E597D11415CBC2A34"
"C:\Users\PC\Dragon_Tower\Assets\Eric VFX Studio\Resource\Textures\explosion_smoke_1.png","819E19B3C49C8B3FEB34C600EBE5A14B3DD7C9994DAEE1392B4EE9B9B88591E6"
"C:\Users\PC\Dragon_Tower\Assets\Eric VFX Studio\Resource\Textures\explosion_smoke_1.png.meta","A894A4D347F1B0C0780B0020A09C770CF090789AB23EE50C1EF4F4B8054371F5"
"C:\Users\PC\Dragon_Tower\Assets\Eric VFX Studio\Resource\Textures\eye_fxl_smkoe_012_1.png","75EC9A345A5A92C99A2BB7E31CC51A98FA04F87591172C77315AD5B327AFBE85"
"C:\Users\PC\Dragon_Tower\Assets\Eric VFX Studio\Resource\Textures\eye_fxl_smkoe_012_1.png.meta","8CCB598DB0B9F581CE75B04F3840E15BC7002FECEF5675F0EFA4EACE5349DE57"
"C:\Users\PC\Dragon_Tower\Assets\Eric VFX Studio\Resource\Textures\eye_lwy_t_win_03_single.png","A219B9EC7F79959DAF544283A088B1D47FC4F704B2F68B18B4B7F85CD4122492"
"C:\Users\PC\Dragon_Tower\Assets\Eric VFX Studio\Resource\Textures\eye_lwy_t_win_03_single.png.meta","7E374AC0613B6C6E3EAE3CB0514E99C22EBDFC8BB15C3C9E9F05E6E262DD759F"
"C:\Users\PC\Dragon_Tower\Assets\Eric VFX Studio\Resource\Textures\fanwei_00001.png","813EDC510EFEDCA4DC297A10D895DA04426B31F0A14813BB3833393F6CDE0132"
"C:\Users\PC\Dragon_Tower\Assets\Eric VFX Studio\Resource\Textures\fanwei_00001.png.meta","B5896CDBA9F35ED00F28471177F4114067CFB201E3F1A3F0C90E1C0045DCA5B2"
"C:\Users\PC\Dragon_Tower\Assets\Eric VFX Studio\Resource\Textures\Fence.png","8A769208CB488096FD261B96ED64132DBBF2028F9728254050216A14B7340869"
"C:\Users\PC\Dragon_Tower\Assets\Eric VFX Studio\Resource\Textures\Fence.png.meta","F6231ECEA04F3CF02CB89A323BE6B9D6772FB7AAF7538EA45329BE227F5BF161"
"C:\Users\PC\Dragon_Tower\Assets\Eric VFX Studio\Resource\Textures\fiend_mist_sheet_yellow.png","B13AB1E9DC1DC16A30929A630ECEF19B3EFB708073A5A857DD0DA7F392FC3656"
"C:\Users\PC\Dragon_Tower\Assets\Eric VFX Studio\Resource\Textures\fiend_mist_sheet_yellow.png.meta","028520495B689E002EDE9471ED57F742DBFFDD11E2C92DEE8501CE98F21EE8F3"
"C:\Users\PC\Dragon_Tower\Assets\Eric VFX Studio\Resource\Textures\Fire_01_X.png","AC864534989ACDB21C82EE31B7648D8903EE34CC5D18C2DD8F498A8E2431C299"
"C:\Users\PC\Dragon_Tower\Assets\Eric VFX Studio\Resource\Textures\Fire_01_X.png.meta","EA1EF57C080EB72EF54A8787A4F4F5E0D02EE7DC2CB87198D4E5B8A3B68371EA"
"C:\Users\PC\Dragon_Tower\Assets\Eric VFX Studio\Resource\Textures\fire_01.png","DF52CAE24ADB99473A88CADEBB0DA6DE172A7B0F5864D54AD8EFC296A2873D34"
"C:\Users\PC\Dragon_Tower\Assets\Eric VFX Studio\Resource\Textures\fire_01.png.meta","28BA2C1478C8C31125B7FEB83225472C6C7FF8FA86A2DC92E106EF339FB714F8"
"C:\Users\PC\Dragon_Tower\Assets\Eric VFX Studio\Resource\Textures\fire_04_x.png","33C84352192F94E502F29CB831786360BAF76778A8D2A3C487FA0830941529C3"
"C:\Users\PC\Dragon_Tower\Assets\Eric VFX Studio\Resource\Textures\fire_04_x.png.meta","B5F5FF9C8AFD19D9891E4C904A22AD384E7BF9832CF9346EEE6FB59D0C9D95A1"
"C:\Users\PC\Dragon_Tower\Assets\Eric VFX Studio\Resource\Textures\fire_05_x.png","B8C584BE677AD96E0D68C9A999B86AC8D60D8FCCD27F257769185E4B598625EA"
"C:\Users\PC\Dragon_Tower\Assets\Eric VFX Studio\Resource\Textures\fire_05_x.png.meta","AC1BC2F4361A4DE539AC75F2616A8D54A81BDDD9655E1BFCFF14DF5B87E93994"
"C:\Users\PC\Dragon_Tower\Assets\Eric VFX Studio\Resource\Textures\fire_particles_4_purple.png","98215AF6EE02653C764EE75F7CFAC6B0E98AE25FCE5F976DD0D3F61F73A5D10D"
"C:\Users\PC\Dragon_Tower\Assets\Eric VFX Studio\Resource\Textures\fire_particles_4_purple.png.meta","2B43EDCD6278596AF9D4BAB0133FD813EE9681A8BF0B300EAD652EE773F617B3"
"C:\Users\PC\Dragon_Tower\Assets\Eric VFX Studio\Resource\Textures\fire_purple_W01.png","97280FC0EC0157B7CD945EF1AB179AAC401072D4B14DCCEEF888141DDB5D1077"
"C:\Users\PC\Dragon_Tower\Assets\Eric VFX Studio\Resource\Textures\fire_purple_W01.png.meta","6363AB36F6DF17E646745C39012C5A4A1AFDA6ADA1FEE586B31E2C09541A5025"
"C:\Users\PC\Dragon_Tower\Assets\Eric VFX Studio\Resource\Textures\Fire_real_red.png","492776E2D189CC11FD842ECDD0A435C7DB28C2AD143FDFC648835633D3B91F74"
"C:\Users\PC\Dragon_Tower\Assets\Eric VFX Studio\Resource\Textures\Fire_real_red.png.meta","2F610465C1D034B9200292B982303D07321EF82A1A5A45CA964D1B6BAC585E1A"
"C:\Users\PC\Dragon_Tower\Assets\Eric VFX Studio\Resource\Textures\fire_trail_01.png","CD2D1A0DE6E66CDD72F37CC093EAFF2297F29C48643925A9C4D994E5D2D357AF"
"C:\Users\PC\Dragon_Tower\Assets\Eric VFX Studio\Resource\Textures\fire_trail_01.png.meta","9B602E6657528EA6B6986CB46789E9F11AE863891C25BEB0969C826E8A89B614"
"C:\Users\PC\Dragon_Tower\Assets\Eric VFX Studio\Resource\Textures\firerock.png","E2B916DAC0834E92DA9FB5679A9048711C4B569A0BA298FB8121B4D43CAE2FDD"
"C:\Users\PC\Dragon_Tower\Assets\Eric VFX Studio\Resource\Textures\firerock.png.meta","53727A5EF31FF719A01A65CE054D0BA165EE747308CD343AC92A61342612CA93"
"C:\Users\PC\Dragon_Tower\Assets\Eric VFX Studio\Resource\Textures\FlameBomb_Explosion.PNG","BAE085BFE8B312F9D7C51523F04A2CF14CFAE83F61C0C2E856FEC4DFD393C293"
"C:\Users\PC\Dragon_Tower\Assets\Eric VFX Studio\Resource\Textures\FlameBomb_Explosion.PNG.meta","4F405B99D22CC7FBDA47B9DA2B35E2532F74DFB5015B5409FF7A04212F2E1780"
"C:\Users\PC\Dragon_Tower\Assets\Eric VFX Studio\Resource\Textures\Flare_02.png","F5CB0DB0387842C7F00124DB64D1472588DC15AFB315A250E37228102B275421"
"C:\Users\PC\Dragon_Tower\Assets\Eric VFX Studio\Resource\Textures\Flare_02.png.meta","3176EA8B1586530DD3DB5462C14A87FBA4BFDDA688C4EB7EFF0FD01F0D4CDA88"
"C:\Users\PC\Dragon_Tower\Assets\Eric VFX Studio\Resource\Textures\flare_10.png","57D2F7B158641E0BA98E2C4935AB5A2348DBAEB86166D14E7C1919A3153E2AF8"
"C:\Users\PC\Dragon_Tower\Assets\Eric VFX Studio\Resource\Textures\flare_10.png.meta","B6AA5DA7F867849A78FBCC015CC4B27A34D4375C7D2FDCC892B4708BCC8BCAF6"
"C:\Users\PC\Dragon_Tower\Assets\Eric VFX Studio\Resource\Textures\flare_11.png","5A55B89BE6B0CFB82BBDA13A774E8809ADF78BA316263316205264AE06B67F60"
"C:\Users\PC\Dragon_Tower\Assets\Eric VFX Studio\Resource\Textures\flare_11.png.meta","9BB9B3FB94F42BE54E794219360146E5A5CC014615BE6FDC38A4AF14BCF8A4EC"
"C:\Users\PC\Dragon_Tower\Assets\Eric VFX Studio\Resource\Textures\flare_12_x.png","A507F4F119B666D86E715E57CBB8A35BAF5B7AE87195FCEFD7C97317ED948B27"
"C:\Users\PC\Dragon_Tower\Assets\Eric VFX Studio\Resource\Textures\flare_12_x.png.meta","7E3D57AB9D7D85B65EBF196573D21534DE58DBCC34BA14D15374DAACCAC0A126"
"C:\Users\PC\Dragon_Tower\Assets\Eric VFX Studio\Resource\Textures\flare_16.png","A1A30E5720E4E1E4ED250FD6D356F0F5F3A31C53EDAF430256181F248E2E73A2"
"C:\Users\PC\Dragon_Tower\Assets\Eric VFX Studio\Resource\Textures\flare_16.png.meta","D7F4B3605C3FB5C60634C6CA81E057E07AA181BF00E741CB68FD2231C1ECFCB5"
"C:\Users\PC\Dragon_Tower\Assets\Eric VFX Studio\Resource\Textures\flare_19.png","D29237BB63016BCCB4C444B4D3CE3631C84A598D27E5D1A6E3EAFCFC2CBF04B5"
"C:\Users\PC\Dragon_Tower\Assets\Eric VFX Studio\Resource\Textures\flare_19.png.meta","CF3AB9BB6F21EE83747E01B6F17E4077203B447AABFC1564BFC3FA165A7FAF2E"
"C:\Users\PC\Dragon_Tower\Assets\Eric VFX Studio\Resource\Textures\flare_21_y.png","499E5BEE15D70D801F73DE33CC0BB080868C2BCE6766E9E38DBB427708288321"
"C:\Users\PC\Dragon_Tower\Assets\Eric VFX Studio\Resource\Textures\flare_21_y.png.meta","31A3644BB5B426BB21BABB897B1C92010438468BDA3AC56B1FB0C8206B76A025"
"C:\Users\PC\Dragon_Tower\Assets\Eric VFX Studio\Resource\Textures\flare_25.png","31EAC1C3BE6342AFC3DBB296A2150FC5C137FCCA693477A1B0D725CB37BC7550"
"C:\Users\PC\Dragon_Tower\Assets\Eric VFX Studio\Resource\Textures\flare_25.png.meta","234D821B9DE8BC01B716BC22BE985DC032AA63BEFDF88480A61F374B705529EC"
"C:\Users\PC\Dragon_Tower\Assets\Eric VFX Studio\Resource\Textures\flare_29.png","D072E41B29E9E23C24928DDE340E2E04D23A5FC33C14594BC03059E76C1D8CA2"
"C:\Users\PC\Dragon_Tower\Assets\Eric VFX Studio\Resource\Textures\flare_29.png.meta","0BFAC6C2C8211682DB7FA96CD79AA2F6E46B98ECD2012AC80359A40A76B26E68"
"C:\Users\PC\Dragon_Tower\Assets\Eric VFX Studio\Resource\Textures\flare_31.png","0330DB37D5BA05ED361DBA5D78F553A58FA381AF7702D3EA451AD3C21B0B2C3B"
"C:\Users\PC\Dragon_Tower\Assets\Eric VFX Studio\Resource\Textures\flare_31.png.meta","B81CBCDD25AD415A21B7F04503734FEC4CD15B8E5047D04A3B9EED1C3619B1E1"
"C:\Users\PC\Dragon_Tower\Assets\Eric VFX Studio\Resource\Textures\flare_slash.png","D70FB7EA6FA3C6307B7508852F7FCA8F511F300167E5EF0970463F3E1C0BB3C4"
"C:\Users\PC\Dragon_Tower\Assets\Eric VFX Studio\Resource\Textures\flare_slash.png.meta","B39331E2D98CEFB014F0D1CAAEF7BD2971964D6F6ABE121D7B663BB1D3ED6AF2"
"C:\Users\PC\Dragon_Tower\Assets\Eric VFX Studio\Resource\Textures\flare009_r.png","1C9422D96EA7FD485A3E55A7DDA42ECB3293E78F89979DE000D3A1EF230E2941"
"C:\Users\PC\Dragon_Tower\Assets\Eric VFX Studio\Resource\Textures\flare009_r.png.meta","A5FDFE97AD531E836A85D66C92B162D2D7215B2DF249B9DA54F5D326D12641AC"
"C:\Users\PC\Dragon_Tower\Assets\Eric VFX Studio\Resource\Textures\flare010.png","F22097339DF6090CD399767C80CE8D1501693F75B1133BDAA0425097E33EE05E"
"C:\Users\PC\Dragon_Tower\Assets\Eric VFX Studio\Resource\Textures\flare010.png.meta","109E90391F8245557C092A917CED88AA3AE7DF9E7C6A83A25BF39920BBE99E7E"
"C:\Users\PC\Dragon_Tower\Assets\Eric VFX Studio\Resource\Textures\flare02_white_2.png","7927EDD447606E4CB6BE11E95804B90089BF87FAD610FF4B9B066EEF61BBE8AA"
"C:\Users\PC\Dragon_Tower\Assets\Eric VFX Studio\Resource\Textures\flare02_white_2.png.meta","4CA8C87EC4D07A87258969037C2E2EB502C5A49D5AC313C8C90A33EC8C630C59"
"C:\Users\PC\Dragon_Tower\Assets\Eric VFX Studio\Resource\Textures\flare02_white.png","4A9B17D1A5AB3404A00E91E0E95F33DB1F8C520472B23599C591DEE96779D24A"
"C:\Users\PC\Dragon_Tower\Assets\Eric VFX Studio\Resource\Textures\flare02_white.png.meta","08E7F5C17AF4854D1E66F2F10844C6193937C372E271817AFF5A45B6A5960F04"
"C:\Users\PC\Dragon_Tower\Assets\Eric VFX Studio\Resource\Textures\flare06_yellow.png","352258221A9EA0A94376CD45B152FA81E32BAE0BD9B96E3C2A5F193B993BF948"
"C:\Users\PC\Dragon_Tower\Assets\Eric VFX Studio\Resource\Textures\flare06_yellow.png.meta","88F33902AA94FBE57ADED05C4FD5D8D0B21ED51FC9F4D73B6EC4A05D896AAF9C"
"C:\Users\PC\Dragon_Tower\Assets\Eric VFX Studio\Resource\Textures\flare07.png","ED6FB495999DBB717236DE733E1443A7F7439244841DCE3F14C54D19775B60CC"
"C:\Users\PC\Dragon_Tower\Assets\Eric VFX Studio\Resource\Textures\flare07.png.meta","7E2C3B201159B0309004E7B98FFF88EB95F7F838EC193DA2568D17A3C4492ED8"
"C:\Users\PC\Dragon_Tower\Assets\Eric VFX Studio\Resource\Textures\Flash_sheet 2.png","C53799892A90EDE456E99B23736901AD46B3DB62820580191629AD5A58730B41"
"C:\Users\PC\Dragon_Tower\Assets\Eric VFX Studio\Resource\Textures\Flash_sheet 2.png.meta","B044496F3F631AD823EC33F05FFAA8DCE150B76186BD14ED0D52C2C2913CBEF1"
"C:\Users\PC\Dragon_Tower\Assets\Eric VFX Studio\Resource\Textures\flashfire_0001.png","17A0F267E929927A77CE74FA9D9843701095A5AD911B2683E2149A23CD22D2F0"
"C:\Users\PC\Dragon_Tower\Assets\Eric VFX Studio\Resource\Textures\flashfire_0001.png.meta","0AF0586A58318E689D6DFA72F73B14A03B75A191F3763179FD6633AF0403F89D"
"C:\Users\PC\Dragon_Tower\Assets\Eric VFX Studio\Resource\Textures\fm-g01-02.png","2D51E3B3BC3948AD3F230BD1D6A43715BC41A48AD3729A3BD61DFB71DF691DE9"
"C:\Users\PC\Dragon_Tower\Assets\Eric VFX Studio\Resource\Textures\fm-g01-02.png.meta","0EFEDA97A4E67D64E29A9D429E2EA7155694675D572C57E4FC88D5B692157BFC"
"C:\Users\PC\Dragon_Tower\Assets\Eric VFX Studio\Resource\Textures\fragment_01_b.png","B01A9AE1BCA377F7DE9187FE4D3AC1718628C881CD05A9349D0CC756EB4C567E"
"C:\Users\PC\Dragon_Tower\Assets\Eric VFX Studio\Resource\Textures\fragment_01_b.png.meta","BD9D2EA22F584082AAC6C100354945ECA4BA7C2CF9EDF1193F6E1A936DD19A99"
"C:\Users\PC\Dragon_Tower\Assets\Eric VFX Studio\Resource\Textures\fx_enrage_glow_blue.png","BB9951702B08ED50365D386114387A4F249ADAE52E0D542388D3724D1403AB0C"
"C:\Users\PC\Dragon_Tower\Assets\Eric VFX Studio\Resource\Textures\fx_enrage_glow_blue.png.meta","F80063C28526B6F92265A1666A99F0BEDBF3097E9F9902F33A1C703759E7C637"
"C:\Users\PC\Dragon_Tower\Assets\Eric VFX Studio\Resource\Textures\Fx_Glo002.png","1CCAB979286B80AA582E1B9F275E8EF3AEE96F8371E78E734B64D63BB12B599D"
"C:\Users\PC\Dragon_Tower\Assets\Eric VFX Studio\Resource\Textures\Fx_Glo002.png.meta","8AFE948CE6710632D639FEB037EFB9AE35FE92D6B7A1C23B7728E6220577CF1F"
"C:\Users\PC\Dragon_Tower\Assets\Eric VFX Studio\Resource\Textures\Fx_Glow_004.png","F2FAA61F191B20BAE16E80C8DFBF4389C636ABF3345439E6E377EDB79397A2E8"
"C:\Users\PC\Dragon_Tower\Assets\Eric VFX Studio\Resource\Textures\Fx_Glow_004.png.meta","5DD2A1E73A31749E71E6AB9B939861BF3E9A5CC33E6101C9A480D5D39558CCEE"
"C:\Users\PC\Dragon_Tower\Assets\Eric VFX Studio\Resource\Textures\Fx_Glow_006.png","BBE89BFBFDF9B527C63ADB10A92C6AFA8DD6515A2D10C9339BE3634DABB05BC9"
"C:\Users\PC\Dragon_Tower\Assets\Eric VFX Studio\Resource\Textures\Fx_Glow_006.png.meta","1D6F599E4D858FE0A714B161F62F451020BDC28CAFC2D6B9AEB8D836CD0BA1FE"
"C:\Users\PC\Dragon_Tower\Assets\Eric VFX Studio\Resource\Textures\fx_mark.png","389E51D722F700CB18FB137C750A86DB7809C21BED599CE689BD5D7CBD486331"
"C:\Users\PC\Dragon_Tower\Assets\Eric VFX Studio\Resource\Textures\fx_mark.png.meta","D1826EACC8AD60482F6C923F5215C84C79992753C164321073F18A17A18542ED"
"C:\Users\PC\Dragon_Tower\Assets\Eric VFX Studio\Resource\Textures\Fx_Rin022.png","F96286CFC75915D5145B556AB04CDA0B47AD435C5DD13BC12ADCC48B2A391145"
"C:\Users\PC\Dragon_Tower\Assets\Eric VFX Studio\Resource\Textures\Fx_Rin022.png.meta","1D91FB5340C0A870CE336BDD709DC982C4FF3C842F0598A5A41EDBC8C599C9EA"
"C:\Users\PC\Dragon_Tower\Assets\Eric VFX Studio\Resource\Textures\FX_smoke_02.png","F36F8DD3C819AA1E4E9FEA6B5EA42CFBBE6C957C9D5F41A273B60225759B5380"
"C:\Users\PC\Dragon_Tower\Assets\Eric VFX Studio\Resource\Textures\FX_smoke_02.png.meta","2C1C910BBE89832E0C55C6D4CAEE6D30E0FC83963F5CF6702A9A07F680CFDD4A"
"C:\Users\PC\Dragon_Tower\Assets\Eric VFX Studio\Resource\Textures\Gameart8.com802.png","23860CE93B25608F78BBBB76BDDB80CCFDC679DE835014B3C4007AA4A6441D73"
"C:\Users\PC\Dragon_Tower\Assets\Eric VFX Studio\Resource\Textures\Gameart8.com802.png.meta","A3925CAC3BF67E9F408EFF46D8269ADFFFBD3101EC4C2FAF569D97A894B2FEF3"
"C:\Users\PC\Dragon_Tower\Assets\Eric VFX Studio\Resource\Textures\generic_dust_direct_1_sheet.png","6A8F1F7920C33DF979A9FF0F5BD4D70128EE092C47BFF88178D1D3BE6B6655D1"
"C:\Users\PC\Dragon_Tower\Assets\Eric VFX Studio\Resource\Textures\generic_dust_direct_1_sheet.png.meta","C2C41CA1708764F9C046AF2B5BBBDB87201470EF6896B50292B6E69E0A1970E4"
"C:\Users\PC\Dragon_Tower\Assets\Eric VFX Studio\Resource\Textures\generic_explosion_big_sheet.png","DB1AB1A2E1CD987238FC39178C17EA56EA22D253536AD2D261E4F858938FF643"
"C:\Users\PC\Dragon_Tower\Assets\Eric VFX Studio\Resource\Textures\generic_explosion_big_sheet.png.meta","FFE50D599B7E9009F1153B449C1A955EBB732F1A3D5B55150C1CF0888207FAC0"
"C:\Users\PC\Dragon_Tower\Assets\Eric VFX Studio\Resource\Textures\generic_explosion_flash_sheet.png","D60C7E4715B797A898D3B65A74EF1339396963567CF4BF87E858838839F4B35E"
"C:\Users\PC\Dragon_Tower\Assets\Eric VFX Studio\Resource\Textures\generic_explosion_flash_sheet.png.meta","CCA28603C9E128858238A05F7B1A693ED4929D9AA03D15D77B8935E0EDDDDD0F"
"C:\Users\PC\Dragon_Tower\Assets\Eric VFX Studio\Resource\Textures\gfx_91_1.png","B337091860F206EDECB52FF986A9EAF85E1AB2F079CFB7BA46650B42A35D9FB3"
"C:\Users\PC\Dragon_Tower\Assets\Eric VFX Studio\Resource\Textures\gfx_91_1.png.meta","39222C487C9B4A88CB2C0DBA74F1A08AE5A71DECFDBB4B0E76D935CE3B88DA5C"
"C:\Users\PC\Dragon_Tower\Assets\Eric VFX Studio\Resource\Textures\glow_00001.png","B0B3226459F07A3022FD55AAD44B7C93D015DA9E49B2C1938810D574975ED23D"
"C:\Users\PC\Dragon_Tower\Assets\Eric VFX Studio\Resource\Textures\glow_00001.png.meta","3F6E753E65033635535E47FA4FDC9B29FA09F6C91D1B70C14E455615ABFBE17D"
"C:\Users\PC\Dragon_Tower\Assets\Eric VFX Studio\Resource\Textures\glow_0002.png","BFF40FB564C25630F7BEB13D286E8905073954ABABF8DDAAF9036BE70CD65C9B"
"C:\Users\PC\Dragon_Tower\Assets\Eric VFX Studio\Resource\Textures\glow_0002.png.meta","4ADA2022D4C449BBB16FF4DE6E1F49D371284EC5393C5FE4F8389279E4EDD993"
"C:\Users\PC\Dragon_Tower\Assets\Eric VFX Studio\Resource\Textures\glow_0004.png","6C110D6A2341D59300E9B04CB82175BD7C8B527A02352C5134C0BACAD96CEE3A"
"C:\Users\PC\Dragon_Tower\Assets\Eric VFX Studio\Resource\Textures\glow_0004.png.meta","6C8981E4165422EB6B56F9C9A5B26502C8CE0F23A96C7C476C085FA872D0AE16"
"C:\Users\PC\Dragon_Tower\Assets\Eric VFX Studio\Resource\Textures\glow_0005.png","2C135601211C6CFEF6ABE6C89E36B13FFD1F409A63114DE7867C71F7438DAF3D"
"C:\Users\PC\Dragon_Tower\Assets\Eric VFX Studio\Resource\Textures\glow_0005.png.meta","9D91270BAC3838C4A87D5D89CB8E5F0A0AFE07A3E2230BA5C77DDE82FF97749A"
"C:\Users\PC\Dragon_Tower\Assets\Eric VFX Studio\Resource\Textures\glow_02.png","8DCBEB2B435E3915390F16F9E0134B0439113E84BCD5895E1F9613FACB1D6C9E"
"C:\Users\PC\Dragon_Tower\Assets\Eric VFX Studio\Resource\Textures\glow_02.png.meta","CCACDEC20271C5B471F87CE525B90EA05725CCD1C5FC83A6433BF866A20FCEC5"
"C:\Users\PC\Dragon_Tower\Assets\Eric VFX Studio\Resource\Textures\glow_19.png","8D408407C484FDB833EC7A9ADA81083BC24FE64AA58F7D68E4F5CCCC2166A6B3"
"C:\Users\PC\Dragon_Tower\Assets\Eric VFX Studio\Resource\Textures\glow_19.png.meta","FB5AA144FFA730D455D12251CD0B6B65F839ADDDE23EF7953C026D9388AA7CA9"
"C:\Users\PC\Dragon_Tower\Assets\Eric VFX Studio\Resource\Textures\glow_21.png","86874B092E8D46F74A8182F3B5FD7D12F9062F98CE7B6E666863C4A65D66ABBF"
"C:\Users\PC\Dragon_Tower\Assets\Eric VFX Studio\Resource\Textures\glow_21.png.meta","41C8E54EDE5D337F83AFF2131CDFC94E53C3C83743FE92AFFA976C8DE87C5EBD"
"C:\Users\PC\Dragon_Tower\Assets\Eric VFX Studio\Resource\Textures\glow_ball2_grey 1.png","E4F40ECE29943A8CCC461F3F3943EC9350F629D2049B0FE63CB302FA769D7745"
"C:\Users\PC\Dragon_Tower\Assets\Eric VFX Studio\Resource\Textures\glow_ball2_grey 1.png.meta","5AB7CAEE2B71C7F125A2D39DB38A59DD5678D70EC6E04C3E45182D0ADAF95124"
"C:\Users\PC\Dragon_Tower\Assets\Eric VFX Studio\Resource\Textures\glow_ball2_grey.png","E4F40ECE29943A8CCC461F3F3943EC9350F629D2049B0FE63CB302FA769D7745"
"C:\Users\PC\Dragon_Tower\Assets\Eric VFX Studio\Resource\Textures\glow_ball2_grey.png.meta","A6B4BC7145A485643EAF04FC82FAEABFFB449DC8BFE7040F107B28F907738FAD"
"C:\Users\PC\Dragon_Tower\Assets\Eric VFX Studio\Resource\Textures\Glow_Flare_010.tga","B1F032B408E4BD25283F43FC345B32F484A3BF9755D737CB0D4C3E4D26C3BA2D"
"C:\Users\PC\Dragon_Tower\Assets\Eric VFX Studio\Resource\Textures\Glow_Flare_010.tga.meta","6E19E91E0DBF747667D88BDA3AE7A7C31A828766310C1678F4429FCD108F9F1C"
"C:\Users\PC\Dragon_Tower\Assets\Eric VFX Studio\Resource\Textures\Glow_h_0002.png","36398E4EE22A6E3358D379EB89D82CE83F6405B5051ED6CD9A6CA52FA0EE7248"
"C:\Users\PC\Dragon_Tower\Assets\Eric VFX Studio\Resource\Textures\Glow_h_0002.png.meta","31027CF700170F7F33383129ABB8DD7A1DFB92A8E717A8E215B8020B77CEA7ED"
"C:\Users\PC\Dragon_Tower\Assets\Eric VFX Studio\Resource\Textures\Glow_h_0018.png","9BB82C8EE99ECAF76107CFFC2BEEEF19826B8EB8A3A783E9E72D587CE6C31E97"
"C:\Users\PC\Dragon_Tower\Assets\Eric VFX Studio\Resource\Textures\Glow_h_0018.png.meta","FC4FA1A631F1A260E66ED14011D5BC5E6DCED2AA57FD768032D5D7F2D92D249D"
"C:\Users\PC\Dragon_Tower\Assets\Eric VFX Studio\Resource\Textures\glow_point1_red.png","7EA4A4552B7449939E4F57D9FB686A761131F3598EF346EFCDC27E210D511719"
"C:\Users\PC\Dragon_Tower\Assets\Eric VFX Studio\Resource\Textures\glow_point1_red.png.meta","2AAE184114307F2CB95B910680FA0877961CA02ADC55A0776610420CEC1FD7AE"
"C:\Users\PC\Dragon_Tower\Assets\Eric VFX Studio\Resource\Textures\glow_yellow_01.png","12F9E790FC034FF5508EDF102D5DF7A37979C5DCAE2C86BCD59347DD22A6EB3F"
"C:\Users\PC\Dragon_Tower\Assets\Eric VFX Studio\Resource\Textures\glow_yellow_01.png.meta","6AF991B40AB9005B67494F554F1BF24B79FF6E0ADC7B627F5456345E45B4C795"
"C:\Users\PC\Dragon_Tower\Assets\Eric VFX Studio\Resource\Textures\glowa_ball_grey.png","51951A8312A0312E32079E33B7BA3276F0BB714D69B508943222A4EC47B16DE7"
"C:\Users\PC\Dragon_Tower\Assets\Eric VFX Studio\Resource\Textures\glowa_ball_grey.png.meta","31B7D989FC6B440A76D875CAEFE3E9C63370607C3C66A9DED546B7454024912A"
"C:\Users\PC\Dragon_Tower\Assets\Eric VFX Studio\Resource\Textures\glowring_00000.png","EE946A4A55979F55FEB1F51038FAD8CEF09208139F097666AEFD236A1FC077EE"
"C:\Users\PC\Dragon_Tower\Assets\Eric VFX Studio\Resource\Textures\glowring_00000.png.meta","728B8F2858C20CCB362437F8C17FC4926F0457ACDABF08135A7F0F9EDDAC2314"
"C:\Users\PC\Dragon_Tower\Assets\Eric VFX Studio\Resource\Textures\grad01_10.png","DA87FF2FBDA400BBF3DD5E6040378DAA34289ABF6E1126A549BA649D504F8EFA"
"C:\Users\PC\Dragon_Tower\Assets\Eric VFX Studio\Resource\Textures\grad01_10.png.meta","58CF9D4FE85BD349CD2ACFF6E347D28DC3DD64A3AD6252432CBCD925DFF38E60"
"C:\Users\PC\Dragon_Tower\Assets\Eric VFX Studio\Resource\Textures\grad01_13.png","C97E87C6C9908712260BDDB339ED6C0A27216214223825355B4E6E22F84AE15A"
"C:\Users\PC\Dragon_Tower\Assets\Eric VFX Studio\Resource\Textures\grad01_13.png.meta","76DC067E810EB01AA6A398EA018D8271E0514656110F8BB28C1A22C1ED54C718"
"C:\Users\PC\Dragon_Tower\Assets\Eric VFX Studio\Resource\Textures\grad01_14.png","4B0D0D851B96DBD2D34DD17D302DFB6A6D815B9C69019BD1E59078517861510E"
"C:\Users\PC\Dragon_Tower\Assets\Eric VFX Studio\Resource\Textures\grad01_14.png.meta","6CE512158AD991BC4B64140A5133220353CFB5C2BD88EE41EEE9CEEAC9425F01"
"C:\Users\PC\Dragon_Tower\Assets\Eric VFX Studio\Resource\Textures\grad10_07.png","A483FBCAFBBA6BA068357966E963B8BA28797274C0119CE97B33731BBF123B21"
"C:\Users\PC\Dragon_Tower\Assets\Eric VFX Studio\Resource\Textures\grad10_07.png.meta","3489370556EFF12D91FA766E6FAFAE7FBED672C5A35A9AB027663A411C6B2A9B"
"C:\Users\PC\Dragon_Tower\Assets\Eric VFX Studio\Resource\Textures\grad12_04.png","D8A59EA9857E26D43E0BE61C634895FFEB80F63137BD344DE9BE2ECEF95AF353"
"C:\Users\PC\Dragon_Tower\Assets\Eric VFX Studio\Resource\Textures\grad12_04.png.meta","96C44B2F8B99C27C3B476F8E2D8C3C31A700A627A232343D0C56E1B4658C5DF5"
"C:\Users\PC\Dragon_Tower\Assets\Eric VFX Studio\Resource\Textures\Gradient03Clamp2.png","7A766B4C159F4851A412B1D4ABEC75E07DB306424CC8A97A3C001CFAB41FBD32"
"C:\Users\PC\Dragon_Tower\Assets\Eric VFX Studio\Resource\Textures\Gradient03Clamp2.png.meta","C660070A33AEB93F427B2D85D9C5F67CD303C88776D8CC15BD11C421E5118B72"
"C:\Users\PC\Dragon_Tower\Assets\Eric VFX Studio\Resource\Textures\grid2_R.png","856A944B663C34652D4655E51EEE23D089FA297B75B938DD9625DB6391A91918"
"C:\Users\PC\Dragon_Tower\Assets\Eric VFX Studio\Resource\Textures\grid2_R.png.meta","8D279FEBC36D47925DC2E5D4A76AC35DC1E2A4546D21BA22924E0A346152D620"
"C:\Users\PC\Dragon_Tower\Assets\Eric VFX Studio\Resource\Textures\ground_02.png","823B6DF822181E6E0252CBBC4B843E284FE4FF7AFCC5FB924548DC14A9E574D7"
"C:\Users\PC\Dragon_Tower\Assets\Eric VFX Studio\Resource\Textures\ground_02.png.meta","80335E0B86AE56B3B1A44D62C17AE6D3B5C3B2A2D352F6B8E303EEF3F8E1D424"
"C:\Users\PC\Dragon_Tower\Assets\Eric VFX Studio\Resource\Textures\ground_dl_01_blue.png","F8FB117861190A1119E64BB02840C4AED1ADE072E4997FFCFF475A28BEAEEF6D"
"C:\Users\PC\Dragon_Tower\Assets\Eric VFX Studio\Resource\Textures\ground_dl_01_blue.png.meta","A5571E2F98C68D679BCB410EBCBD335EDAFBC3EAB6C9DEFF2C038FE94EB4A15E"
"C:\Users\PC\Dragon_Tower\Assets\Eric VFX Studio\Resource\Textures\ground_dl_01_blue1.png","D874B67265B5FC2B838D0BDB368B5DE57D88DC61217E10F11EB49A40274160D6"
"C:\Users\PC\Dragon_Tower\Assets\Eric VFX Studio\Resource\Textures\ground_dl_01_blue1.png.meta","C84B98DA99892E327D1813045D6C832FC101CFCF49CEFE891FD2D6F759DBD63D"
"C:\Users\PC\Dragon_Tower\Assets\Eric VFX Studio\Resource\Textures\ground_dl.png","4B0895B639847CDB6F361C261D57BFEF5AC87AE0B745FEE9D265079DEBEDB92C"
"C:\Users\PC\Dragon_Tower\Assets\Eric VFX Studio\Resource\Textures\ground_dl.png.meta","62BA6A10BCD8AED1FB9A8C5C0D73DC77ABC8FFA0F664842A817E644ABAF3A633"
"C:\Users\PC\Dragon_Tower\Assets\Eric VFX Studio\Resource\Textures\ground_flare_w.png","1EF09588155AA854BE66B65E30193E6F13D26197091D1D53A562E3FDF04B6BFF"
"C:\Users\PC\Dragon_Tower\Assets\Eric VFX Studio\Resource\Textures\ground_flare_w.png.meta","BCD332FCD1A951EE56D4AD0D165F801CDDBBCA02F92F9E0B1507D263D04FA8FD"
"C:\Users\PC\Dragon_Tower\Assets\Eric VFX Studio\Resource\Textures\gx_00001.png","B60BC544B1F7E43FFFBBFCD839F361606724C2453E653E256DDC3C74A2D0AA4A"
"C:\Users\PC\Dragon_Tower\Assets\Eric VFX Studio\Resource\Textures\gx_00001.png.meta","CF7AED450B0E4FD8C81F9BB2830C36F21AEE83C44518F54619988691416A6B70"
"C:\Users\PC\Dragon_Tower\Assets\Eric VFX Studio\Resource\Textures\half_Ring0001.png","CC6C1DC9764E5ED0D1D932706CD845440D8106D7AB1F42D382266FA56CEECEDE"
"C:\Users\PC\Dragon_Tower\Assets\Eric VFX Studio\Resource\Textures\half_Ring0001.png.meta","6D0D8CF0549B6D570F913E91DBFF07DD308CCDA787B3B4F45E29048F3284D041"
"C:\Users\PC\Dragon_Tower\Assets\Eric VFX Studio\Resource\Textures\halfslash_01.png","09D525E388C08F38BE775EF19875A2A96DA72C2C418F632A55100B7BB8983B0E"
"C:\Users\PC\Dragon_Tower\Assets\Eric VFX Studio\Resource\Textures\halfslash_01.png.meta","9BF6A9F7E4EECBA1C887377348DF9815F92D7B4423B7E124B4F2D951E3B86B4E"
"C:\Users\PC\Dragon_Tower\Assets\Eric VFX Studio\Resource\Textures\hit_03.png","965F38133C0FF47D825D2B3E37CBC1549883B11A748639599D4824DE978ECC76"
"C:\Users\PC\Dragon_Tower\Assets\Eric VFX Studio\Resource\Textures\hit_03.png.meta","EB4CA515925D0E8EF8A12507C945C1A77AB2709F1F3DAE9A334ADA0EC47A95C1"
"C:\Users\PC\Dragon_Tower\Assets\Eric VFX Studio\Resource\Textures\hit_sheet_W01.png","66361825E784B2D4E8F34F5AFD8DC035EC77EAF7812E11E51729BA19B79AA3B1"
"C:\Users\PC\Dragon_Tower\Assets\Eric VFX Studio\Resource\Textures\hit_sheet_W01.png.meta","6CED4625206518C78D3D79797E9BBD897929CF035C4CC79EE85755033FDE9B90"
"C:\Users\PC\Dragon_Tower\Assets\Eric VFX Studio\Resource\Textures\imp_01.png","CA928D088AF6A6B1F025EB1D0D3540ECD7B31EBA1794E67FC9BAB9EE81E468D3"
"C:\Users\PC\Dragon_Tower\Assets\Eric VFX Studio\Resource\Textures\imp_01.png.meta","A404BB5E4CC680C6A4C0C8AFA01C629E1CC7447A6D561A2E1B0E789903732EFE"
"C:\Users\PC\Dragon_Tower\Assets\Eric VFX Studio\Resource\Textures\imp_02.png","88650754F098B5D9554A5D86E109EAC9E80CF5700E47711CDEEF9EBB2FDFADD8"
"C:\Users\PC\Dragon_Tower\Assets\Eric VFX Studio\Resource\Textures\imp_02.png.meta","569AD8653CA24D4223BAA6A23837E82CF3292F976990EE1710AF27A710348C16"
"C:\Users\PC\Dragon_Tower\Assets\Eric VFX Studio\Resource\Textures\imp_03.png","D0657161B0012278BA7484225B157036052FAE074467E9E4ED117E1B8A250E7D"
"C:\Users\PC\Dragon_Tower\Assets\Eric VFX Studio\Resource\Textures\imp_03.png.meta","5223DB4A2B6D22C13CBCAE68326F1689AC8D8AC73B2E6B945438E0EC5AFEB27D"
"C:\Users\PC\Dragon_Tower\Assets\Eric VFX Studio\Resource\Textures\kirino_C002.png","CBB64E2E3C98916EBEF92460B80318D71D65D87E8C675964C079FC5BBC5E1AEA"
"C:\Users\PC\Dragon_Tower\Assets\Eric VFX Studio\Resource\Textures\kirino_C002.png.meta","B0730FF23CF0D32358F33CEC8CDA92B66B00FFDC39FD50D61F64D128D2CBEA7C"
"C:\Users\PC\Dragon_Tower\Assets\Eric VFX Studio\Resource\Textures\kirito_ball_02_L.png","27AAC423BF633EAF048DBC2D1A99D95FC42050F67626CA0BB221E94F006F85A4"
"C:\Users\PC\Dragon_Tower\Assets\Eric VFX Studio\Resource\Textures\kirito_ball_02_L.png.meta","CB4C1E34926A96CD7FC233BA972F86E10C40E829CF8956F8F0EE3CF81874F2A3"
"C:\Users\PC\Dragon_Tower\Assets\Eric VFX Studio\Resource\Textures\lb_02c.png","19B51F9EFAA6A75BDF3A67D0D482ED0953F00528E0DD95C3607A3AFF4BAED575"
"C:\Users\PC\Dragon_Tower\Assets\Eric VFX Studio\Resource\Textures\lb_02c.png.meta","E878AEB1F7DDA4938345197EC95EC3E9997008DFF8740AB0B55EE913DD463672"
"C:\Users\PC\Dragon_Tower\Assets\Eric VFX Studio\Resource\Textures\lb_20f_r 1.png","F0B167CDC1C304260AC5E1C002B608282DB07018DC90551D769700B08A66B4CA"
"C:\Users\PC\Dragon_Tower\Assets\Eric VFX Studio\Resource\Textures\lb_20f_r 1.png.meta","D70AEE55B361A1A57B339C4A07003875CF919CE3A17AD48EB7A92D3227B6F7E7"
"C:\Users\PC\Dragon_Tower\Assets\Eric VFX Studio\Resource\Textures\lb_20R.png","AC56216AD4972EF96C8AE9A7CA1D5A7F06468414008C9F647FB92E335F777C14"
"C:\Users\PC\Dragon_Tower\Assets\Eric VFX Studio\Resource\Textures\lb_20R.png.meta","7615EB602DA726874EA8A3762A2AD5B9188B2AFC532947244E2F159D9F865F53"
"C:\Users\PC\Dragon_Tower\Assets\Eric VFX Studio\Resource\Textures\lb_sheet_orange_01.png","3C484E3CB4AFAD7D1CE0ED7AC80571CF5048FC60DCC23712569361E0851C2929"
"C:\Users\PC\Dragon_Tower\Assets\Eric VFX Studio\Resource\Textures\lb_sheet_orange_01.png.meta","054DEBE9EF2ACD6225ED9BFC73689976567577FE06618D489DEA1F6EF8A3453C"
"C:\Users\PC\Dragon_Tower\Assets\Eric VFX Studio\Resource\Textures\lg _08.png","19C5877A5213852FF52922144AB1D7F1F45686F15072CF9817897EA0FC5DA3C7"
"C:\Users\PC\Dragon_Tower\Assets\Eric VFX Studio\Resource\Textures\lg _08.png.meta","C37E568DFCF35EBDD271AE88E8FCAA928D5558CD1466B3647EFE910A641DF811"
"C:\Users\PC\Dragon_Tower\Assets\Eric VFX Studio\Resource\Textures\lg-01.tga","5B66AABED357E47D123640C7AF2F7B70444B3D85250E0D0051C52CA6E9D4EF82"
"C:\Users\PC\Dragon_Tower\Assets\Eric VFX Studio\Resource\Textures\lg-01.tga.meta","C55C96962497FB5105D2467EFE4E35E02D18CF3156BE380CDF62AAB257F8CB3A"
"C:\Users\PC\Dragon_Tower\Assets\Eric VFX Studio\Resource\Textures\lig_ty_019.png","F73E88661870720A3CA4B7DBCD4CD5047C212D8958CC7623461998C950BD4129"
"C:\Users\PC\Dragon_Tower\Assets\Eric VFX Studio\Resource\Textures\lig_ty_019.png.meta","7F1EB6A021B46DE7B6C20804C4147FCCD4DD347CC84F77C308D8AC3C84420763"
"C:\Users\PC\Dragon_Tower\Assets\Eric VFX Studio\Resource\Textures\light_0001.png","93D94FF118F1375215D0B079E48B65E5C9DD5CEA5A5C3423B877A29DD68EDB57"
"C:\Users\PC\Dragon_Tower\Assets\Eric VFX Studio\Resource\Textures\light_0001.png.meta","B857D6CAF760E5255C0A8891A34D7FE197FE9B47B46BD0EE4CE95D1560D8BF0A"
"C:\Users\PC\Dragon_Tower\Assets\Eric VFX Studio\Resource\Textures\Light_Decal.PNG","EA46F190AC701102B91969F741AA4DFF4F9E0F585CAA97338E7011D4B8D900A5"
"C:\Users\PC\Dragon_Tower\Assets\Eric VFX Studio\Resource\Textures\Light_Decal.PNG.meta","89FBC57A7937E492A1AA03ECC21FC5539B1D8ED66B62A1585CA71D386E5E5893"
"C:\Users\PC\Dragon_Tower\Assets\Eric VFX Studio\Resource\Textures\light_Y.png","14F83DEB3808B481E95316F3065E1BFDCE0625A4311B10C227CB9B0667CA131A"
"C:\Users\PC\Dragon_Tower\Assets\Eric VFX Studio\Resource\Textures\light_Y.png.meta","A2374AFF5F60C901CC15CDAE44F320230C1B4FA2BE1EE14C22B59725CFBCB524"
"C:\Users\PC\Dragon_Tower\Assets\Eric VFX Studio\Resource\Textures\Light.PNG","B22CDF689A40944E183C6F2B41DAFC4EA9A4634A4216B81E327C1B6C8F19C42D"
"C:\Users\PC\Dragon_Tower\Assets\Eric VFX Studio\Resource\Textures\Light.PNG.meta","BCB01F100460D54CD93391F533BACAAD2BBB0F36124D923C1BD4E4DFA7B09D2A"
"C:\Users\PC\Dragon_Tower\Assets\Eric VFX Studio\Resource\Textures\lightning_sheet_p01.png","75A27B1CEB5436A1896B30F883677159BECCE01191FC9449B85578D015A4710E"
"C:\Users\PC\Dragon_Tower\Assets\Eric VFX Studio\Resource\Textures\lightning_sheet_p01.png.meta","830CF07597348E9BB388A2613B011E120DD4067EF125EA16C6F0FFE7A99EC6B9"
"C:\Users\PC\Dragon_Tower\Assets\Eric VFX Studio\Resource\Textures\line_00017_2.png","9C676033459176DE723F414F17765F648F0459DC2FD9FAB083E3843AB31715AE"
"C:\Users\PC\Dragon_Tower\Assets\Eric VFX Studio\Resource\Textures\line_00017_2.png.meta","6F0C0CBFE30EEE5BA6030B19D748AEB0324651573C2C13BD5B66FEB46A99B38F"
"C:\Users\PC\Dragon_Tower\Assets\Eric VFX Studio\Resource\Textures\line_lightning03_yellow.png","6A70BE7D2EC1D00F69A08C238B6228A53B9AA139E4866CAA727125A7050D0E81"
"C:\Users\PC\Dragon_Tower\Assets\Eric VFX Studio\Resource\Textures\line_lightning03_yellow.png.meta","870D2FBC11567AD0EFDEFCE7F4EF3460478FCAABEB083D0636DD1DB6DCF601B2"
"C:\Users\PC\Dragon_Tower\Assets\Eric VFX Studio\Resource\Textures\Line_Sheet_01.png","FFD7E3E965EB48D600DBCBCEDF58C24BE4DB3D28C9E297D51BCE6A4170819192"
"C:\Users\PC\Dragon_Tower\Assets\Eric VFX Studio\Resource\Textures\Line_Sheet_01.png.meta","27783B599A72724686CF61E242AF6CA504DE8A9B9FF1595C0ED993D938BD5069"
"C:\Users\PC\Dragon_Tower\Assets\Eric VFX Studio\Resource\Textures\ll-z04p.png","191CB9B711626BD6D90FA965A698D970FD2FDA66F08997F7F79CCCA3F771AC85"
"C:\Users\PC\Dragon_Tower\Assets\Eric VFX Studio\Resource\Textures\ll-z04p.png.meta","C96C48E241E5B71DA7E880300ED12994E32B5DA5D9A563A9869343CB739C2BA1"
"C:\Users\PC\Dragon_Tower\Assets\Eric VFX Studio\Resource\Textures\lms-g03-0_blue1.png","BB27741B87C8C0E5FEE5F85A56B336BAE9CA564C7E77C4D48AA7B2315A2F3562"
"C:\Users\PC\Dragon_Tower\Assets\Eric VFX Studio\Resource\Textures\lms-g03-0_blue1.png.meta","8A35326FC0CD0CC250E0665655C92ED4084C12C860358C3C6C6BEAD2E9472273"
"C:\Users\PC\Dragon_Tower\Assets\Eric VFX Studio\Resource\Textures\lms-g03-0_orange.png","06D9C5FA53EB4A72BB1C77C5D47D5CE25BDD844BD21F2120BF527F1F08E1AF9A"
"C:\Users\PC\Dragon_Tower\Assets\Eric VFX Studio\Resource\Textures\lms-g03-0_orange.png.meta","331D6E4D13F82C35F3E2045EB4539C97EA77ADB8F0B5A1EDAA8B00899AFD5210"
"C:\Users\PC\Dragon_Tower\Assets\Eric VFX Studio\Resource\Textures\lp-g06b.tga","B5D74614CE674970CBA7379DF465B077A86A64BC24F5B22EC24DCEEE7CC9987F"
"C:\Users\PC\Dragon_Tower\Assets\Eric VFX Studio\Resource\Textures\lp-g06b.tga.meta","028BD6FECC77ABF651EA83953CC9B744CD64FA482C0E1FA2AA29CD3E06392CD5"
"C:\Users\PC\Dragon_Tower\Assets\Eric VFX Studio\Resource\Textures\M_2D_Explode_01.tga","CD321C99801E34B984E03082CF8B80ED5A8074FC336E202C6D2D6C155C568330"
"C:\Users\PC\Dragon_Tower\Assets\Eric VFX Studio\Resource\Textures\M_2D_Explode_01.tga.meta","8C9BD05BAA832E38B4B50832AF98B7E139026E145299E7702392EA6DEBFD89E0"
"C:\Users\PC\Dragon_Tower\Assets\Eric VFX Studio\Resource\Textures\M_2D_Ray_01.tga","79162278F0098AFB9B22CCF2398566E84F680794014DB14326A9BECA66077F05"
"C:\Users\PC\Dragon_Tower\Assets\Eric VFX Studio\Resource\Textures\M_2D_Ray_01.tga.meta","FD390671841AD04202CA5C1D4885DA0EC7270FE810B3A46ECA2FA1C4F04B912E"
"C:\Users\PC\Dragon_Tower\Assets\Eric VFX Studio\Resource\Textures\M_2D_Ray_03.tga","39436C1F33EE7668B030018EB637F7F00AB364F0ECD2C9376A53A17E2CBD627C"
"C:\Users\PC\Dragon_Tower\Assets\Eric VFX Studio\Resource\Textures\M_2D_Ray_03.tga.meta","F41C808B127715690DC62F010344055CFD174DA3F81DF8519E1FC1895F8152E2"
"C:\Users\PC\Dragon_Tower\Assets\Eric VFX Studio\Resource\Textures\M_2D_Smoke_01.tga","AF980D7CF0146193053926BB3955164FBDB4DFA2B58D1063234C1A0747C376A8"
"C:\Users\PC\Dragon_Tower\Assets\Eric VFX Studio\Resource\Textures\M_2D_Smoke_01.tga.meta","57618904517105FEF24928ED1CF4BC752E5B1CDF25110B7E022FF7DEB0F98B70"
"C:\Users\PC\Dragon_Tower\Assets\Eric VFX Studio\Resource\Textures\M_2D_Sparkles_01.tga","1EFE884B7221FD3CB92E18E1B8E919F850752A9305B94E27959C37A6E1B3F009"
"C:\Users\PC\Dragon_Tower\Assets\Eric VFX Studio\Resource\Textures\M_2D_Sparkles_01.tga.meta","E399FB4EF744322142FE5B1A50237E0B0AEA9F68C618CB9721BC8DE0D4262952"
"C:\Users\PC\Dragon_Tower\Assets\Eric VFX Studio\Resource\Textures\M_2D_Status_Sleep_01.tga","0313A59034B81E365D7BCADE9FC053C382B604C663BD27675A8ED3ABC505F708"
"C:\Users\PC\Dragon_Tower\Assets\Eric VFX Studio\Resource\Textures\M_2D_Status_Sleep_01.tga.meta","A736CE0DDE8B8DA82B80A3509A24E35A0F4C953C914D02CE53395BCDF46497AF"
"C:\Users\PC\Dragon_Tower\Assets\Eric VFX Studio\Resource\Textures\M_Glow_01A.tga","0BC2A4003F2148EE44848B4EEC30E1F53DFCBA9135EE5D239068460DA3E200F3"
"C:\Users\PC\Dragon_Tower\Assets\Eric VFX Studio\Resource\Textures\M_Glow_01A.tga.meta","856A00FB137E6B1DD1DCDD9A0B3173A6F4E4F47304B8BA65AE71435FCAD3F13D"
"C:\Users\PC\Dragon_Tower\Assets\Eric VFX Studio\Resource\Textures\magic_ryan_001.png","7AB3E58682AEE8EC675722A2DAFA064A5E79908271BE0A79CA2442539FF5292A"
"C:\Users\PC\Dragon_Tower\Assets\Eric VFX Studio\Resource\Textures\magic_ryan_001.png.meta","A701714D17E5981F65F90CF0399B1DA8280BD4BB4538E1480F9DE68299C309A3"
"C:\Users\PC\Dragon_Tower\Assets\Eric VFX Studio\Resource\Textures\mask_25.png","BA7B2C97FE2E67BC790D9263062B8D90E2A4199F9DCED8181BF405B065E6DF5E"
"C:\Users\PC\Dragon_Tower\Assets\Eric VFX Studio\Resource\Textures\mask_25.png.meta","908A100BF6D11BB9A415516D8818184DE11310739077BD0213D11165992369D3"
"C:\Users\PC\Dragon_Tower\Assets\Eric VFX Studio\Resource\Textures\Noise_02.png","E21E280FE2E07C860E86EF9A7A8B9E171803B947F29D7C7E497E8B0DD74CFD47"
"C:\Users\PC\Dragon_Tower\Assets\Eric VFX Studio\Resource\Textures\Noise_02.png.meta","788DD3EDF52E18406BFEF20F268B5435C24D0091F47E3791BBFA4A94E2A2F00F"
"C:\Users\PC\Dragon_Tower\Assets\Eric VFX Studio\Resource\Textures\noise_05.png","BC87E954CF1C14F8B9642346356C0591BA8F6F8F7C99EB72B494BA36F4049BF2"
"C:\Users\PC\Dragon_Tower\Assets\Eric VFX Studio\Resource\Textures\noise_05.png.meta","22678805AC5EB157D8CD34FF4F659C72EA17ECC78CB8B24CE938C0BB0F82CAD1"
"C:\Users\PC\Dragon_Tower\Assets\Eric VFX Studio\Resource\Textures\noise_09.png","21826DE5812669D8B7752F56F7150DD6A5711A2EE570D4A05465B301342F80F3"
"C:\Users\PC\Dragon_Tower\Assets\Eric VFX Studio\Resource\Textures\noise_09.png.meta","F831BE3254C94C7F6C81F8010FCB4EF876609D0F4490FF7DE7B4543D569D5ACD"
"C:\Users\PC\Dragon_Tower\Assets\Eric VFX Studio\Resource\Textures\Noise_Wave_002.png","FB4B9B507979D4D8466D8ACC72CCF6991C776A6D60FB96300C104ED58A715B65"
"C:\Users\PC\Dragon_Tower\Assets\Eric VFX Studio\Resource\Textures\Noise_Wave_002.png.meta","9BB9D289FA08C3246FA0122D8438E92369130CE53CE7A2F912F8A548208D9012"
"C:\Users\PC\Dragon_Tower\Assets\Eric VFX Studio\Resource\Textures\NoiseCaustic02.png","775284EE750D661AC0E1D5AAEA755876CDF688C839C1C50D0679B07B0A50282B"
"C:\Users\PC\Dragon_Tower\Assets\Eric VFX Studio\Resource\Textures\NoiseCaustic02.png.meta","8DAC1D42A8D3AEDE82273240836E1B7B9E7A6B73473BAA547631AC7C191C828C"
"C:\Users\PC\Dragon_Tower\Assets\Eric VFX Studio\Resource\Textures\NoiseCaustic03.png","902CD25AC996DA3DD673B7236948629629460BB242B05548BECE85F7DFD4A5FB"
"C:\Users\PC\Dragon_Tower\Assets\Eric VFX Studio\Resource\Textures\NoiseCaustic03.png.meta","18D51FB48A5B99F1E5E00B9A32A7AB6351F5E0D6C56EC7FA8FEC65766E39CFDC"
"C:\Users\PC\Dragon_Tower\Assets\Eric VFX Studio\Resource\Textures\NoiseClassic01Clear2.png","B40010F7A64B6428EB36BC2F8200A893208D2C50F709E5AB244F07C16F4F01BB"
"C:\Users\PC\Dragon_Tower\Assets\Eric VFX Studio\Resource\Textures\NoiseClassic01Clear2.png.meta","0339225BDB4D499C2DDA52FFBFDCBE3AADBAB0971BAC8FD6D554D424B4DE88E7"
"C:\Users\PC\Dragon_Tower\Assets\Eric VFX Studio\Resource\Textures\NoiseElectro01.png","9208E8031EAEAF56DD5D201D26F9044145E65DA3F8F0F121EB6B4ED5C8ADFC1A"
"C:\Users\PC\Dragon_Tower\Assets\Eric VFX Studio\Resource\Textures\NoiseElectro01.png.meta","BC3D57FB8ADE0DF8673AA2BF3D9EA4080A4503EAD49ED39EDF3A255D5D27C2B9"
"C:\Users\PC\Dragon_Tower\Assets\Eric VFX Studio\Resource\Textures\parry_new_d_sheet_2.png","751E24C4C9128D8A57AD19ED405E81C0F8CB13D62C6DC5DA04157AADC33A0B4D"
"C:\Users\PC\Dragon_Tower\Assets\Eric VFX Studio\Resource\Textures\parry_new_d_sheet_2.png.meta","6D41CB08C44BA1A184C65AA0669A081F609AA1BC8AFFF6F0C95B16D9D4E1E406"
"C:\Users\PC\Dragon_Tower\Assets\Eric VFX Studio\Resource\Textures\particle_01.png","E80FC4302C04B6C9D02F946821FCA5A45CAC294A986F1AA69E3E4F2B76A16F49"
"C:\Users\PC\Dragon_Tower\Assets\Eric VFX Studio\Resource\Textures\particle_01.png.meta","61784C24FD2CBF087E0B801C065BEB4F994F2B7B1BD9B4C31DB3D0A246DA2DF9"
"C:\Users\PC\Dragon_Tower\Assets\Eric VFX Studio\Resource\Textures\Particle_Circle_17.png","322CC1FBD233F513992AF1C531397992EA4C65C7BD7D76A52C8C4AD401FF9E38"
"C:\Users\PC\Dragon_Tower\Assets\Eric VFX Studio\Resource\Textures\Particle_Circle_17.png.meta","1680971F4B6D2842801C3848B8B214488F70B9ABE27ACA378DF44ECFDA06030E"
"C:\Users\PC\Dragon_Tower\Assets\Eric VFX Studio\Resource\Textures\Particle_Impact_Circle_01.png","65941193D33BC6D4DE429CE8A0CB42963E4771391994B586BD79B0300D3E37BD"
"C:\Users\PC\Dragon_Tower\Assets\Eric VFX Studio\Resource\Textures\Particle_Impact_Circle_01.png.meta","BF82FC2C22AAC629034C385797575EEE12B4BC80241411874132B03D08565B78"
"C:\Users\PC\Dragon_Tower\Assets\Eric VFX Studio\Resource\Textures\particle_sprite_01a.png","275D0964AE94BA2AF602BC4A6BAD9DF45A900BFE2153567D48EC110930829750"
"C:\Users\PC\Dragon_Tower\Assets\Eric VFX Studio\Resource\Textures\particle_sprite_01a.png.meta","08DD235A3ACF4B94F631DD95622ECEDFF9A97A3E5D2E066A10DD9F930D024186"
"C:\Users\PC\Dragon_Tower\Assets\Eric VFX Studio\Resource\Textures\piaodaiAlpha_00003_W.png","18A4069D41C074460A8182E906F8CE5014B27DBE77BBD41ED032E30247EE0819"
"C:\Users\PC\Dragon_Tower\Assets\Eric VFX Studio\Resource\Textures\piaodaiAlpha_00003_W.png.meta","56847F481E7EA10E49E084B89FECF121802714D2EF6E0C6F221E9272F153FBA2"
"C:\Users\PC\Dragon_Tower\Assets\Eric VFX Studio\Resource\Textures\piaodaiAlpha_00003R.png","7012EDFE60E0D5DF798A2C5719CA09A36C8AEAAB04BBA299467041DF7A5BCD27"
"C:\Users\PC\Dragon_Tower\Assets\Eric VFX Studio\Resource\Textures\piaodaiAlpha_00003R.png.meta","CCCE0E441B3270D4D75AD82404AF5AFCE266E63E858FA0B991405BF0FA314AD9"
"C:\Users\PC\Dragon_Tower\Assets\Eric VFX Studio\Resource\Textures\pink.png","B79AAFCCAA21B98012DCA827C34D5C208A033BA7DDD1FDEA28D2B752FDB67AF4"
"C:\Users\PC\Dragon_Tower\Assets\Eric VFX Studio\Resource\Textures\pink.png.meta","D4A8476CF5614B3C8B577EC4984C90BE9E7B20E9DB82891504A73E78D6A1E35D"
"C:\Users\PC\Dragon_Tower\Assets\Eric VFX Studio\Resource\Textures\point_01.png","591652434E314FBE6A6B3F0283F5920790ED91434A47C5904B928A30519B48D2"
"C:\Users\PC\Dragon_Tower\Assets\Eric VFX Studio\Resource\Textures\point_01.png.meta","58AFB809B3EF0C63188303C2B2464008C12B261D67C9188D671CA41239379E31"
"C:\Users\PC\Dragon_Tower\Assets\Eric VFX Studio\Resource\Textures\point_04_1.png","2626B658319FCCAF5D4458734454B25418C897203CC37FBAAA8BAC8C17BD3D4B"
"C:\Users\PC\Dragon_Tower\Assets\Eric VFX Studio\Resource\Textures\point_04_1.png.meta","749D40B90FA3F098344083FB8137A8AA74114AAC77FB3FC460059EF10CEB0162"
"C:\Users\PC\Dragon_Tower\Assets\Eric VFX Studio\Resource\Textures\point_05.png","4AD37F9130075835536A85D2E9A2E55A3A2122F180D616DBD923A2F15E8768AC"
"C:\Users\PC\Dragon_Tower\Assets\Eric VFX Studio\Resource\Textures\point_05.png.meta","F27F364D4E6A2EE5BF593384A460EA09D269CD9160B007CD262240391CE9960F"
"C:\Users\PC\Dragon_Tower\Assets\Eric VFX Studio\Resource\Textures\poison_dot_purple_sheet.png","187E26C66FE68E8667670F1F3F0EAFC583A1382E0F0872451FB1795344860CC7"
"C:\Users\PC\Dragon_Tower\Assets\Eric VFX Studio\Resource\Textures\poison_dot_purple_sheet.png.meta","D466684418F30403616FF930C5B577DD8251E2D1C6CFD159699F21734033966D"
"C:\Users\PC\Dragon_Tower\Assets\Eric VFX Studio\Resource\Textures\public_smoke_03_D.png","C01CBAD076B687BDA237F99D5F167B0CCEBA915CF70797890728DC0466362E6E"
"C:\Users\PC\Dragon_Tower\Assets\Eric VFX Studio\Resource\Textures\public_smoke_03_D.png.meta","0DE918C20F8B106A7C2EF32FA4E8B702C4E3128F013637E4B8D6A2941B45D382"
"C:\Users\PC\Dragon_Tower\Assets\Eric VFX Studio\Resource\Textures\Pulse_Smoke.png","BF5C1E827C2D1B83D8FC0E4839DE22CF28F521325D69084112B3D78BA6A96CE5"
"C:\Users\PC\Dragon_Tower\Assets\Eric VFX Studio\Resource\Textures\Pulse_Smoke.png.meta","607312B0F8B01925F9D1380A875DEDE700B53BEB9E6ABEFD5AA55F85F1B8B000"
"C:\Users\PC\Dragon_Tower\Assets\Eric VFX Studio\Resource\Textures\Ramp02.png","46E142528B53E46F7EFB9F4C5D85FD140EF041FAE87AB8C5F49C0D96F33CF1E8"
"C:\Users\PC\Dragon_Tower\Assets\Eric VFX Studio\Resource\Textures\Ramp02.png.meta","973174C1B1FBA85FDC1F8426D03309B8AF2477602E6BFFB8C26B69B561168AD6"
"C:\Users\PC\Dragon_Tower\Assets\Eric VFX Studio\Resource\Textures\Ramp05.png","87C3F9B33E19543F30A5363D6F29ACEF5A31C136DD4BC123A01ACB1B91F2BD2E"
"C:\Users\PC\Dragon_Tower\Assets\Eric VFX Studio\Resource\Textures\Ramp05.png.meta","09E3296F4B00678F674A4DC5BBAF1B51BC0FB02458B968975A897BC98106ACFB"
"C:\Users\PC\Dragon_Tower\Assets\Eric VFX Studio\Resource\Textures\Ramp10.png","03A1F5934E27F8FBFE87BCF944E3F40FAA639CD0C1F9ADE9820EDBCA1A468C52"
"C:\Users\PC\Dragon_Tower\Assets\Eric VFX Studio\Resource\Textures\Ramp10.png.meta","052D3CC654E66E7011A874D2D0485E547E8D59BA271FCA2D84945E546156EE6B"
"C:\Users\PC\Dragon_Tower\Assets\Eric VFX Studio\Resource\Textures\ray_01.png","D0210A70DC930E31E9195F3C83651B1FFC2BFEE9F52311FED7BA23CE135113BB"
"C:\Users\PC\Dragon_Tower\Assets\Eric VFX Studio\Resource\Textures\ray_01.png.meta","584E0392F02364CEF30DF8250317F19A5A580CD79474CCDC19CBA4CEDF198667"
"C:\Users\PC\Dragon_Tower\Assets\Eric VFX Studio\Resource\Textures\Rays_02.png","1ED53519EE2647130A7B0AB6C481F5A87B821E000548EDAA3F834220CFD44201"
"C:\Users\PC\Dragon_Tower\Assets\Eric VFX Studio\Resource\Textures\Rays_02.png.meta","1C58D33506B05FB15EC77BC1C2A12A25B4570448585375994B29EB9ADA4B9171"
"C:\Users\PC\Dragon_Tower\Assets\Eric VFX Studio\Resource\Textures\Red_SPsheet_01.png","FB5DA0ABB1F0ADF5E3D61A171F9A93E91F39E2636A0DCB393BC0C2054699E341"
"C:\Users\PC\Dragon_Tower\Assets\Eric VFX Studio\Resource\Textures\Red_SPsheet_01.png.meta","156100D223975FCF8A24BCB0AC35BF00569A12FCADCDFB56C95D97F70A19907F"
"C:\Users\PC\Dragon_Tower\Assets\Eric VFX Studio\Resource\Textures\ressurection_lines_sheet_blue.png","67DC991E0EAACA8C046BA4FF59DB85050078B5F58DD3FF56C884571522E8A0E4"
"C:\Users\PC\Dragon_Tower\Assets\Eric VFX Studio\Resource\Textures\ressurection_lines_sheet_blue.png.meta","E5620C1001E30FFF68E5515936E355084B97850966685A1A83C960B3E206952B"
"C:\Users\PC\Dragon_Tower\Assets\Eric VFX Studio\Resource\Textures\ressurection_lines_sheet.png","E9D8463AFFB62E480A7387D3C2A610C1E2BB40B3D51097AF7B0E42D7FAF544D4"
"C:\Users\PC\Dragon_Tower\Assets\Eric VFX Studio\Resource\Textures\ressurection_lines_sheet.png.meta","01075D5076337AC7C336B436DA35E967AF3540860B417C80419480C109298F4C"
"C:\Users\PC\Dragon_Tower\Assets\Eric VFX Studio\Resource\Textures\ring_01_w.png","277801ABE1260ACBB732A25F6A501A53805B4569E1371496864AD279F0C39E22"
"C:\Users\PC\Dragon_Tower\Assets\Eric VFX Studio\Resource\Textures\ring_01_w.png.meta","2B6B67943BB4B5582333C09F6E28B92B4500D2E56186E53EFBB4A26785F7DAA5"
"C:\Users\PC\Dragon_Tower\Assets\Eric VFX Studio\Resource\Textures\ring_03.png","23D8B1B64477D77B1A6FC3A67CA63BDEA9A7C31EAA89000E905E000E2505F6C4"
"C:\Users\PC\Dragon_Tower\Assets\Eric VFX Studio\Resource\Textures\ring_03.png.meta","4B999ABFD31691F0F7F6683DA0C818532FCFC3EEB05F837AE515B1891FDABF50"
"C:\Users\PC\Dragon_Tower\Assets\Eric VFX Studio\Resource\Textures\ring_04.png","E149B711981E253E85587671D5D9967C4F11B4367246E2A6095D62ABEBF516DD"
"C:\Users\PC\Dragon_Tower\Assets\Eric VFX Studio\Resource\Textures\ring_04.png.meta","81F3C005253947BE7D6085A7928851DFAE838D9E8DC8C20CFBD923BE722914A5"
"C:\Users\PC\Dragon_Tower\Assets\Eric VFX Studio\Resource\Textures\ring_08.png","E3E3857BE0D53DA4A0239EA9F6DB2A5473AE78B1AD865CB1693457129C2AD07B"
"C:\Users\PC\Dragon_Tower\Assets\Eric VFX Studio\Resource\Textures\ring_08.png.meta","4FC4EA02DA8EE3311C7C5E89446F35E5610F886127B6A5A61BC46727C4222F13"
"C:\Users\PC\Dragon_Tower\Assets\Eric VFX Studio\Resource\Textures\ring_09.png","B46E5F5F3B95FCFE05713C12553614A9475C0C27E88EAC47D80C0A654E42B7BA"
"C:\Users\PC\Dragon_Tower\Assets\Eric VFX Studio\Resource\Textures\ring_09.png.meta","6E5B59C27DC0603D788201A352E37FECC6052D70006E18AB5FC388C886D69624"
"C:\Users\PC\Dragon_Tower\Assets\Eric VFX Studio\Resource\Textures\ring_16.png","57F528844EC1A2DA2E37BED5097F9B011EC52DFB05B80DB93FE4C407A9D3014B"
"C:\Users\PC\Dragon_Tower\Assets\Eric VFX Studio\Resource\Textures\ring_16.png.meta","B06CA1FD948AFEBFB8CA3CDEF76C190256491512DF5EE488AC629F57332C357F"
"C:\Users\PC\Dragon_Tower\Assets\Eric VFX Studio\Resource\Textures\ring_23.png","DDE1BC55DBD531E98249DAF7570EC6D0764064287C2F84E8300CF76260F6F674"
"C:\Users\PC\Dragon_Tower\Assets\Eric VFX Studio\Resource\Textures\ring_23.png.meta","6A6EBF0926D556A320AEF0706CE0B51B411C3BE8B81715507CE716CE813A380A"
"C:\Users\PC\Dragon_Tower\Assets\Eric VFX Studio\Resource\Textures\ring_24.png","788D4584A6AEBA2C731F8E7FFA955704D881A6547E491DEE289D071CD27A7CF6"
"C:\Users\PC\Dragon_Tower\Assets\Eric VFX Studio\Resource\Textures\ring_24.png.meta","F52CEBCB36FA384B3E19131180B689BFE1B6F1308FD95F850C68A7D682C4592A"
"C:\Users\PC\Dragon_Tower\Assets\Eric VFX Studio\Resource\Textures\ring_30.png","3B787EA72D6DB9A5D43CDC4DD6762479C65B8C70534C38CC4AF82759BF283A49"
"C:\Users\PC\Dragon_Tower\Assets\Eric VFX Studio\Resource\Textures\ring_30.png.meta","F02EEEF9895204AC319217CB0668A1328760678BB588F1861081ADFB30E62E6F"
"C:\Users\PC\Dragon_Tower\Assets\Eric VFX Studio\Resource\Textures\ring_green.png","F133553208534A4159E113BD247E80A1C622232A40C63C67CD5C02D838597AC2"
"C:\Users\PC\Dragon_Tower\Assets\Eric VFX Studio\Resource\Textures\ring_green.png.meta","E8E4384392DDEE562C235499DBA5F6B9A3339CDBD90B22B375A2A380D7220B40"
"C:\Users\PC\Dragon_Tower\Assets\Eric VFX Studio\Resource\Textures\ring01_09.png","5C12785F336E0E961C0A5B5123032BA1AF68ACEAFEA530183339D8CDBDC1F3A6"
"C:\Users\PC\Dragon_Tower\Assets\Eric VFX Studio\Resource\Textures\ring01_09.png.meta","D3886B14ABED4E33DC989288C242AB7336F48BD41A1463AEB04DBFF239F13C6A"
"C:\Users\PC\Dragon_Tower\Assets\Eric VFX Studio\Resource\Textures\ring02_00_2.png","663E2D9D661D9988B201FEBF17F76CA049704F5750357A799B9EF98B8962FF5E"
"C:\Users\PC\Dragon_Tower\Assets\Eric VFX Studio\Resource\Textures\ring02_00_2.png.meta","3AC3505AFBFF13BF89CAD90EAB6CF8067439A79CF62B5F517697EB999A549C94"
"C:\Users\PC\Dragon_Tower\Assets\Eric VFX Studio\Resource\Textures\rock02.png","2B1FA2DECCC0A9E4E64F28C07B70D6FBA03FA331737AB0BB261E81D2574D54A9"
"C:\Users\PC\Dragon_Tower\Assets\Eric VFX Studio\Resource\Textures\rock02.png.meta","9C8463342560D549E901903F11F49ED160E9427BECFE7161CDBC069E826C714B"
"C:\Users\PC\Dragon_Tower\Assets\Eric VFX Studio\Resource\Textures\Rune_L.png","5C6AA7C515E8F0125407E10AC716CC2F84DD9F83E842904EFB32CCD6D56F6453"
"C:\Users\PC\Dragon_Tower\Assets\Eric VFX Studio\Resource\Textures\Rune_L.png.meta","12E5F4AF825B90D9AB3B7EDF79EA54AED1B918480A3DA4BDB2521720FCB20052"
"C:\Users\PC\Dragon_Tower\Assets\Eric VFX Studio\Resource\Textures\Rune_L2.png","004DE48D785AFAA3DBABBDCE0D4294726A58527D8D412596C6215D9390799C32"
"C:\Users\PC\Dragon_Tower\Assets\Eric VFX Studio\Resource\Textures\Rune_L2.png.meta","DE7755031D3392B85B069024A38E49EDBCB42FC275033CC8031B620EA9A5AB97"
"C:\Users\PC\Dragon_Tower\Assets\Eric VFX Studio\Resource\Textures\sd_21a.png","7F0FDDC571D7FDF6A671855F74BAAE3576EBF625025FAF7B73DC8E6FB0AB1890"
"C:\Users\PC\Dragon_Tower\Assets\Eric VFX Studio\Resource\Textures\sd_21a.png.meta","1AC6201A0E2FBFC32B98999250C44EA9B46FBBBCD042DE02EC090B094A98F812"
"C:\Users\PC\Dragon_Tower\Assets\Eric VFX Studio\Resource\Textures\selvaria_skill2_02.png","04FCBE25F8CAC8AF25EA9B98F498EF50FF7825BFC25ADFBC662F875408AD6156"
"C:\Users\PC\Dragon_Tower\Assets\Eric VFX Studio\Resource\Textures\selvaria_skill2_02.png.meta","7222BC840B00E15D77F8DEA62F81EF78AEE52B17F206B03C64B855E0F2EFE948"
"C:\Users\PC\Dragon_Tower\Assets\Eric VFX Studio\Resource\Textures\sheep_02.png","23DC14977FDF062188C2CD29013B03AA87CB0338C13F4BB914B9AC31ADF4A449"
"C:\Users\PC\Dragon_Tower\Assets\Eric VFX Studio\Resource\Textures\sheep_02.png.meta","310321637F9FA2251DA3696BD2D4F75CDC94C0953B8B9535578C0F2525222DF5"
"C:\Users\PC\Dragon_Tower\Assets\Eric VFX Studio\Resource\Textures\Sheet_purple_W01.png","210479B9B6882673A1C291BB515F8803E6EECA361220F60EEC36B9B709623F9B"
"C:\Users\PC\Dragon_Tower\Assets\Eric VFX Studio\Resource\Textures\Sheet_purple_W01.png.meta","BC0A49F79909168BE5C9E6855ECA5397683F3C87A4175F647BAD86AF994BDC07"
"C:\Users\PC\Dragon_Tower\Assets\Eric VFX Studio\Resource\Textures\shockwave01_03.png","F63A0660061FC6982F4A3A2D1648C0516210252CA54AB92879D727F550D1BBFA"
"C:\Users\PC\Dragon_Tower\Assets\Eric VFX Studio\Resource\Textures\shockwave01_03.png.meta","BFC10CE70B44C3120F1EE06131A8F8A1C95B009DA0D81DF6C3DD79E479138874"
"C:\Users\PC\Dragon_Tower\Assets\Eric VFX Studio\Resource\Textures\shockwave02_01.png","B2B7F97944A06AA0931F38D48E02931682AF2C9E427E9208BBD3B7558A3F606D"
"C:\Users\PC\Dragon_Tower\Assets\Eric VFX Studio\Resource\Textures\shockwave02_01.png.meta","E8AE7203CF5CD8A4D58420232F476539C29704AF879AB2200EF6C7DA22568320"
"C:\Users\PC\Dragon_Tower\Assets\Eric VFX Studio\Resource\Textures\sl-g01g2.png","998A4715F86C127A93F786EAC82460E1D936BC1C10CDAD512F6AEAFF03F4340E"
"C:\Users\PC\Dragon_Tower\Assets\Eric VFX Studio\Resource\Textures\sl-g01g2.png.meta","50DB35295035C451EBC046EE9215EE9E70E5B90126688DF8892D117BCD1FAA46"
"C:\Users\PC\Dragon_Tower\Assets\Eric VFX Studio\Resource\Textures\sl-g09.png","DE421092966BB4674EE56927AA81B6BD6EF8F9B4A526D5E86D8905449E4816AF"
"C:\Users\PC\Dragon_Tower\Assets\Eric VFX Studio\Resource\Textures\sl-g09.png.meta","3E17F2267E44FF39F01B333671D80624CDED6EB99F4124C67A88416D1D97A995"
"C:\Users\PC\Dragon_Tower\Assets\Eric VFX Studio\Resource\Textures\slash_07_1.png","ED9D18F5593F1FECFF96F2C7A5F7EC6492C79B8D4BBD137BA5ACE78B72C2D130"
"C:\Users\PC\Dragon_Tower\Assets\Eric VFX Studio\Resource\Textures\slash_07_1.png.meta","3D2DB95AAA2B128FFEBFD96F7754A035442BB973FBD5A1F7DD54CC73908089CC"
"C:\Users\PC\Dragon_Tower\Assets\Eric VFX Studio\Resource\Textures\slash_07.png","BBBDE7E7D89670010E064D1898B0F30476D18F30B579AB86DD9E11AF848AFDF3"
"C:\Users\PC\Dragon_Tower\Assets\Eric VFX Studio\Resource\Textures\slash_07.png.meta","335290A44805FE5650F814BC8641551638B5FB0A1BA1ECCBF27C22A5C024378C"
"C:\Users\PC\Dragon_Tower\Assets\Eric VFX Studio\Resource\Textures\slash_10.png","1C0CCAF89F7ED601AEE3AC67FE39C46BED11448AB87F2266579DCAEF642D6EF0"
"C:\Users\PC\Dragon_Tower\Assets\Eric VFX Studio\Resource\Textures\slash_10.png.meta","EF064CC54E744164AC371A36E9F5E3F53631221EAC5F32A2EA6868EFF19706B1"
"C:\Users\PC\Dragon_Tower\Assets\Eric VFX Studio\Resource\Textures\slash_11_2.png","70D90076DDECC18D11F4E077774EBE93BD83AA83AEDAE1C5E37E7B999CDF3236"
"C:\Users\PC\Dragon_Tower\Assets\Eric VFX Studio\Resource\Textures\slash_11_2.png.meta","321EAB338F9131BBA6A826EF953BFF7DB09E491A594F86ED1AB8E58D8D01CACB"
"C:\Users\PC\Dragon_Tower\Assets\Eric VFX Studio\Resource\Textures\slash_13.png","28F2747C9DE9EF2B1F46F109162CA0A9B9314123A8999DE55E2CDB83E0930E90"
"C:\Users\PC\Dragon_Tower\Assets\Eric VFX Studio\Resource\Textures\slash_13.png.meta","8AC22A4A10842020080978BF8BEE256ADED9763832282BEC65F565D5851A6655"
"C:\Users\PC\Dragon_Tower\Assets\Eric VFX Studio\Resource\Textures\slash_C001.png","F4EB7D680EF7FCED26FDB41C008CA1FF5F449C124A16455016E4A6867DB8BF1C"
"C:\Users\PC\Dragon_Tower\Assets\Eric VFX Studio\Resource\Textures\slash_C001.png.meta","0DBB2668F2BAF16724E4A6E0ECD72DFB55F71FAD43C44FE51410FA2A9EE76624"
"C:\Users\PC\Dragon_Tower\Assets\Eric VFX Studio\Resource\Textures\slash_C002.png","88263220EF427C51B8A1A30BB29FCEB6E54B5641AF7737FDE590D170DBFCA986"
"C:\Users\PC\Dragon_Tower\Assets\Eric VFX Studio\Resource\Textures\slash_C002.png.meta","408DD4CA81AAB2A98DB2F2FDDA14E51F7FE3FFA0F7EA7B03244F2CE3D06EC3CE"
"C:\Users\PC\Dragon_Tower\Assets\Eric VFX Studio\Resource\Textures\slash_C003.png","52BBE60A9D1AA4CFDDBDF3F463156C8AB10F8CCC0094A07318888FC66586ED13"
"C:\Users\PC\Dragon_Tower\Assets\Eric VFX Studio\Resource\Textures\slash_C003.png.meta","EF3746062B3466C82B8073C7D412CC1BC71D15C2AC147E531E49D835B76B7C14"
"C:\Users\PC\Dragon_Tower\Assets\Eric VFX Studio\Resource\Textures\slash_red_02.png","DFFDB7883DB569D93CC92F8624CA822128E03E401037D202BC31A4641CFF79EC"
"C:\Users\PC\Dragon_Tower\Assets\Eric VFX Studio\Resource\Textures\slash_red_02.png.meta","42956A56FA2F421651A1B52A78B68B14EE4B625B67E7D303A7193F53E9543028"
"C:\Users\PC\Dragon_Tower\Assets\Eric VFX Studio\Resource\Textures\slash03.png","DDFD50CC82BEF10EDDE788E2687B721C134D3D58910C56B8F847F0521EA1B9B5"
"C:\Users\PC\Dragon_Tower\Assets\Eric VFX Studio\Resource\Textures\slash03.png.meta","FE25F51B224A4F25BE6121EB3EB1F3E7AF725F61069CC37781CFD57D6100453A"
"C:\Users\PC\Dragon_Tower\Assets\Eric VFX Studio\Resource\Textures\Smoke_01_D2.png","EF3BA608D6ACF0107268D675804AD0CFA08132B522F572F97D93580C6B3FBDD0"
"C:\Users\PC\Dragon_Tower\Assets\Eric VFX Studio\Resource\Textures\Smoke_01_D2.png.meta","9DFD7960A7A89E3ED6721A1902393508B1D2184B3CD8AC08C3B0742C024348A4"
"C:\Users\PC\Dragon_Tower\Assets\Eric VFX Studio\Resource\Textures\smoke_02.png","16F99F90640C59AC396F674F7CECC7467E4EE510A69D0309C5F9984C17DED348"
"C:\Users\PC\Dragon_Tower\Assets\Eric VFX Studio\Resource\Textures\smoke_02.png.meta","528BCE77BEB7DE5EAC8CB5DB1A831F94391D0DB2EAD3542BCE36FE9A87C34811"
"C:\Users\PC\Dragon_Tower\Assets\Eric VFX Studio\Resource\Textures\smoke_04_x.png","7A8EEDFF722941A5B7ACA3C430A82E2EBD28257FF47B68DBBD8F47EF161E802F"
"C:\Users\PC\Dragon_Tower\Assets\Eric VFX Studio\Resource\Textures\smoke_04_x.png.meta","7AFCF79BF9670F1076B9C1AFC73A51538A855A01951FF615BBA49BD81CA322A8"
"C:\Users\PC\Dragon_Tower\Assets\Eric VFX Studio\Resource\Textures\smoke_05.png","36787308CAA1028DE687C33F6E25B48A983AE3C4BF22AF2A9ED39CDBF2E3B59D"
"C:\Users\PC\Dragon_Tower\Assets\Eric VFX Studio\Resource\Textures\smoke_05.png.meta","0F4ACFC71642CE56228D21FCFBF2749781D8D5F4E5873AB1E0AD07B7A5872E7E"
"C:\Users\PC\Dragon_Tower\Assets\Eric VFX Studio\Resource\Textures\Snoke5.png","664DB9E4056B311D0BCB9009831EBEF1A3D5896945DFED0C98ABD24E900E4239"
"C:\Users\PC\Dragon_Tower\Assets\Eric VFX Studio\Resource\Textures\Snoke5.png.meta","09369D9F75E6B492A18E19E79E9926663E0224F4AAA3509E1293C9959178CFFA"
"C:\Users\PC\Dragon_Tower\Assets\Eric VFX Studio\Resource\Textures\sonic_impact_white_sheet.png","E34F54D2647D7C2A9F5ED9EE496C28B54F4718613896C63BEB5DFD167252253F"
"C:\Users\PC\Dragon_Tower\Assets\Eric VFX Studio\Resource\Textures\sonic_impact_white_sheet.png.meta","3BAA87FD089D3C1078119AE3726026D2CA9BFCD1440B29E77BFC9D99591365F3"
"C:\Users\PC\Dragon_Tower\Assets\Eric VFX Studio\Resource\Textures\Spark_03.png","DD45B27852217F09CE9322126AA5C90F03C455233AECCC47F3ABE5FAC1B68B90"
"C:\Users\PC\Dragon_Tower\Assets\Eric VFX Studio\Resource\Textures\Spark_03.png.meta","62DB43CA456E1FAE94F02ED1364795F7F8DFE0BCFB1C13185C5E9B386C667A94"
"C:\Users\PC\Dragon_Tower\Assets\Eric VFX Studio\Resource\Textures\Spark.PNG","69F9A73079AE3D558940CC02E97BA84D3AFEB7C28DEE046883A7120FB27C0454"
"C:\Users\PC\Dragon_Tower\Assets\Eric VFX Studio\Resource\Textures\Spark.PNG.meta","1D1FAC50518C769F920966E03C95861279EAFA85B679E864C1E3BD4A9B4905F5"
"C:\Users\PC\Dragon_Tower\Assets\Eric VFX Studio\Resource\Textures\spot_002.png","E9E8DD8962D7B0E61FDF26D64191DC7AA51FDECB05ABE24D52FA94237404BE35"
"C:\Users\PC\Dragon_Tower\Assets\Eric VFX Studio\Resource\Textures\spot_002.png.meta","5A2AAD97E114BEEA29F27FFE8280FC2B2CEE3C0A2995BDC4BCF45B42EA0120DD"
"C:\Users\PC\Dragon_Tower\Assets\Eric VFX Studio\Resource\Textures\Spur_yellow_C001.png","EB93CE8AD2F8BB454F55EE03ABF8E862825EE6E00D92FBF9CC9D2D9F11E37BD2"
"C:\Users\PC\Dragon_Tower\Assets\Eric VFX Studio\Resource\Textures\Spur_yellow_C001.png.meta","5293A3D94125B39E289297E63E1C350B91B89AD418078D35CD3B1AA74728119B"
"C:\Users\PC\Dragon_Tower\Assets\Eric VFX Studio\Resource\Textures\star_02.png","54856EF0005F30BAE2B3BF5ADB4C203D6C09B92EB39ED3A5B2D42D75B658EB9A"
"C:\Users\PC\Dragon_Tower\Assets\Eric VFX Studio\Resource\Textures\star_02.png.meta","E2F1C865276E21E5E5CD38EFE86667ECA063CE7F6F5129647B8A00B1F77D55A0"
"C:\Users\PC\Dragon_Tower\Assets\Eric VFX Studio\Resource\Textures\star_05.png","EB9323603AF39FCE688F14FF29D9424C19711955B2DEFF4AF2F2DCA565A7B714"
"C:\Users\PC\Dragon_Tower\Assets\Eric VFX Studio\Resource\Textures\star_05.png.meta","01FBEEDF30FF2DF40BA7D9DA039C019F7E51426918F5DD5337DDA39FEB7D126B"
"C:\Users\PC\Dragon_Tower\Assets\Eric VFX Studio\Resource\Textures\star_CPdr_006.png","6DC43FDFDA352D2AD26AE3526975B6F20DBA04F6EF9956366E34D0FA8A01750D"
"C:\Users\PC\Dragon_Tower\Assets\Eric VFX Studio\Resource\Textures\star_CPdr_006.png.meta","F1CF02D43938F9E129832B6A5D38C6648EA2BAEEF589D85C8D96FB28B84AE8AF"
"C:\Users\PC\Dragon_Tower\Assets\Eric VFX Studio\Resource\Textures\stone02.png","E22604CEB84B1C724FB065C3689637709CB3BD6DAAFA1AE80253B64AAA52D02B"
"C:\Users\PC\Dragon_Tower\Assets\Eric VFX Studio\Resource\Textures\stone02.png.meta","45AD8FD7810CED3814A8DE06CBEB7C2FC2B062E52C4172FF4D435BF50AC94F50"
"C:\Users\PC\Dragon_Tower\Assets\Eric VFX Studio\Resource\Textures\storm_wizard_teleport_alabaster_orbsource.png","75AC9D39D65EAA66B4291ECC8D981D048B534BBC6B963366C39463C0CD7A73FC"
"C:\Users\PC\Dragon_Tower\Assets\Eric VFX Studio\Resource\Textures\storm_wizard_teleport_alabaster_orbsource.png.meta","0FE8DB6A8E8CD2262439AA2D586DBD8EF879F2D693A5C0E19EB9A83C2B3DC4A4"
"C:\Users\PC\Dragon_Tower\Assets\Eric VFX Studio\Resource\Textures\stun_confuse_circle_a_sheet.png","579E49C54E298767A67BDE890D6A2DC9B7BC628A20FDC8F8FEE33A4DD8A39507"
"C:\Users\PC\Dragon_Tower\Assets\Eric VFX Studio\Resource\Textures\stun_confuse_circle_a_sheet.png.meta","75B6E293FEF2EC24CF740D6A51D853CC58459C960D4A998999CD68CA19564440"
"C:\Users\PC\Dragon_Tower\Assets\Eric VFX Studio\Resource\Textures\tex_vfx-ult_particle_sprite_kh_twinkle-blurred 1.png","6204EFD49266C63F28124EE4287265CDE192804DB638A223B118F0C03C307E4C"
"C:\Users\PC\Dragon_Tower\Assets\Eric VFX Studio\Resource\Textures\tex_vfx-ult_particle_sprite_kh_twinkle-blurred 1.png.meta","936622A1582EAFCF903623B1E9C791632F2593EB5A4DCD67682A9C44F9461B90"
"C:\Users\PC\Dragon_Tower\Assets\Eric VFX Studio\Resource\Textures\tex_vfx-ult_particle_sprite_point.png","405AF28712C0413FCDA8F165D0CC35A12690367A9FE92A181B40175531468684"
"C:\Users\PC\Dragon_Tower\Assets\Eric VFX Studio\Resource\Textures\tex_vfx-ult_particle_sprite_point.png.meta","D3DD175A07D363DA96687C5FEE40FD88C15A04FC5079DF5A2C099CBA506A8B96"
"C:\Users\PC\Dragon_Tower\Assets\Eric VFX Studio\Resource\Textures\tex_vfx-ult_particle_sprite_shard.png","6B3B6214946662D8FE3C194B435AA4B19EDE8AD46B3C758F66AA8BD36E04B8AE"
"C:\Users\PC\Dragon_Tower\Assets\Eric VFX Studio\Resource\Textures\tex_vfx-ult_particle_sprite_shard.png.meta","37B564C520417295F3A24132B317DC0BA9043EB6BAECD8A0E9DE5F23849A567B"
"C:\Users\PC\Dragon_Tower\Assets\Eric VFX Studio\Resource\Textures\thorns.png","5A4F1F3227E026D9322A75516117C2019CDD29FC9C97F98C0B0D0DBFD7F6060F"
"C:\Users\PC\Dragon_Tower\Assets\Eric VFX Studio\Resource\Textures\thorns.png.meta","227A59D367AD54139982038D391B53075042F7038ACD07522C99DC5456298F05"
"C:\Users\PC\Dragon_Tower\Assets\Eric VFX Studio\Resource\Textures\ToonLit.psd","653AEA14F48044B72C7754B3E5BC1B02CF1E2E00874AE1081E4F65C319CF1578"
"C:\Users\PC\Dragon_Tower\Assets\Eric VFX Studio\Resource\Textures\ToonLit.psd.meta","BAA2AF80551A439C8FE2345AE6D6B2D8F59F3435D8FACB372B405291A3B202FC"
"C:\Users\PC\Dragon_Tower\Assets\Eric VFX Studio\Resource\Textures\twink_01.png","4ED0E0F0C12DF51C56F2145720031A55CA9DB59A20D851D6FE47C1D632397B28"
"C:\Users\PC\Dragon_Tower\Assets\Eric VFX Studio\Resource\Textures\twink_01.png.meta","993F547F44CE5B47ADD575BA69182DE33FF6E1510383D43602063777CDD6AE67"
"C:\Users\PC\Dragon_Tower\Assets\Eric VFX Studio\Resource\Textures\wa-03.png","41459F55D2B8B3962D1D5F344BFAB81F4069851EAEDFBEC80FCE6281F05D66E5"
"C:\Users\PC\Dragon_Tower\Assets\Eric VFX Studio\Resource\Textures\wa-03.png.meta","A2555244FD7638377FB381064837A8CDDA3E1B94869334AEB5C9457CBDA270B6"
"C:\Users\PC\Dragon_Tower\Assets\Eric VFX Studio\Resource\Textures\wd_01c.png","27AEA74D67EBA55E5A22A288147F5D2C909A7882474CE89DB39A1FC497B8B7A2"
"C:\Users\PC\Dragon_Tower\Assets\Eric VFX Studio\Resource\Textures\wd_01c.png.meta","0E03EF9454AB26C96E19AEEF2A0647F2C26D12E6BB972DADE9721AF16A19DF4F"
"C:\Users\PC\Dragon_Tower\Assets\Eric VFX Studio\Resource\Textures\wenli.png","CE97618E810330A04F3FD1E62BBEF46785849D5F46423733829D919911AB5794"
"C:\Users\PC\Dragon_Tower\Assets\Eric VFX Studio\Resource\Textures\wenli.png.meta","EBEC0009007787155C154A520901F7EBFD7FAEE87E07D39C9C490FF21795280D"
"C:\Users\PC\Dragon_Tower\Assets\Eric VFX Studio\Resource\Textures\wenli02.png","872C4B90C1A83DE7F5E9A077E606AECE91012E5383DAC224F7D374DC8DFAFCB1"
"C:\Users\PC\Dragon_Tower\Assets\Eric VFX Studio\Resource\Textures\wenli02.png.meta","C2EABC9CAD2FB7A01195587125CDD35CCB16447350EC7097B0814B72AF275ADF"
"C:\Users\PC\Dragon_Tower\Assets\Eric VFX Studio\Resource\Textures\white_slash_01.png","BD8CAE5106A7CDE7C4B602DC3C700E54E5F1832DB55EF3C36261D49227BB3D0C"
"C:\Users\PC\Dragon_Tower\Assets\Eric VFX Studio\Resource\Textures\white_slash_01.png.meta","BC517319F07BB24794E35BE057100D83AF80DD92B3007081994E282B4AC0F3DF"
"C:\Users\PC\Dragon_Tower\Assets\Fonts\NotoSansKR.ttf","87B9F3C8B26E948F920547526D028F9339DBE3C8B03633C82A7440C1483607D3"
"C:\Users\PC\Dragon_Tower\Assets\Fonts\NotoSansKR.ttf.meta","32499F64364FEF3DC2E7645ECD3564B019D4972570B726D5AE793166E718F45E"
"C:\Users\PC\Dragon_Tower\Assets\Fonts\OFL.txt","1C05C68C34F9708415AADA51F17E1B0092D2CEA709BF4A94CD38114F9E73D7D9"
"C:\Users\PC\Dragon_Tower\Assets\Fonts\OFL.txt.meta","CD2CC11D12FE4B5BE4E3DB50AAD7479767B1E586EB4C22B1FB7C7B5CB63E9A34"
"C:\Users\PC\Dragon_Tower\Assets\Resources\Audio.meta","B0AA605CBD70730BE90F0509F5D12E75D5A253CB4E977CCB45E5BB976B5C295F"
"C:\Users\PC\Dragon_Tower\Assets\Resources\BattleVfxAdditive.shader","A734B3C48B0D6C4021962CEFC4DDFD50479443423D3E99D586D07E198AD61189"
"C:\Users\PC\Dragon_Tower\Assets\Resources\BattleVfxAdditive.shader.meta","1C61C6F2C8D7B8346458CDF420A136B57EF533BCBA1B2CD58C68D5A5117E3EAE"
"C:\Users\PC\Dragon_Tower\Assets\Resources\ContentDatabase.asset.meta","8A1FEE48442B3EBFF143E4F8B387582C8218FEC98D1DBFECB1A1EC7D221E0F03"
"C:\Users\PC\Dragon_Tower\Assets\Resources\Fonts.meta","FC0079738A8B9309975A606EB93CDEE2625C74BC357AEE3F1E82528B980C6167"
"C:\Users\PC\Dragon_Tower\Assets\Resources\HudThemes.meta","AC16BDCA4E1D05AAEF500C1C4689284A9F3289CB6B40FC8FB2ACCF8ACAC11DF4"
"C:\Users\PC\Dragon_Tower\Assets\Resources\PixelBattleSkin.asset","1529B8BAB388A061C546E763C24365647B425355A5FE26A7146EE7A474944595"
"C:\Users\PC\Dragon_Tower\Assets\Resources\PixelBattleSkin.asset.meta","2BBE7246DDC63BEB79AB671F3FAAD5660C85BA7CCBA62204D2577B2C8A4C0B96"
"C:\Users\PC\Dragon_Tower\Assets\Resources\UI.meta","CE67FA69B9CAC63F2B1C381DEDAD3EA07E4A8860043B0408CBECBEBC92CF0152"
"C:\Users\PC\Dragon_Tower\Assets\Resources\VFX.meta","A1FC4B07DAC5A5D2CB69B9AA0A8B8FDAE627F6042C623B8BBE2F44C3E9E96335"
"C:\Users\PC\Dragon_Tower\Assets\Resources\VfxComposite.shader","39FE3A84DE386487F0CBF114400EE3DB999C1FF365B760BACA99895FD546E389"
"C:\Users\PC\Dragon_Tower\Assets\Resources\VfxComposite.shader.meta","29989893F827AC247C1CB19C7A80AC3E43FF594819A60311B8270F162CE69D6A"
"C:\Users\PC\Dragon_Tower\Assets\Resources\Audio\고대 문지기.mp3","45BD0249987589985340769002129C710149F16CE17B6E5F14ED685EEA07CF5D"
"C:\Users\PC\Dragon_Tower\Assets\Resources\Audio\고대 문지기.mp3.meta","80B44817F1289ABC9D0FB03E5B0ED56157A11CEAFC008372AC60455F287F0D41"
"C:\Users\PC\Dragon_Tower\Assets\Resources\Audio\레벨업.mp3","BA8436B73ACB876306FDF985E1E540D0022169DB532D022B2BC990B2E28F58C9"
"C:\Users\PC\Dragon_Tower\Assets\Resources\Audio\레벨업.mp3.meta","15D3770AB16359BF00118773966F4A9E4FA3F406FF3F8F5C137DCDF990884A7B"
"C:\Users\PC\Dragon_Tower\Assets\Resources\Audio\로비BGM.mp3","FBFFFF735BA2C8E22173954C1F51FAC96698512C5691377EA49545148D3E7732"
"C:\Users\PC\Dragon_Tower\Assets\Resources\Audio\로비BGM.mp3.meta","3519D413CA1CA1C2AE6CB866A19291E5438109BD4FDA799B1BFB41A8A999173A"
"C:\Users\PC\Dragon_Tower\Assets\Resources\Audio\상점구매,코인얻기.mp3","FA8AC6D3D7B33C926DD1043432298612F8A7F27F8EC0EDB92E1D282BCC663269"
"C:\Users\PC\Dragon_Tower\Assets\Resources\Audio\상점구매,코인얻기.mp3.meta","FF34FCECA5337145F025940E45D4A72BFD93B198CADE7E2BF170F3D6112C539A"
"C:\Users\PC\Dragon_Tower\Assets\Resources\Audio\스테이지1.mp3","CB8BA490BF56CB307A9D20AB5F5A68C28E7F16CFD1086FC639D65DF0488E3AEF"
"C:\Users\PC\Dragon_Tower\Assets\Resources\Audio\스테이지1.mp3.meta","C16D9FC8D3CF390A51A485D1DDBB3C6A210E697DF3B0D3AE8C7B756240DB2898"
"C:\Users\PC\Dragon_Tower\Assets\Resources\Audio\스테이지2.mp3","6C09803E602FC9ABD005BFCB905ABE9D3463674ED6E2038EA54258E016A2875D"
"C:\Users\PC\Dragon_Tower\Assets\Resources\Audio\스테이지2.mp3.meta","C573297548A390AAE6F336FF899B872143178DE6C9115EB5E4EEB566213BF85C"
"C:\Users\PC\Dragon_Tower\Assets\Resources\Audio\스테이지3.mp3","9130C1591945CE54B1DEB0873AE285BF9327F7C9A961C5FA4C9E79A7670C8FC6"
"C:\Users\PC\Dragon_Tower\Assets\Resources\Audio\스테이지3.mp3.meta","7B2AEF13FA36FCA7BF2DA371585888A07E7D6C829A21017D3917604F010C1318"
"C:\Users\PC\Dragon_Tower\Assets\Resources\Audio\용광로 수문장 불칸.mp3","062D913A2DBC5B3A8CD43DF895A72093FE6B7A5935B90A6D4AF4D27F44975A08"
"C:\Users\PC\Dragon_Tower\Assets\Resources\Audio\용광로 수문장 불칸.mp3.meta","FA40FEF3E2F9BFE97F7BF27FF25EC645F043DA816D2B535DC6CEC4F0465F5FEF"
"C:\Users\PC\Dragon_Tower\Assets\Resources\Audio\일반공격.mp3","0E14E8F409B6A7C400D22DAC70C4849BD784DB4F4AC700AD4A138835BF018350"
"C:\Users\PC\Dragon_Tower\Assets\Resources\Audio\일반공격.mp3.meta","AD79E8D7D4C4E1A00DA9B45FA625BE2B7F088A601BF1B0D5553932B6EE6F8F5F"
"C:\Users\PC\Dragon_Tower\Assets\Resources\Audio\적공격.mp3","C630D23F9542DDA52B53E3B162A0B98A2D29E5B3C3BF390B84B6C0279766B7B6"
"C:\Users\PC\Dragon_Tower\Assets\Resources\Audio\적공격.mp3.meta","49C73903FD6D7D2F4191935C244FD11E4D392547EDBA1B8B441F91C672A4718E"
"C:\Users\PC\Dragon_Tower\Assets\Resources\Audio\증강선택.mp3","CD1A3E9A30114B87640AEC0ED26BB9CB20584FF523DF5176C502CADE119CAE90"
"C:\Users\PC\Dragon_Tower\Assets\Resources\Audio\증강선택.mp3.meta","DC4D1F5180835A8401E6A8CB81B4356F9470704CC1D7CEFEAF35444429318A3C"
"C:\Users\PC\Dragon_Tower\Assets\Resources\Audio\진화.mp3","7F752ACC16D678F72F822CE0522113F5480E4EE56435A836D3EDF04797C6302D"
"C:\Users\PC\Dragon_Tower\Assets\Resources\Audio\진화.mp3.meta","0D1D21E5B1B97F6D37E5D0E4A7C1F57C158A0ABA1522138F0E88C360E535BB83"
"C:\Users\PC\Dragon_Tower\Assets\Resources\Audio\크라켄 수호자.mp3","A81633EF103A0FD0DBB1C614B3473DA5575F52AD8D7CCB565047993F65D785F3"
"C:\Users\PC\Dragon_Tower\Assets\Resources\Audio\크라켄 수호자.mp3.meta","65890C6800BB17DE4A1D10E82F36455184FCA3A1FF9A90C46FCE3F507E6BA86A"
"C:\Users\PC\Dragon_Tower\Assets\Resources\Audio\Skill.meta","EF72BDD39EBDAEDA97CCFCB60B9F5A8F42A63455B0F4FA24C4A3495F324A0CDB"
"C:\Users\PC\Dragon_Tower\Assets\Resources\Audio\UI클릭.mp3","A0B8DD00D4F3D0F06C223AA4762F756427FCA3BC6A78E801F153DE2BA788CDA3"
"C:\Users\PC\Dragon_Tower\Assets\Resources\Audio\UI클릭.mp3.meta","EE8E4A9E12B27BF75CEB365CF139A2DDF1F13D9929F4E096C7F5AF9EBC845ED4"
"C:\Users\PC\Dragon_Tower\Assets\Resources\Audio\Skill\고드름침.mp3","D168C23B73BF7416CA7C48FFB04F34973A785768A428449CED6A8FD9FF5E2800"
"C:\Users\PC\Dragon_Tower\Assets\Resources\Audio\Skill\고드름침.mp3.meta","76E06402D89A8F79294EF75A984E0EC7737532DA6C2AE24F6DD6E3D64D8FD73A"
"C:\Users\PC\Dragon_Tower\Assets\Resources\Audio\Skill\낙화.mp3","034C62F28FC94FDE1C62D2C64B03CA05256B76531C0DAAE843D427B96EC1576F"
"C:\Users\PC\Dragon_Tower\Assets\Resources\Audio\Skill\낙화.mp3.meta","75813B82780EE716EC9DB003BA00B2E49AA0995D8A4530DA96DF7E7D261FB1F8"
"C:\Users\PC\Dragon_Tower\Assets\Resources\Audio\Skill\뇌격.mp3","6C1DA278FE47F90A66BD1743C5D61B9AC9AAA9881587B0F7CFB2D4A7B5AC7FB4"
"C:\Users\PC\Dragon_Tower\Assets\Resources\Audio\Skill\뇌격.mp3.meta","6DD33867C00012E9F141285D3FD978C3D30542B643FC67CE54C7BC8CD4953EAE"
"C:\Users\PC\Dragon_Tower\Assets\Resources\Audio\Skill\달의연격.mp3","9A8A87EE764DFA1E31B73A72DA94639C952B3DBD3275D6BB41C3E80B782E098C"
"C:\Users\PC\Dragon_Tower\Assets\Resources\Audio\Skill\달의연격.mp3.meta","32570FF2EE6415DB25CA1F2EF71A0E68CEF40808EE4E4B6ACDE505BC61A37291"
"C:\Users\PC\Dragon_Tower\Assets\Resources\Audio\Skill\메테오.mp3","6EDD5DCF249DF943C8EA135B356417209484241D6C4C0645F100D6B8A25D32F4"
"C:\Users\PC\Dragon_Tower\Assets\Resources\Audio\Skill\메테오.mp3.meta","78FAEA46D4F0068E7392ACB5CFFCEFC3B52EF993120A1A25D58B3BCB9AB946BE"
"C:\Users\PC\Dragon_Tower\Assets\Resources\Audio\Skill\모래폭풍.mp3","9A8A87EE764DFA1E31B73A72DA94639C952B3DBD3275D6BB41C3E80B782E098C"
"C:\Users\PC\Dragon_Tower\Assets\Resources\Audio\Skill\모래폭풍.mp3.meta","5EF4D053957B086D724A83F733DD8DC91A173FC18DEEB6E8B60C42FBC8D0810C"
"C:\Users\PC\Dragon_Tower\Assets\Resources\Audio\Skill\버블 샷.mp3","F5EC0B3EBA883A6E3956D249C19BC2306E105AD33FB1BE02F4E8B1BF1DD25558"
"C:\Users\PC\Dragon_Tower\Assets\Resources\Audio\Skill\버블 샷.mp3.meta","A03244A165258149FA5C724387E9A89FA6E4C74A1001AAA2D56C848F5F371CBE"
"C:\Users\PC\Dragon_Tower\Assets\Resources\Audio\Skill\번개구체.mp3","9850B6B6658CF2B268F78DB847737102213A9B2E6CF7E89900C3F10840D9E8CD"
"C:\Users\PC\Dragon_Tower\Assets\Resources\Audio\Skill\번개구체.mp3.meta","2425B353178A72120BA0D17605BC2884454B1FD84EE2AE6D5ACB6EF303CFDD15"
"C:\Users\PC\Dragon_Tower\Assets\Resources\Audio\Skill\빅뱅.mp3","9A8A87EE764DFA1E31B73A72DA94639C952B3DBD3275D6BB41C3E80B782E098C"
"C:\Users\PC\Dragon_Tower\Assets\Resources\Audio\Skill\빅뱅.mp3.meta","6A12042BA02D21F104B2CE795A03495A761B393AF9ECD600622F1A1CE91F519B"
"C:\Users\PC\Dragon_Tower\Assets\Resources\Audio\Skill\빛기둥.mp3","FFE9B23189AF45EADDADC6029B029C2E85739FED659B9B1C909E46592294C891"
"C:\Users\PC\Dragon_Tower\Assets\Resources\Audio\Skill\빛기둥.mp3.meta","7679888E4FFB59F10DBC76FFD8DF876A22048ED5FC76B0B66FDA173C253563ED"
"C:\Users\PC\Dragon_Tower\Assets\Resources\Audio\Skill\섬광 폭발.mp3","797C65F7FB3B29B3CA087B36E12A839CF91456BE675E223BD5DA01220F6B07CE"
"C:\Users\PC\Dragon_Tower\Assets\Resources\Audio\Skill\섬광 폭발.mp3.meta","250F235A6EDB0CB69CB8B3A575564B8B5DA6F351B7F43CD9C7466836C505971F"
"C:\Users\PC\Dragon_Tower\Assets\Resources\Audio\Skill\쇼크웨이브.mp3","EB452C042A4F672F5352D3C095B8AA210F0ECCC04EC3BF71A4BA484E45A562F6"
"C:\Users\PC\Dragon_Tower\Assets\Resources\Audio\Skill\쇼크웨이브.mp3.meta","DBC0C2BF6945136BFD26095EFE237D81CC687F21895B2C52BC403AB8AEACDD3D"
"C:\Users\PC\Dragon_Tower\Assets\Resources\Audio\Skill\스플래쉬.mp3","02AB5C0879FE6ED60EE4B458BC500341EF1E385CD311BD86C00DE165B94C1DC6"
"C:\Users\PC\Dragon_Tower\Assets\Resources\Audio\Skill\스플래쉬.mp3.meta","BD8C5DD6B4241B0573B701311DC3D2E0C729A264EB704A3C8953790B512309D2"
"C:\Users\PC\Dragon_Tower\Assets\Resources\Audio\Skill\신성 폭발.mp3","797C65F7FB3B29B3CA087B36E12A839CF91456BE675E223BD5DA01220F6B07CE"
"C:\Users\PC\Dragon_Tower\Assets\Resources\Audio\Skill\신성 폭발.mp3.meta","5C7BBA27AD1003BACFBB076D035317604E1E78CA390D1589683FC9172AD5D4BF"
"C:\Users\PC\Dragon_Tower\Assets\Resources\Audio\Skill\아포칼립스.mp3","92BB50E0E66628BE4BE999DF2533D971DDB34657007FC548A15DD7672755104E"
"C:\Users\PC\Dragon_Tower\Assets\Resources\Audio\Skill\아포칼립스.mp3.meta","24CBAF9C7CD036BC0177082DBF6EAF6595A0F04E7BA9248660F0011FF5395F5D"
"C:\Users\PC\Dragon_Tower\Assets\Resources\Audio\Skill\어둠 일격.mp3","9101017EE2A194B8E9670AAAC1BCFCA71F71C5A9F54615742ABA1D63E5D2F984"
"C:\Users\PC\Dragon_Tower\Assets\Resources\Audio\Skill\어둠 일격.mp3.meta","056307E3485C180B453732A74F10195CA132A47FCBE1803E7781290298C89325"
"C:\Users\PC\Dragon_Tower\Assets\Resources\Audio\Skill\어스퀘이크.mp3","02AB5C0879FE6ED60EE4B458BC500341EF1E385CD311BD86C00DE165B94C1DC6"
"C:\Users\PC\Dragon_Tower\Assets\Resources\Audio\Skill\어스퀘이크.mp3.meta","B43CA824F00BB56CCB0CDAE36B4E1FAB061AB9E45BD1BF8290451C0ADE73F749"
"C:\Users\PC\Dragon_Tower\Assets\Resources\Audio\Skill\얼음 강타.mp3","02AB5C0879FE6ED60EE4B458BC500341EF1E385CD311BD86C00DE165B94C1DC6"
"C:\Users\PC\Dragon_Tower\Assets\Resources\Audio\Skill\얼음 강타.mp3.meta","7DAFD4501B1413EB74860194D380E2971A509ECA30F72F1D99BA75BF1EB57403"
"C:\Users\PC\Dragon_Tower\Assets\Resources\Audio\Skill\얼음 베기.mp3","2E4742E14585772E8F0C2EA0834150DF95F0C973F97B540A88370E109B0135E5"
"C:\Users\PC\Dragon_Tower\Assets\Resources\Audio\Skill\얼음 베기.mp3.meta","5527104CBFC59BD0B50A5FEBCE55F7B61B65B2F975C16D0C34C88A867C70C9ED"
"C:\Users\PC\Dragon_Tower\Assets\Resources\Audio\Skill\연옥.mp3","6C2276D85D79CB9EE0F14F156BA791D7DA47C91468827FDC0E84734EBBCD6A01"
"C:\Users\PC\Dragon_Tower\Assets\Resources\Audio\Skill\연옥.mp3.meta","BAC257738054CCF2CC9F561681A1C234E9302E208B0F01C6CD28950327885626"
"C:\Users\PC\Dragon_Tower\Assets\Resources\Audio\Skill\우주 균열.mp3","CA59D29436F5B29E2495C54329479F1F8744348A1A16A4F9F67BA08A0AF2F6BC"
"C:\Users\PC\Dragon_Tower\Assets\Resources\Audio\Skill\우주 균열.mp3.meta","BD308C519C752E4BCA4D567BAC87219E0E8A2D60D5515C7F39D730804DF80BBB"
"C:\Users\PC\Dragon_Tower\Assets\Resources\Audio\Skill\저격.mp3","2882A2877BB38E6C3C110B1A3E2E04B699B2F31A683C2C57B5FC7FD755898EB5"
"C:\Users\PC\Dragon_Tower\Assets\Resources\Audio\Skill\저격.mp3.meta","8A2C11C37728FE7997A7D92BB473B4C7C5B774B12D9E9B447E0D573D16F924A5"
"C:\Users\PC\Dragon_Tower\Assets\Resources\Audio\Skill\전격.mp3","6C1DA278FE47F90A66BD1743C5D61B9AC9AAA9881587B0F7CFB2D4A7B5AC7FB4"
"C:\Users\PC\Dragon_Tower\Assets\Resources\Audio\Skill\전격.mp3.meta","AB62ABF349C381E9068611E47BE4FACFD66A47939D929CB080DAFC77AB5898B5"
"C:\Users\PC\Dragon_Tower\Assets\Resources\Audio\Skill\전기 쇼크.mp3","8CEB8C70AA6A7A0B3631747158B3FF7BDE7FDF475459D45ED0B512DB4236EF6D"
"C:\Users\PC\Dragon_Tower\Assets\Resources\Audio\Skill\전기 쇼크.mp3.meta","439FED6952B8FB95F052B7C620A2CE849F31835F2D3B4AB61FB56688ED91163E"
"C:\Users\PC\Dragon_Tower\Assets\Resources\Audio\Skill\질풍 강타.mp3","4F35403FE817EC4BF84BA847722B8E44D15585D807841776FD224B6309EF0B38"
"C:\Users\PC\Dragon_Tower\Assets\Resources\Audio\Skill\질풍 강타.mp3.meta","A3B1FDA0EFC846405AF315CB9D335A3F4272888BA7691C0F59ACFCB68B00003D"
"C:\Users\PC\Dragon_Tower\Assets\Resources\Audio\Skill\질풍참.mp3","B7099E5497E94ED9B5CAC231D61370234C422E1D41A12EC3D94E96A95A800CE1"
"C:\Users\PC\Dragon_Tower\Assets\Resources\Audio\Skill\질풍참.mp3.meta","9B3A1FE95593F3D83003523D639818046554F2FF3AD7799352A352CC1AD67BBF"
"C:\Users\PC\Dragon_Tower\Assets\Resources\Audio\Skill\짱돌스매쉬.mp3","03827CF53DDB538207E66AA5C5C0B0932B3C55A8652F4760019E4E25A02EFA94"
"C:\Users\PC\Dragon_Tower\Assets\Resources\Audio\Skill\짱돌스매쉬.mp3.meta","9FFFC251634152312B14B916E8DBE7D45D3715D3F49FE802768CCBB8858D950F"
"C:\Users\PC\Dragon_Tower\Assets\Resources\Audio\Skill\파워휩.mp3","0985252298848FF97F43CEBE6F568DCD4EB8D6FF4EE498796660D92DF6358F15"
"C:\Users\PC\Dragon_Tower\Assets\Resources\Audio\Skill\파워휩.mp3.meta","CA1FB98365FDE00AD0F7AE51801B73FB7F8E799BB93B3BD0E2E1CC40471A79FC"
"C:\Users\PC\Dragon_Tower\Assets\Resources\Audio\Skill\폭풍참.mp3","9A8A87EE764DFA1E31B73A72DA94639C952B3DBD3275D6BB41C3E80B782E098C"
"C:\Users\PC\Dragon_Tower\Assets\Resources\Audio\Skill\폭풍참.mp3.meta","E3B5EB7BEC15D11862BB2D0D0744C3F8096EBDB454AE185212FC4D8FDBF6E461"
"C:\Users\PC\Dragon_Tower\Assets\Resources\Audio\Skill\피해망상.mp3","E2E60C4C5428A8563B993067CF517E22A37FE63934D025E7509AA25DA1A7F4B7"
"C:\Users\PC\Dragon_Tower\Assets\Resources\Audio\Skill\피해망상.mp3.meta","9BA839E2D655904A58F7130B407718E6DF39770E940BA07CCC532E62F731A040"
"C:\Users\PC\Dragon_Tower\Assets\Resources\Audio\Skill\화염 샷.mp3","6EDD5DCF249DF943C8EA135B356417209484241D6C4C0645F100D6B8A25D32F4"
"C:\Users\PC\Dragon_Tower\Assets\Resources\Audio\Skill\화염 샷.mp3.meta","1C4F548CBB908B5665B3F7ACDE03506FEA9D3207E33C0F87773FB924E72DD299"
"C:\Users\PC\Dragon_Tower\Assets\Resources\Audio\Skill\화염 폭발.mp3","2A9DCABAD3C1AF2DDEF7BE482F722CDF4F450540C73F3908DF9962491B3DC459"
"C:\Users\PC\Dragon_Tower\Assets\Resources\Audio\Skill\화염 폭발.mp3.meta","78F458A69C9253BBB5890C65C034EBF70226DAE61F62FD01889FCCDE6BBCF48B"
"C:\Users\PC\Dragon_Tower\Assets\Resources\Fonts\Jua-Regular.ttf","769677AEF240BFC3B9965F2B50748075BFF885E6C6992FC591A3FB268279F898"
"C:\Users\PC\Dragon_Tower\Assets\Resources\Fonts\Jua-Regular.ttf.meta","298C146A1F66776606544DAEE58A15B804C4FB28D4F7DF374570B3DBD9E0A0B6"
"C:\Users\PC\Dragon_Tower\Assets\Resources\Fonts\OFL.txt","44A7C6E4C5572392AE122D3B1D8C6BA6FD640A7797E675384585D947F2773E3C"
"C:\Users\PC\Dragon_Tower\Assets\Resources\Fonts\OFL.txt.meta","69BC9AC61933FB4214A5CF56B6AAB9DA5A7B18A5FAA88E06C8C84EF0A503FF9A"
"C:\Users\PC\Dragon_Tower\Assets\Resources\HudThemes\Dark.asset","B7860F89C46699E9AB2F3B4821687F682E3318ECE965C89E7F4170FA847A157B"
"C:\Users\PC\Dragon_Tower\Assets\Resources\HudThemes\Dark.asset.meta","425CB32A52EF29ED973C754C832AC65C25112E34C0DEB7A8F4236B2D3B0C3D48"
"C:\Users\PC\Dragon_Tower\Assets\Resources\HudThemes\Earth.asset","1FC3831B1D641775755097C4DAAAC0CD7EF2385A554D0550840FBA92792E4A9F"
"C:\Users\PC\Dragon_Tower\Assets\Resources\HudThemes\Earth.asset.meta","140831B5EE18E1CB3E5E3145AF9553EAE2D6F769EA93A7538A5BAFE9D6F640C7"
"C:\Users\PC\Dragon_Tower\Assets\Resources\HudThemes\Fire.asset","FC9CD89243E05A55B57AC29EB4601D1A8726CAC847CE6DA497944C637A3A33C2"
"C:\Users\PC\Dragon_Tower\Assets\Resources\HudThemes\Fire.asset.meta","DCAA9AF613117B67D008C709F657C04C9306D7D807313B638EC3138012F7A6A0"
"C:\Users\PC\Dragon_Tower\Assets\Resources\HudThemes\Ice.asset","359995A5F6918BD54E6FC1416BCBCD2748ABEDFFABE0DC5F2FE2D675533627CA"
"C:\Users\PC\Dragon_Tower\Assets\Resources\HudThemes\Ice.asset.meta","9C99100A4760A21875D2C8C0003822F5A8D87437DAAB58F2EB4905D1832F18F4"
"C:\Users\PC\Dragon_Tower\Assets\Resources\HudThemes\Light.asset","291AAF2962F5570035F3BCC22E35891C656A77F4A0CADADD2EAD4B9DAA007459"
"C:\Users\PC\Dragon_Tower\Assets\Resources\HudThemes\Light.asset.meta","729DD929C15F4384A2155385049FA72C5900BA91A6C5ECC481AAB44A7DFEB61E"
"C:\Users\PC\Dragon_Tower\Assets\Resources\HudThemes\Lightning.asset","43CFE3AE6EA04900B48BAF187037D22F6CC38D03BFFB16D4043E56DB47B124B7"
"C:\Users\PC\Dragon_Tower\Assets\Resources\HudThemes\Lightning.asset.meta","2BF90F4C133728332724B7CB25587FF01D7DAE74A1D7B644C7A8C91C944CC91F"
"C:\Users\PC\Dragon_Tower\Assets\Resources\HudThemes\Neutral.asset","5F8B3FA9F3F4B10F635CF2EED86E3DC2CEAA71EB2F1D4DE4719F8EB20A3E7B84"
"C:\Users\PC\Dragon_Tower\Assets\Resources\HudThemes\Neutral.asset.meta","8BD66FE390E6CB8BA2B4D7C59729FBA9E3C0E0E52813AC01F7BBDD7784527A16"
"C:\Users\PC\Dragon_Tower\Assets\Resources\HudThemes\Water.asset","BC1FB4D73CEAC6B4818083BACE4BADD1D80CBBD934A9CD764B0B76DEE6B66A95"
"C:\Users\PC\Dragon_Tower\Assets\Resources\HudThemes\Water.asset.meta","A149CF05A1BD0E051AEC609C51EEB6784462F502CF0EDCEB3A3F8C9E1C06EA0F"
"C:\Users\PC\Dragon_Tower\Assets\Resources\HudThemes\Wind.asset","98C2F3C88D1756186FC26CD7495D53A07A8AB1823F902B527C8B684806C41568"
"C:\Users\PC\Dragon_Tower\Assets\Resources\HudThemes\Wind.asset.meta","79EF980448AA63CC3B6FE35AA2CB7B8DE803C98178BA0076CA1DEE1E7AD098FD"
"C:\Users\PC\Dragon_Tower\Assets\Resources\UI\bond-tower-logo.png","5A726CA614941C0700353378D0B809D351E74F9FDA9DE23FE9599A532BDC0D3C"
"C:\Users\PC\Dragon_Tower\Assets\Resources\UI\bond-tower-logo.png.meta","38B6E685A2F91578152C45174F85767FFA1062FA0FE124EAF2E681DF03154993"
"C:\Users\PC\Dragon_Tower\Assets\Resources\UI\bond-tower-world-map.png","2BE2573311180B2E3BD8C1AAA3BD39B02AD0341E5CF0E8E1A4949BF5664614A8"
"C:\Users\PC\Dragon_Tower\Assets\Resources\UI\bond-tower-world-map.png.meta","B713658710BBB50822F926730837EF96D3E961A1387F2900B0A163CA27D40D49"
"C:\Users\PC\Dragon_Tower\Assets\Resources\UI\dragon-nest-lobby.png","214517EF1687845FE7BAA041961BE3A82B808CB93AAF90F6BA16F29107ED1F77"
"C:\Users\PC\Dragon_Tower\Assets\Resources\UI\dragon-nest-lobby.png.meta","C5D65EA2CCC23A37DAB592064EE8064667C2B280EC51C835A45B7E318D8964D0"
"C:\Users\PC\Dragon_Tower\Assets\Resources\UI\element-symbols.png","67A318BCA23F9F50F5B9C80C016EB9274D794C658615065BAAB21224825E27F7"
"C:\Users\PC\Dragon_Tower\Assets\Resources\UI\element-symbols.png.meta","8AABBE60580C660CF6FC817815D9CDA45CA5A427756196335A3E23FAC4C121CF"
"C:\Users\PC\Dragon_Tower\Assets\Resources\UI\reward-icons.png","86051F2418BBFE6C4A35AB904CC0A5C3401DF65DF85020D82D7CB9470EFF0658"
"C:\Users\PC\Dragon_Tower\Assets\Resources\UI\reward-icons.png.meta","C49377C12DA644ED46DF2EDCCFF7610B1BB9CF203CA25E8A70B631013A0C4DFE"
"C:\Users\PC\Dragon_Tower\Assets\Resources\VFX\Dantian.png","B5496D9A85F75F4A3F5EEB66AD5495EF95E19E7BE0B41ED676E172048AB3105C"
"C:\Users\PC\Dragon_Tower\Assets\Resources\VFX\Dantian.png.meta","D5E00B9F73B6A0CB1030F2751D5BA4B913E5F7C3650282D51D3A77BB33BD4E4C"
"C:\Users\PC\Dragon_Tower\Assets\Resources\VFX\DantianSplit.shader","1F49453AE73DC3E0AD6EF6E33022E6C28A3958E0C499EEDCC6B02A0F2B7DBD73"
"C:\Users\PC\Dragon_Tower\Assets\Resources\VFX\DantianSplit.shader.meta","15497661BACA044B1780D69BCF0B48B1565594DAA172CFE94D500D2EBE4CCB31"
"C:\Users\PC\Dragon_Tower\Assets\Resources\VFX\GaleImpactSilhouette.shader","0CA2D7B3AA87787F99901625D4690B3F6259DEB9C822E4B598185EA7085BAFBC"
"C:\Users\PC\Dragon_Tower\Assets\Resources\VFX\GaleImpactSilhouette.shader.meta","E0884BD2B9105E2CCC95FF499A5BDE573767F5D742C9EB50579B37A24C14B246"
"C:\Users\PC\Dragon_Tower\Assets\Resources\VFX\GaleSlashArc.png","57481B05B2297DB78B99AB133C89DFBBE62D90B5B0B9A8FA5C63936F80C57E19"
"C:\Users\PC\Dragon_Tower\Assets\Resources\VFX\GaleSlashArc.png.meta","2AE66D721FB587AA81DA2C6337E8AA777C02284CB4878A1FF51E1ED5E2CD3456"
"C:\Users\PC\Dragon_Tower\Assets\Resources\VFX\GaleSlashImpact.png","371735361D4F52F6DF4ACDCB71DE8789DA908C1E3E0DDA5FAB18AE5906C34285"
"C:\Users\PC\Dragon_Tower\Assets\Resources\VFX\GaleSlashImpact.png.meta","3C6D95D2963AE8C4C0B30D5F178AF74C96ED3A2CBF3024FB146F1FB803232680"
"C:\Users\PC\Dragon_Tower\Assets\Resources\VFX\GaleSlashShockwave.png","5C24CCD86793C8D6F18772134D875091DF2062BDDC0FC2A5AA83C836BDFABCA6"
"C:\Users\PC\Dragon_Tower\Assets\Resources\VFX\GaleSlashShockwave.png.meta","DD61202CB87C9E685232F2ED6933B498EBA99B9115FFE9BC50C2CF4560D0DA76"
"C:\Users\PC\Dragon_Tower\Assets\Resources\VFX\GaleStrike.asset","C22FF1B0AE344260DEAD35EC134AE0BF076BE463838A67CC9BF450909AE5CCF0"
"C:\Users\PC\Dragon_Tower\Assets\Resources\VFX\GaleStrike.asset.meta","03A2F3B1FD9139666F0F58EC13F38371835CA614824FFDB1CB93E8CC10011774"
"C:\Users\PC\Dragon_Tower\Assets\Resources\VFX\WindBlade.png","3EB777C696FB05BEE5CF352821300AFF07FDE3F9055128CBB9688332E73855D7"
"C:\Users\PC\Dragon_Tower\Assets\Resources\VFX\WindBlade.png.meta","116024A1E1567B846FD08D5170B153F6CA50110C3C4B6CE2CFAB113B920403E6"
"C:\Users\PC\Dragon_Tower\Assets\Resources\VFX\WindClaw.png","2E852CDAE6FA53245E20D408C5866CB85B306663DD4FBF8E85473E41CFAA8CA4"
"C:\Users\PC\Dragon_Tower\Assets\Resources\VFX\WindClaw.png.meta","765BDE4C5A322C961E12287F0DE194E5C157436E56539CB9322E879F57BC9958"
"C:\Users\PC\Dragon_Tower\Assets\Resources\VFX\WindClawHierarchy.png","DB478E9ECDE1DA1729A9F4BE3E22F371F6E17EF95C8A33EFE883F776BB26D662"
"C:\Users\PC\Dragon_Tower\Assets\Resources\VFX\WindClawHierarchy.png.meta","AD99313D14C1A551CA3AD8A9A92783D2B6F75DB53DDE360EE2868987828DA4FF"
"C:\Users\PC\Dragon_Tower\Assets\Resources\VFX\WindClawHighlight.shader","3835C66E72474A3651C8E2C2705125EBBC94D45D82E61DCB5A3D129099A11383"
"C:\Users\PC\Dragon_Tower\Assets\Resources\VFX\WindClawHighlight.shader.meta","2904A1BA636A5060BED3CB04A67BEECEA777D88BFAE96C7B0A20EED1511F3400"
"C:\Users\PC\Dragon_Tower\Assets\Resources\VFX\WindClawLayered.png","62519D12A2439E2D8A88F831F348E8E938897D9FEA95BAF3157EBCA14688B351"
"C:\Users\PC\Dragon_Tower\Assets\Resources\VFX\WindClawLayered.png.meta","ABC6B58447066A63F33C2A4234DF3F686D8F680E101BB134472178127CBA76F5"
"C:\Users\PC\Dragon_Tower\Assets\Resources\VFX\WindClawSharp.png","26752B13B7CDA787D64D9747DCB8EDF74EB4D31345FB6A6DEF1BEE9D36F5E1C2"
"C:\Users\PC\Dragon_Tower\Assets\Resources\VFX\WindClawSharp.png.meta","F7E6293383EE60C6B93ABB55293BA5440E1630CA5379E129E0856C782EC28115"
"C:\Users\PC\Dragon_Tower\Assets\Resources\VFX\WindModules.png","1C237BBBC90C9384331FCACF0B39FC1400927270BA48EDEC3FB5A1722F47B58A"
"C:\Users\PC\Dragon_Tower\Assets\Resources\VFX\WindModules.png.meta","9EE13E37D65558FE7A01614A0D1C7F9E23B51428E2011136EE73282BEF956B1C"
"C:\Users\PC\Dragon_Tower\Assets\Resources\VFX\WindRemaster.png","206231AA543BDC69923814772959A8FF8E68049D22593C7139F8322EAB0AF3BC"
"C:\Users\PC\Dragon_Tower\Assets\Resources\VFX\WindRemaster.png.meta","BD697F956C8157F58C9DBB2152256B304F4CCF4D4F78611C9EFA24CBC5242525"
"C:\Users\PC\Dragon_Tower\Assets\Scenes\Battle.unity","658D1DC0BBB89608FCFC78084B441ABACCD4B6ACEA1D447614D90661B71CCFB8"
"C:\Users\PC\Dragon_Tower\Assets\Scenes\Battle.unity.meta","5BBA31CBF1590D9DE9AB45F3EDCCF5B6C5F45DFE407047F2B4E59213E4FCA8E1"
"C:\Users\PC\Dragon_Tower\Assets\Scenes\Lobby.unity","40ED05E3D001D465CDF439A2B64C7B8082A1288FB0AC2819D432BCAF2F9826A5"
"C:\Users\PC\Dragon_Tower\Assets\Scenes\Lobby.unity.meta","E069F6C149E3185EDC151C44BED00B49824CE9F6D7EDFEDBBE7A00572B083E1E"
"C:\Users\PC\Dragon_Tower\Assets\Scripts\AugmentData.cs","DA6BB68DA26255FB527FF1D0A93FCC8C19DB345CFCCE3AEEA4B07D51FBB67659"
"C:\Users\PC\Dragon_Tower\Assets\Scripts\AugmentData.cs.meta","6976A035425AD3E055DD8D193BE2BD75CEC543A3DB580B64A229CF2A080EB921"
"C:\Users\PC\Dragon_Tower\Assets\Scripts\BattleAnimation.cs.meta","4D4BD19DC2430B7FEC43B49938017384502DE6807CBD8F95DC7FAF6E14F95427"
"C:\Users\PC\Dragon_Tower\Assets\Scripts\BattleAssetVfx.cs","372616843AF91B1DCC929FBB6B23710A654E61803520B506D460FDBA069900BA"
"C:\Users\PC\Dragon_Tower\Assets\Scripts\BattleAssetVfx.cs.meta","86EB95288C9537AA4F0E17726068445170849959BC13C513E80A777C5EB2C7DE"
"C:\Users\PC\Dragon_Tower\Assets\Scripts\BattleController.cs.meta","A7D5491886A796B514C7A686CFA73EB463836159C68BD464CE2806B7926001A4"
"C:\Users\PC\Dragon_Tower\Assets\Scripts\BattleGestureSurface.cs","23BE750081B231F77F55D1189D8B29B22794D9F2678C2303C444A0EA154E7B8C"
"C:\Users\PC\Dragon_Tower\Assets\Scripts\BattleGestureSurface.cs.meta","88CE331B58D71F77B235ECFF0F6AE3D04A2DA11B0A986563B8AB2AE4D0D7597E"
"C:\Users\PC\Dragon_Tower\Assets\Scripts\BattleModel.AreaMechanics.cs","FE55A1329C1DE82B8F4E2D810E5DB3B129F6D863D531FCCD7889D63D8F648C2E"
"C:\Users\PC\Dragon_Tower\Assets\Scripts\BattleModel.AreaMechanics.cs.meta","AD8CE908ABD369E2AC4B9105522FF86F8CA8491FE2AAF32ACD02107FCC86D74C"
"C:\Users\PC\Dragon_Tower\Assets\Scripts\BattleModel.cs","1D739F1167D02A9AE04F9D27464558098BABDDACB9280ACF2748181D34B132E2"
"C:\Users\PC\Dragon_Tower\Assets\Scripts\BattleModel.cs.meta","41159F73E6E9BFF949E0B542CB13C9CA79D1D18CF2735D710C7BDE9B9974EEFA"
"C:\Users\PC\Dragon_Tower\Assets\Scripts\BattleSkin.cs","2FCADBE658FEC77600D6FF20115A5F0A6BDD65F745327C2888F2570790CA2036"
"C:\Users\PC\Dragon_Tower\Assets\Scripts\BattleSkin.cs.meta","3FC09BC61D994E3315B5B81A1A4293422B30760420884EE8D78FC512A574C06D"
"C:\Users\PC\Dragon_Tower\Assets\Scripts\BattleStatusHud.cs","15A85B9B9252B22426D45A23235146FB23662B19E01F3DE4B46A77AE4D0A2B42"
"C:\Users\PC\Dragon_Tower\Assets\Scripts\BattleStatusHud.cs.meta","29B1BEEA964AD0CD583355858EDE6E01F1AE76EC45D84909DEE03B519FA94F7A"
"C:\Users\PC\Dragon_Tower\Assets\Scripts\BattleView.Controls.cs","4FD97353410D324FD872E61BBFB7987D19A85CC7EA7A33A690FA2968C7E14F98"
"C:\Users\PC\Dragon_Tower\Assets\Scripts\BattleView.Controls.cs.meta","6F7EDD0B1566A890FDAEA6C466538BEFDA001D13658028FEAABCAF21025BD1D6"
"C:\Users\PC\Dragon_Tower\Assets\Scripts\BattleView.cs.meta","AEB02EA57FEC6679B31FEDCC1673E46FFAFE949044FE1A56D9801131ED09BF3B"
"C:\Users\PC\Dragon_Tower\Assets\Scripts\BattleView.ElementTheme.cs","D588B94EE8392D4683F486FB18A1F0365545AE7DFCFCE6C8B5707A02A6508C0A"
"C:\Users\PC\Dragon_Tower\Assets\Scripts\BattleView.ElementTheme.cs.meta","EC7A940D2A5C512CA1ECDC1442C33C1F6D27F8E183565170E8B129F5D97DA07D"
"C:\Users\PC\Dragon_Tower\Assets\Scripts\BattleView.FantasyHud.cs","7A52A5B2BDB9BE5376F7A3485C84A24F5FE5860EE6CE991457388B1AE559FD96"
"C:\Users\PC\Dragon_Tower\Assets\Scripts\BattleView.FantasyHud.cs.meta","D532E136ECE72154375742C38888908C40846CB9B62C4ED3AE51CCE7192E8D9D"
"C:\Users\PC\Dragon_Tower\Assets\Scripts\BattleView.OverlaySlots.cs","6B90E8C1314F35536FB9EE01AC8446FE6BF42EB5DAC7285F62012CF0E5D9C4C9"
"C:\Users\PC\Dragon_Tower\Assets\Scripts\BattleView.OverlaySlots.cs.meta","3C7E94A7A99A6826D75281BD7D20319C523BE10E5630E18B141AC82674C169BA"
"C:\Users\PC\Dragon_Tower\Assets\Scripts\BattleView.ReferenceHud.cs","2159F5FA114516BCFB4B397F909B984B32A565BACB051A39975FBE2C5CE5FD52"
"C:\Users\PC\Dragon_Tower\Assets\Scripts\BattleView.ReferenceHud.cs.meta","C9A30B741CE23DF32FC44877E6010F55B328CEA1B5F238434B0ED3FEB3A5DCBC"
"C:\Users\PC\Dragon_Tower\Assets\Scripts\CollectionFlow.cs.meta","8540C79E2572E847BD23A4F1546837A42EAABAC64CECF308D225110BBEE6B283"
"C:\Users\PC\Dragon_Tower\Assets\Scripts\ContentData.cs","C02DD0B327C59AD002A1F9761C0395D1AC2FBFB4EB0A6B7A28F4324F1B00EE64"
"C:\Users\PC\Dragon_Tower\Assets\Scripts\ContentData.cs.meta","D1EEFE623198EFF072AD7570CE1DF54A7D21D75DF15B4A2AD91443B8026D5D38"
"C:\Users\PC\Dragon_Tower\Assets\Scripts\ContentDatabase.cs","651559F413640AF5EF1CDD5820361DAB5265079DC8217EC96973E373E4C78BDD"
"C:\Users\PC\Dragon_Tower\Assets\Scripts\ContentDatabase.cs.meta","3629A03130BA75CC658CE173D818DB8B31A33BE980C38E253F09834BECCA3655"
"C:\Users\PC\Dragon_Tower\Assets\Scripts\DantianFeedback.cs","05813A4DB0860A0242C9377B9417909B8013F851DD9AEA864FCD0E202EE34E09"
"C:\Users\PC\Dragon_Tower\Assets\Scripts\DantianFeedback.cs.meta","55D4012C209F52FA5118E5F642C909658038FF83E5EA86358266342D22E865B3"
"C:\Users\PC\Dragon_Tower\Assets\Scripts\DantianVfx.cs","2D9C8997CE5818C988321E120C56BAD15BD3B072AECE036195FC16EF77AB1261"
"C:\Users\PC\Dragon_Tower\Assets\Scripts\DantianVfx.cs.meta","D5F0887A75048521CCF3F89FE2A823316D43BE3194C5A5735456C6BAB34DA5A3"
"C:\Users\PC\Dragon_Tower\Assets\Scripts\DragonData.cs.meta","02C5DCA52344C2091329AFA6531EB871247B4A5E24359706038ED6C378785A6A"
"C:\Users\PC\Dragon_Tower\Assets\Scripts\DragonGraphic.cs","AAE1D73AD5734CB11A48B1458F1A723362F5DF792E3E3FBAD1003C3D03F1C402"
"C:\Users\PC\Dragon_Tower\Assets\Scripts\DragonGraphic.cs.meta","37F62801657C4644E78AD3A3CC9145408B45DB9982A3E12078AF3C1FAE600533"
"C:\Users\PC\Dragon_Tower\Assets\Scripts\DragonIdleFrames.cs","8D903DF1163B08A33BCF30C8C32CEF6E572DFFBD8F94ED7172F0BC1C993591B6"
"C:\Users\PC\Dragon_Tower\Assets\Scripts\DragonIdleFrames.cs.meta","D5D75531176CF1391919B6C9197D10DE386D87FA67C944D634368FA24704163A"
"C:\Users\PC\Dragon_Tower\Assets\Scripts\DragonTowerAudio.cs","79D1EB01164A5151E24758BF7143ADBC8A4B2B5809540F54B6E353FC921CF967"
"C:\Users\PC\Dragon_Tower\Assets\Scripts\DragonTowerAudio.cs.meta","34A4CD14C040B5B282B5A1E725D7E9140B15E7C4BBA4CE47610E8C77C04DF49D"
"C:\Users\PC\Dragon_Tower\Assets\Scripts\DragonTowerSettings.cs","8A4B45C17271029E7607723BF71BF741B65DF1D82F0F4752B91EC68BC629B5DD"
"C:\Users\PC\Dragon_Tower\Assets\Scripts\DragonTowerSettings.cs.meta","CEC9B1AC385A495F061B877963771E2B93502F4C9146150CB76404B0151DE3B9"
"C:\Users\PC\Dragon_Tower\Assets\Scripts\EggGraphic.cs","C82133B9B42110B45EC4FE991488ED99418346E808D3A3B56DFFB08400BD147F"
"C:\Users\PC\Dragon_Tower\Assets\Scripts\EggGraphic.cs.meta","0AD545740A1F9F9827976CD59DB740D44C3B8A18BD117DCF9CE22CA81BC5ABAF"
"C:\Users\PC\Dragon_Tower\Assets\Scripts\ElementHudTheme.cs","991E56EFEFDF427F3DA25AB977A8D7229C206770E7F768FDB53DCD9567566DB1"
"C:\Users\PC\Dragon_Tower\Assets\Scripts\ElementHudTheme.cs.meta","00FB79602783A0BB0E38623827050F77AD77EC151CF13EED3CCDBB8A854CE13B"
"C:\Users\PC\Dragon_Tower\Assets\Scripts\ElementHudThemes.cs","7229C79BBE1590CB0C498104C91F49A766DB29F4212A36D24BAF2861B4902502"
"C:\Users\PC\Dragon_Tower\Assets\Scripts\ElementHudThemes.cs.meta","E440286D4825E494594933AC5677CD726A85ED4C870A836687D91E1BFB615325"
"C:\Users\PC\Dragon_Tower\Assets\Scripts\ElementIconLibrary.cs","B5696863A80652052B7337CFEB30D9346A24DDFEE55261E4F03CF9B8E5926CDA"
"C:\Users\PC\Dragon_Tower\Assets\Scripts\ElementIconLibrary.cs.meta","54AB78129C16537FBDDE5FF1BB53D203C19D447D0ADDB51D049D22C7E2334A28"
"C:\Users\PC\Dragon_Tower\Assets\Scripts\GaleSlashFeedback.cs","74A7C7F580674851FBF0713EF2767C8AC735C3D176A61182EB41A10E78F0B224"
"C:\Users\PC\Dragon_Tower\Assets\Scripts\GaleSlashFeedback.cs.meta","2B7E044B20AB037EE2D5F24176F1E152F40D6FFEF5CF8C66CFC17DA3B3764104"
"C:\Users\PC\Dragon_Tower\Assets\Scripts\GaleSlashVfx.cs","C64B8EC14E01E9A89FC9FF614821A8A7150BDCEBA7652B908303D57BD01EFD26"
"C:\Users\PC\Dragon_Tower\Assets\Scripts\GaleSlashVfx.cs.meta","F8F392BA29594EE485B46BE7671625278A0BF30CDAD790EAB0B12D425C6E167B"
"C:\Users\PC\Dragon_Tower\Assets\Scripts\GaleStrikeVfx.cs","453E94995032B9519F7B1DE1A9371F7FEE1F755DDE52AE32B9DBCC926E67AEA6"
"C:\Users\PC\Dragon_Tower\Assets\Scripts\GaleStrikeVfx.cs.meta","571D8A3F0550BE8554DDB90E29615D89744B02B22B7EB82A4ADFE3A6A3CC1633"
"C:\Users\PC\Dragon_Tower\Assets\Scripts\ItemData.cs","30DABED0C0B91724CFD45FF19DBD6B2244FDA24DC50FD1965F0D3AAACE2B8A57"
"C:\Users\PC\Dragon_Tower\Assets\Scripts\ItemData.cs.meta","9C62CCCE6FDE3B6A1ADE43B870CC1AF1B5F8129EE7DBC19F555FCD7AED931581"
"C:\Users\PC\Dragon_Tower\Assets\Scripts\MonsterData.cs","E726AF8AA2E7BB274ED73802B6B98156F2856A3CA09387D03EEF3C81BF2577B8"
"C:\Users\PC\Dragon_Tower\Assets\Scripts\MonsterData.cs.meta","3622901DFD6A7D8EF474F6F4A564DAB05875666E9341E28DBD4086C5F576BD7A"
"C:\Users\PC\Dragon_Tower\Assets\Scripts\PixelHudFrame.cs","908C3544F89EB6BD3F7D450E5ED364677E2A829BF1EAA83F195AEA1EE469DA1E"
"C:\Users\PC\Dragon_Tower\Assets\Scripts\PixelHudFrame.cs.meta","4FC63571AC72D8C99226C2A98C9A8ACCA1635C49BEEFB5CACEE3907CF5DF7C04"
"C:\Users\PC\Dragon_Tower\Assets\Scripts\PixelWindEmblem.cs","E001BFAB50B84EB05082A944C3B24A7ABC54A687E0EEB9D45F929C9DE89283AD"
"C:\Users\PC\Dragon_Tower\Assets\Scripts\PixelWindEmblem.cs.meta","D8F958D7927ED74BDB9B73BBA97FAE73451F977D141802DDA887D99705149087"
"C:\Users\PC\Dragon_Tower\Assets\Scripts\PlayerProfile.cs","B4689B8C2A93BB8700505801EE14F0CF6ED3FDF756C149028917E65048729135"
"C:\Users\PC\Dragon_Tower\Assets\Scripts\PlayerProfile.cs.meta","B1D8164D736008E45490F5ECAB7104ED8B66FA0871097F4DC843174BC72204C4"
"C:\Users\PC\Dragon_Tower\Assets\Scripts\SkillData.cs","FC16FE43BCF5E627C92C0256B8DF04810DF8AAC6C062DCB488DEEF4C66871FC5"
"C:\Users\PC\Dragon_Tower\Assets\Scripts\SkillData.cs.meta","2655AD2B17AF78B13750BF3173B448902C1B64BCAFB4DB8D5D9E6DB2EBDB3AC2"
"C:\Users\PC\Dragon_Tower\Assets\Scripts\TowerRun.cs.meta","6F84CE44D48DE470C745465D011940411C6D04B74D0E5BA2A5612EFF2331AA1E"
"C:\Users\PC\Dragon_Tower\Assets\Scripts\WindBladeVfx.cs","16A53E74ECF423EA41131341C7C4202BC96A9065CA20A9DFCFDEAAA3BB670A81"
"C:\Users\PC\Dragon_Tower\Assets\Scripts\WindBladeVfx.cs.meta","EA97E93AAB91F2C17BEC44CF195C949CD4B7836B696957BA7714BEE65803A32C"
"C:\Users\PC\Dragon_Tower\Assets\Scripts\WindClawVfx.cs","A4DC5EE7B4AB686C6146E1893B17DCA87C4A1A27FEC31A6659FBC10C6E0F4F45"
"C:\Users\PC\Dragon_Tower\Assets\Scripts\WindClawVfx.cs.meta","A63C2BBF4787E1AD32485EAE5B2C11426319343B710031FAC30B2036CBF3FF0E"
"C:\Users\PC\Dragon_Tower\Assets\Scripts\WindHitFeedback.cs","4A1E24E667194FD6156D4B45614295D9731B13A0A3E8667A5D9B4B1650D82AF9"
"C:\Users\PC\Dragon_Tower\Assets\Scripts\WindHitFeedback.cs.meta","759406E2253FCDEE772271425E5DE79B91B4AAA6C3C3E4D448D936AD28133FDE"
"C:\Users\PC\Dragon_Tower\Assets\Scripts\WindSkillRecipe.cs","64EB8AFF13B89C208D9A3CA9B45A8BA8A8631013227A446832F0689DF7F08025"
"C:\Users\PC\Dragon_Tower\Assets\Scripts\WindSkillRecipe.cs.meta","55D6C3862F5D1981FBA4CEE060D0102702CB638193E480224B6FCF809B1293AE"
"C:\Users\PC\Dragon_Tower\Assets\Scripts\WindVFXStyle.cs","953B96D4A28CAE138B6D310A5F692E4B73A376C6EC7395B9A5B6EB590E7D1408"
"C:\Users\PC\Dragon_Tower\Assets\Scripts\WindVFXStyle.cs.meta","1AA3CB434362C97A9CDF9D97BEC98F6DF896DDDAEE448B2344CA0BF8B0327343"
"C:\Users\PC\Dragon_Tower\Assets\Scripts\ZephyrWindVfx.cs","6A73E2549849A226A94DDAC34E11263A0168EB32E55A7647E10B65CAC5A43B7F"
"C:\Users\PC\Dragon_Tower\Assets\Scripts\ZephyrWindVfx.cs.meta","2CC98666B01B9D8DC69C32440D5F22B26D2DD6C80B1D9FC627E01D97A48F838C"
"C:\Users\PC\Dragon_Tower\Assets\WebGLTemplates\DragonTower.meta","FAA4761E589DBCC9E466C20670F4193C5B404B53688194722F9668BC9722C605"
"C:\Users\PC\Dragon_Tower\Assets\WebGLTemplates\DragonTower\index.html","E920481FE944EAAE4D03D59176522E042F6326ABC2A74FDA81FA614C89490C27"
"C:\Users\PC\Dragon_Tower\Assets\WebGLTemplates\DragonTower\index.html.meta","742D807430C5AD8439F578E45238BBE60B21D80B268D9FD9607879326DB3B6B9"
